state,state_code,city,city_raw_variants,location_type,active,initial,total,point_count,representative_latitude,representative_longitude,active_share,national_rank_by_total,state_rank_by_total,has_support_group,support_group_name,support_group_url,support_group_match_type,source_name,dataset_last_refresh,retrieved_at
Maryland,MD,Ocean City,Ocean City,city,3586,107,3693,2,38.3365,-75.0849,0.971026,1,1,true,Ocean City Summer Work Travel Committee,http://ocworkforce.com/,exact,SWTDashboard,2026-07-20T19:41:07.883,2026-09-26T15:01:52
Wisconsin,WI,Wisconsin Dells,Wisconsin Dells,resort_area,2960,156,3116,2,43.6508,-89.7665,0.949936,2,1,true,Wisconsin Dells BridgeUSA Community Support Group,http://dellsj1s.com/,exact,SWTDashboard,2026-07-20T19:41:07.883,2026-09-26T15:01:52
Florida,FL,Orlando,Orlando,city,2057,103,2160,7,28.3957,-81.4678,0.952315,3,1,false,,,,SWTDashboard,2026-07-20T19:41:07.883,2026-09-26T15:01:52
Ohio,OH,Sandusky,Sandusky,city,2034,125,2159,2,41.4349,-82.7063,0.942103,4,1,false,,,,SWTDashboard,2026-07-20T19:41:07.883,2026-09-26T15:01:52
South Carolina,SC,Myrtle Beach,Myrtle Beach,city,1998,52,2050,8,33.711,-78.94365,0.974634,5,1,true,Myrtle Beach ISOP,https://www.myrtlebeachj1students.com/,exact,SWTDashboard,2026-07-20T19:41:07.883,2026-09-26T15:01:52
New Jersey,NJ,Wildwood,Wildwood,city,1676,45,1721,2,38.9949,-74.838,0.973852,6,1,false,,,,SWTDashboard,2026-07-20T19:41:07.883,2026-09-26T15:01:52
Illinois,IL,Chicago,Chicago,city,1198,1,1199,30,41.90135,-87.65765,0.999166,7,1,false,,,,SWTDashboard,2026-07-20T19:41:07.883,2026-09-26T15:01:52
Tennessee,TN,Nashville,Nashville,city,1137,1,1138,10,36.1525,-86.78765,0.999121,8,1,false,,,,SWTDashboard,2026-07-20T19:41:07.883,2026-09-26T15:01:52
Virginia,VA,Virginia Beach,Virginia Beach,city,947,95,1042,10,36.8315,-76.08635,0.908829,9,1,false,,,,SWTDashboard,2026-07-20T19:41:07.883,2026-09-26T15:01:52
Delaware,DE,Rehoboth Beach,Rehoboth Beach,city,911,20,931,2,38.7209,-75.076,0.978518,10,1,false,,,,SWTDashboard,2026-07-20T19:41:07.883,2026-09-26T15:01:52
Alaska,AK,Denali National Park,Denali National Park,national_park,835,10,845,2,63.5436,-149.9867,0.988166,11,1,false,,,,SWTDashboard,2026-07-20T19:41:07.883,2026-09-26T15:01:52
Virginia,VA,Williamsburg,Williamsburg,city,746,77,823,4,37.2955,-76.7479,0.90644,12,2,false,,,,SWTDashboard,2026-07-20T19:41:07.883,2026-09-26T15:01:52
Alaska,AK,Anchorage,Anchorage,city,802,16,818,13,61.1661,-149.8866,0.98044,13,2,false,,,,SWTDashboard,2026-07-20T19:41:07.883,2026-09-26T15:01:52
Tennessee,TN,Pigeon Forge,Pigeon Forge,city,689,15,704,2,35.7922,-83.5638,0.978693,14,2,true,SISOP,https://j1sisop.com/,multi_city,SWTDashboard,2026-07-20T19:41:07.883,2026-09-26T15:01:52
Florida,FL,Panama City Beach,Panama City Beach,city,668,24,692,4,30.2556,-85.8621,0.965318,15,2,false,,,,SWTDashboard,2026-07-20T19:41:07.883,2026-09-26T15:01:52
Massachusetts,MA,Nantucket,Nantucket,city,647,13,660,2,41.2725,-70.0932,0.980303,16,1,false,,,,SWTDashboard,2026-07-20T19:41:07.883,2026-09-26T15:01:52
New Jersey,NJ,Atlantic City,Atlantic City,city,596,3,599,2,39.3664,-74.4317,0.994992,17,2,false,,,,SWTDashboard,2026-07-20T19:41:07.883,2026-09-26T15:01:52
Colorado,CO,Estes Park,Estes Park,city,503,75,578,4,40.49695,-105.5417,0.870242,18,1,true,Work Travel Participant Welcome Program,https://www.facebook.com/groups/221395543835879/,exact,SWTDashboard,2026-07-20T19:41:07.883,2026-09-26T15:01:52
Tennessee,TN,Sevierville,Sevierville,city,538,24,562,4,35.8556,-83.50895,0.957295,19,3,true,SISOP,https://j1sisop.com/,multi_city,SWTDashboard,2026-07-20T19:41:07.883,2026-09-26T15:01:52
Virginia,VA,Alexandria,Alexandria,city,557,1,558,15,38.806,-77.0873,0.998208,20,3,false,,,,SWTDashboard,2026-07-20T19:41:07.883,2026-09-26T15:01:52
New York,NY,Lake George,Lake George,city,506,28,534,2,43.4167,-73.6975,0.947566,21,1,true,Lake George Student Connection,https://www.facebook.com/Lake-George-Region-Student-Connection-141708136379510/?fref=ts,exact,SWTDashboard,2026-07-20T19:41:07.883,2026-09-26T15:01:52
Missouri,MO,Branson,Branson,city,501,13,514,2,36.669,-93.2481,0.974708,22,1,true,Brason BridgeUSA,http://www.bransonj1.com/,exact,SWTDashboard,2026-07-20T19:41:07.883,2026-09-26T15:01:52
Pennsylvania,PA,Hershey,Hershey,city,511,1,512,2,40.2638,-76.6545,0.998047,23,1,false,,,,SWTDashboard,2026-07-20T19:41:07.883,2026-09-26T15:01:52
Texas,TX,Galveston,Galveston,city,490,13,503,5,29.2766,-94.8303,0.974155,24,1,false,,,,SWTDashboard,2026-07-20T19:41:07.883,2026-09-26T15:01:52
Alaska,AK,Fairbanks,Fairbanks,city,486,11,497,4,64.8461,-147.78165,0.977867,25,3,false,,,,SWTDashboard,2026-07-20T19:41:07.883,2026-09-26T15:01:52
Wyoming,WY,Yellowstone National Park,Yellowstone National Park,national_park,306,154,460,2,44.7957,-110.6137,0.665217,26,1,false,,,,SWTDashboard,2026-07-20T19:41:07.883,2026-09-26T15:01:52
Virginia,VA,Arlington,Arlington,city,416,36,452,12,38.8713,-77.09185,0.920354,27,4,false,,,,SWTDashboard,2026-07-20T19:41:07.883,2026-09-26T15:01:52
Maine,ME,Old Orchard Beach,Old Orchard Beach,city,443,4,447,2,43.5254,-70.3883,0.991051,28,1,true,Old Orchard Beach ISOP,https://www.oobmaine.com/department/j1-students/,exact,SWTDashboard,2026-07-20T19:41:07.883,2026-09-26T15:01:52
Ohio,OH,Put In Bay,Put In Bay,city,396,37,433,2,41.6514,-82.8226,0.91455,29,2,false,,,,SWTDashboard,2026-07-20T19:41:07.883,2026-09-26T15:01:52
Rhode Island,RI,Newport,Newport,city,421,9,430,2,41.4876,-71.3271,0.97907,30,1,false,,,,SWTDashboard,2026-07-20T19:41:07.883,2026-09-26T15:01:52
Tennessee,TN,Gatlinburg,Gatlinburg,city,406,9,415,2,35.729,-83.4874,0.978313,31,4,true,SISOP,https://j1sisop.com/,multi_city,SWTDashboard,2026-07-20T19:41:07.883,2026-09-26T15:01:52
Massachusetts,MA,Edgartown,Edgartown,city,394,14,408,2,41.3889,-70.5339,0.965686,32,2,false,,,,SWTDashboard,2026-07-20T19:41:07.883,2026-09-26T15:01:52
Massachusetts,MA,Provincetown,Provincetown,city,396,11,407,2,42.0534,-70.1865,0.972973,33,3,false,,,,SWTDashboard,2026-07-20T19:41:07.883,2026-09-26T15:01:52
New Hampshire,NH,Hampton,Hampton,city,399,8,407,2,42.9359,-70.8243,0.980344,33,1,false,,,,SWTDashboard,2026-07-20T19:41:07.883,2026-09-26T15:01:52
Florida,FL,Destin,Destin,city,389,12,401,2,30.3949,-86.4692,0.970075,35,3,false,,,,SWTDashboard,2026-07-20T19:41:07.883,2026-09-26T15:01:52
North Carolina,NC,Corolla,Corolla,city,378,14,392,2,36.3206,-75.8132,0.964286,36,1,false,,,,SWTDashboard,2026-07-20T19:41:07.883,2026-09-26T15:01:52
New York,NY,New York,New York,city,384,6,390,40,40.75005,-73.98675,0.984615,37,2,false,,,,SWTDashboard,2026-07-20T19:41:07.883,2026-09-26T15:01:52
New Jersey,NJ,Cape May,Cape May,city,381,8,389,2,38.9711,-74.9214,0.979434,38,3,false,,,,SWTDashboard,2026-07-20T19:41:07.883,2026-09-26T15:01:52
Montana,MT,Big Sky,Big Sky,city,378,10,388,2,45.2847,-111.3683,0.974227,39,1,true,"Big Sky, MT Community Support Group",https://www.visitbigsky.com/live-work/seasonal-workforce-events,exact,SWTDashboard,2026-07-20T19:41:07.883,2026-09-26T15:01:52
Alaska,AK,Seward,Seward,city,376,1,377,2,60.1329,-149.3985,0.997347,40,4,false,,,,SWTDashboard,2026-07-20T19:41:07.883,2026-09-26T15:01:52
New Jersey,NJ,Ocean City,Ocean City,city,358,14,372,2,39.2709,-74.5875,0.962366,41,4,false,,,,SWTDashboard,2026-07-20T19:41:07.883,2026-09-26T15:01:52
Maine,ME,Bar Harbor,Bar Harbor,city,350,7,357,2,44.3738,-68.2448,0.980392,42,2,false,,,,SWTDashboard,2026-07-20T19:41:07.883,2026-09-26T15:01:52
North Carolina,NC,Nags Head,Nags Head,city,341,16,357,2,35.8865,-75.6038,0.955182,42,2,false,,,,SWTDashboard,2026-07-20T19:41:07.883,2026-09-26T15:01:52
Montana,MT,Columbia Falls,Columbia Falls,city,202,149,351,2,48.3534,-114.1784,0.575499,44,2,false,,,,SWTDashboard,2026-07-20T19:41:07.883,2026-09-26T15:01:52
Massachusetts,MA,Hyannis,Hyannis,city,336,8,344,2,41.6601,-70.2967,0.976744,45,4,false,,,,SWTDashboard,2026-07-20T19:41:07.883,2026-09-26T15:01:52
Delaware,DE,Bethany Beach,Bethany Beach,city,327,6,333,2,38.531,-75.0674,0.981982,46,2,false,,,,SWTDashboard,2026-07-20T19:41:07.883,2026-09-26T15:01:52
South Carolina,SC,North Myrtle Beach,North Myrtle Beach,city,319,14,333,2,33.8343,-78.6606,0.957958,46,2,false,,,,SWTDashboard,2026-07-20T19:41:07.883,2026-09-26T15:01:52
South Dakota,SD,Keystone,Keystone,city,305,23,328,2,43.8848,-103.3995,0.929878,48,1,false,,,,SWTDashboard,2026-07-20T19:41:07.883,2026-09-26T15:01:52
Minnesota,MN,Shakopee,Shakopee,city,315,11,326,2,44.7793,-93.5197,0.966258,49,1,false,,,,SWTDashboard,2026-07-20T19:41:07.883,2026-09-26T15:01:52
California,CA,San Diego,San Diego,city,320,2,322,11,32.7635,-117.2028,0.993789,50,1,false,,,,SWTDashboard,2026-07-20T19:41:07.883,2026-09-26T15:01:52
Alabama,AL,Orange Beach,Orange Beach,city,319,2,321,2,30.281,-87.5815,0.993769,51,1,false,,,,SWTDashboard,2026-07-20T19:41:07.883,2026-09-26T15:01:52
Utah,UT,Farmington,Farmington,city,300,5,305,2,40.9889,-111.8938,0.983607,52,1,false,,,,SWTDashboard,2026-07-20T19:41:07.883,2026-09-26T15:01:52
New York,NY,Lake Placid,Lake Placid,city,295,5,300,2,44.2796,-73.982,0.983333,53,3,false,,,,SWTDashboard,2026-07-20T19:41:07.883,2026-09-26T15:01:52
Massachusetts,MA,Boston,Boston,city,298,0,298,12,42.34975,-71.06555,1.0,54,5,false,,,,SWTDashboard,2026-07-20T19:41:07.883,2026-09-26T15:01:52
Wyoming,WY,Moran,Moran,city,277,20,297,2,43.9509,-110.5532,0.93266,55,2,false,,,,SWTDashboard,2026-07-20T19:41:07.883,2026-09-26T15:01:52
Rhode Island,RI,Block Island,Block Island,city,288,3,291,2,41.1715,-71.5748,0.989691,56,2,false,,,,SWTDashboard,2026-07-20T19:41:07.883,2026-09-26T15:01:52
New York,NY,Niagara Falls,Niagara Falls,city,279,11,290,5,43.0908,-79.037,0.962069,57,4,false,,,,SWTDashboard,2026-07-20T19:41:07.883,2026-09-26T15:01:52
Michigan,MI,Mackinac Island,Mackinac Island,city,283,2,285,2,45.8578,-84.6245,0.992982,58,1,false,,,,SWTDashboard,2026-07-20T19:41:07.883,2026-09-26T15:01:52
Massachusetts,MA,South Yarmouth,South Yarmouth,city,270,4,274,2,41.6739,-70.1949,0.985401,59,6,false,,,,SWTDashboard,2026-07-20T19:41:07.883,2026-09-26T15:01:52
Wisconsin,WI,Baraboo,Baraboo,city,236,36,272,2,43.4825,-89.7462,0.867647,60,2,false,,,,SWTDashboard,2026-07-20T19:41:07.883,2026-09-26T15:01:52
Utah,UT,Park City,Park City,city,233,38,271,4,40.67765,-111.52495,0.859779,61,2,true,Park City ISOP,,exact,SWTDashboard,2026-07-20T19:41:07.883,2026-09-26T15:01:52
New York,NY,Brooklyn,Brooklyn,city,265,2,267,12,40.67475,-73.9655,0.992509,62,5,false,,,,SWTDashboard,2026-07-20T19:41:07.883,2026-09-26T15:01:52
New Hampshire,NH,North Conway,North Conway,city,228,28,256,2,44.0336,-71.1238,0.890625,63,2,false,,,,SWTDashboard,2026-07-20T19:41:07.883,2026-09-26T15:01:52
Virginia,VA,Doswell,Doswell,city,235,18,253,2,37.8417,-77.5125,0.928854,64,5,false,,,,SWTDashboard,2026-07-20T19:41:07.883,2026-09-26T15:01:52
Montana,MT,West Yellowstone,West Yellowstone,city,244,4,248,2,44.6621,-111.1041,0.983871,65,3,false,,,,SWTDashboard,2026-07-20T19:41:07.883,2026-09-26T15:01:52
Wyoming,WY,Jackson,Jackson,city,237,6,243,3,43.4528,-110.7393,0.975309,66,3,false,,,,SWTDashboard,2026-07-20T19:41:07.883,2026-09-26T15:01:52
Oregon,OR,Bend,Bend,city,236,6,242,7,44.0223,-121.2985,0.975207,67,1,false,,,,SWTDashboard,2026-07-20T19:41:07.883,2026-09-26T15:01:52
Maryland,MD,Hyattsville,Hyattsville,city,232,4,236,6,38.95095,-76.9347,0.983051,68,2,false,,,,SWTDashboard,2026-07-20T19:41:07.883,2026-09-26T15:01:52
Montana,MT,Gardiner,Gardiner,city,177,59,236,2,45.0849,-110.5715,0.75,68,4,false,,,,SWTDashboard,2026-07-20T19:41:07.883,2026-09-26T15:01:52
Alabama,AL,Gulf Shores,Gulf Shores,city,222,9,231,2,30.2717,-87.7589,0.961039,70,2,false,,,,SWTDashboard,2026-07-20T19:41:07.883,2026-09-26T15:01:52
California,CA,Santa Cruz,Santa Cruz,city,230,0,230,1,37.0313,-122.1198,1.0,71,2,false,,,,SWTDashboard,2026-07-20T19:41:07.883,2026-09-26T15:01:52
New Jersey,NJ,Seaside Heights,Seaside Heights,city,220,4,224,2,39.9466,-74.0765,0.982143,72,5,false,,,,SWTDashboard,2026-07-20T19:41:07.883,2026-09-26T15:01:52
New York,NY,Darien Center,Darien Center,city,213,11,224,2,42.8948,-78.3878,0.950893,72,6,false,,,,SWTDashboard,2026-07-20T19:41:07.883,2026-09-26T15:01:52
Nevada,NV,Stateline,Stateline,city,219,4,223,2,38.9643,-119.9068,0.982063,74,1,false,,,,SWTDashboard,2026-07-20T19:41:07.883,2026-09-26T15:01:52
Michigan,MI,Petoskey,Petoskey,city,213,9,222,2,45.3559,-84.9133,0.959459,75,2,false,,,,SWTDashboard,2026-07-20T19:41:07.883,2026-09-26T15:01:52
Pennsylvania,PA,Allentown,Allentown,city,203,14,217,5,40.6018,-75.4781,0.935484,76,2,false,,,,SWTDashboard,2026-07-20T19:41:07.883,2026-09-26T15:01:52
Pennsylvania,PA,Pocono Manor,Pocono Manor,city,196,20,216,2,41.1001,-75.3588,0.907407,77,3,false,,,,SWTDashboard,2026-07-20T19:41:07.883,2026-09-26T15:01:52
Idaho,ID,Sun Valley,Sun Valley,city,189,24,213,2,43.6853,-114.3313,0.887324,78,1,false,,,,SWTDashboard,2026-07-20T19:41:07.883,2026-09-26T15:01:52
Montana,MT,West Glacier,West Glacier,city,209,4,213,2,48.5,-113.9787,0.981221,78,5,false,,,,SWTDashboard,2026-07-20T19:41:07.883,2026-09-26T15:01:52
Massachusetts,MA,Brewster,Brewster,city,208,3,211,2,41.7492,-70.0699,0.985782,80,7,false,,,,SWTDashboard,2026-07-20T19:41:07.883,2026-09-26T15:01:52
Maryland,MD,Hanover,Hanover,city,210,1,211,2,39.1551,-76.7215,0.995261,80,3,false,,,,SWTDashboard,2026-07-20T19:41:07.883,2026-09-26T15:01:52
Florida,FL,Miramar Beach,Miramar Beach,city,209,0,209,1,30.385,-86.3473,1.0,82,4,false,,,,SWTDashboard,2026-07-20T19:41:07.883,2026-09-26T15:01:52
Ohio,OH,Mason,Mason,city,205,4,209,2,39.3357,-84.3149,0.980861,82,3,false,,,,SWTDashboard,2026-07-20T19:41:07.883,2026-09-26T15:01:52
Massachusetts,MA,Chatham,Chatham,city,201,7,208,2,41.6889,-69.9722,0.966346,84,8,false,,,,SWTDashboard,2026-07-20T19:41:07.883,2026-09-26T15:01:52
Michigan,MI,Mackinaw City,Mackinaw City,city,193,13,206,2,45.7777,-84.7298,0.936893,85,3,false,,,,SWTDashboard,2026-07-20T19:41:07.883,2026-09-26T15:01:52
North Carolina,NC,Kill Devil Hills,Kill Devil Hills,city,197,7,204,2,36.0088,-75.6757,0.965686,86,3,false,,,,SWTDashboard,2026-07-20T19:41:07.883,2026-09-26T15:01:52
Alabama,AL,Foley,Foley,city,191,10,201,2,30.4007,-87.6857,0.950249,87,3,true,Foley,,exact,SWTDashboard,2026-07-20T19:41:07.883,2026-09-26T15:01:52
Iowa,IA,Arnolds Park,Arnolds Park,city,199,1,200,2,43.3637,-95.1282,0.995,88,1,false,,,,SWTDashboard,2026-07-20T19:41:07.883,2026-09-26T15:01:52
Michigan,MI,Traverse City,Traverse City,city,193,3,196,5,44.7631,-85.6206,0.984694,89,4,false,,,,SWTDashboard,2026-07-20T19:41:07.883,2026-09-26T15:01:52
Iowa,IA,Altoona,Altoona,city,194,0,194,1,41.6475,-93.4724,1.0,90,2,false,,,,SWTDashboard,2026-07-20T19:41:07.883,2026-09-26T15:01:52
Massachusetts,MA,Oak Bluffs,Oak Bluffs,city,192,1,193,2,41.4543,-70.562,0.994819,91,9,false,,,,SWTDashboard,2026-07-20T19:41:07.883,2026-09-26T15:01:52
Maryland,MD,Rockville,Rockville,city,189,4,193,4,39.0683,-77.1204,0.979275,91,4,false,,,,SWTDashboard,2026-07-20T19:41:07.883,2026-09-26T15:01:52
California,CA,South Lake Tahoe,South Lake Tahoe,city,189,2,191,2,38.917,-119.9865,0.989529,93,3,false,,,,SWTDashboard,2026-07-20T19:41:07.883,2026-09-26T15:01:52
Alaska,AK,Talkeetna,Talkeetna,city,188,0,188,1,62.2605,-150.1101,1.0,94,5,false,,,,SWTDashboard,2026-07-20T19:41:07.883,2026-09-26T15:01:52
Illinois,IL,Gurnee,Gurnee,city,179,9,188,2,42.3669,-87.9452,0.952128,94,2,false,,,,SWTDashboard,2026-07-20T19:41:07.883,2026-09-26T15:01:52
South Dakota,SD,Rapid City,Rapid City,city,164,18,182,4,44.09475,-103.2052,0.901099,96,2,false,,,,SWTDashboard,2026-07-20T19:41:07.883,2026-09-26T15:01:52
New Jersey,NJ,Point Pleasant Beach,Point Pleasant Beach,city,177,4,181,2,40.0806,-74.0595,0.977901,97,6,false,,,,SWTDashboard,2026-07-20T19:41:07.883,2026-09-26T15:01:52
Maine,ME,Ogunquit,Ogunquit,city,175,4,179,2,43.2541,-70.6094,0.977654,98,3,false,,,,SWTDashboard,2026-07-20T19:41:07.883,2026-09-26T15:01:52
Vermont,VT,Stowe,Stowe,city,166,13,179,2,44.4695,-72.6923,0.927374,98,1,false,,,,SWTDashboard,2026-07-20T19:41:07.883,2026-09-26T15:01:52
Alaska,AK,Healy,Healy,city,177,1,178,2,63.9171,-149.0111,0.994382,100,6,false,,,,SWTDashboard,2026-07-20T19:41:07.883,2026-09-26T15:01:52
Indiana,IN,Santa Claus,Santa Claus,city,171,7,178,2,38.1176,-86.9286,0.960674,100,1,false,,,,SWTDashboard,2026-07-20T19:41:07.883,2026-09-26T15:01:52
Maine,ME,Saco,Saco,city,177,1,178,2,43.5209,-70.4546,0.994382,100,4,false,,,,SWTDashboard,2026-07-20T19:41:07.883,2026-09-26T15:01:52
North Carolina,NC,Kitty Hawk,Kitty Hawk,city,165,13,178,2,36.0646,-75.7057,0.926966,100,4,false,,,,SWTDashboard,2026-07-20T19:41:07.883,2026-09-26T15:01:52
New Jersey,NJ,Beach Haven,Beach Haven,city,170,8,178,2,39.6411,-74.1922,0.955056,100,7,false,,,,SWTDashboard,2026-07-20T19:41:07.883,2026-09-26T15:01:52
Alaska,AK,Ketchikan,Ketchikan,city,167,8,175,2,55.372,-131.6832,0.954286,105,7,false,,,,SWTDashboard,2026-07-20T19:41:07.883,2026-09-26T15:01:52
Wisconsin,WI,Sister Bay,Sister Bay,city,157,18,175,2,45.1875,-87.1139,0.897143,105,3,false,,,,SWTDashboard,2026-07-20T19:41:07.883,2026-09-26T15:01:52
New York,NY,Montauk,Montauk,city,172,0,172,1,41.0459,-71.944,1.0,107,7,false,,,,SWTDashboard,2026-07-20T19:41:07.883,2026-09-26T15:01:52
Wisconsin,WI,Lake Delton,Lake Delton,city,165,7,172,2,43.5939,-89.7912,0.959302,107,4,false,,,,SWTDashboard,2026-07-20T19:41:07.883,2026-09-26T15:01:52
Florida,FL,Santa Rosa Beach,Santa Rosa Beach,city,170,0,170,1,30.3659,-86.2458,1.0,109,5,false,,,,SWTDashboard,2026-07-20T19:41:07.883,2026-09-26T15:01:52
North Dakota,ND,Medora,Medora,city,163,6,169,2,46.9387,-103.5632,0.964497,110,1,false,,,,SWTDashboard,2026-07-20T19:41:07.883,2026-09-26T15:01:52
New York,NY,Queensbury,Queensbury,city,158,11,169,2,43.329,-73.6818,0.934911,110,8,false,,,,SWTDashboard,2026-07-20T19:41:07.883,2026-09-26T15:01:52
Delaware,DE,Selbyville,Selbyville,city,164,4,168,2,38.4654,-75.1573,0.97619,112,3,false,,,,SWTDashboard,2026-07-20T19:41:07.883,2026-09-26T15:01:52
Massachusetts,MA,West Yarmouth,West Yarmouth,city,165,2,167,2,41.6614,-70.2363,0.988024,113,10,false,,,,SWTDashboard,2026-07-20T19:41:07.883,2026-09-26T15:01:52
Maine,ME,Boothbay Harbor,Boothbay Harbor,city,150,13,163,2,43.8518,-69.6278,0.920245,114,5,false,,,,SWTDashboard,2026-07-20T19:41:07.883,2026-09-26T15:01:52
Montana,MT,Whitefish,Whitefish,city,161,2,163,2,48.404,-114.3509,0.98773,114,6,false,,,,SWTDashboard,2026-07-20T19:41:07.883,2026-09-26T15:01:52
Washington,WA,Seattle,Seattle,city,155,8,163,12,47.61325,-122.3284,0.95092,114,1,false,,,,SWTDashboard,2026-07-20T19:41:07.883,2026-09-26T15:01:52
Delaware,DE,Fenwick Island,Fenwick Island,city,154,6,160,2,38.4865,-75.0589,0.9625,117,4,false,,,,SWTDashboard,2026-07-20T19:41:07.883,2026-09-26T15:01:52
South Carolina,SC,Hilton Head Island,Hilton Head Island,city,150,10,160,4,32.1871,-80.75225,0.9375,117,3,false,,,,SWTDashboard,2026-07-20T19:41:07.883,2026-09-26T15:01:52
Maryland,MD,Frederick,Frederick,city,158,0,158,4,39.4054,-77.4222,1.0,119,5,false,,,,SWTDashboard,2026-07-20T19:41:07.883,2026-09-26T15:01:52
Texas,TX,Round Rock,Round Rock,city,127,28,155,2,30.5145,-97.668,0.819355,120,2,false,,,,SWTDashboard,2026-07-20T19:41:07.883,2026-09-26T15:01:52
New York,NY,Old Forge,Old Forge,city,148,4,152,2,43.7435,-74.8935,0.973684,121,9,false,,,,SWTDashboard,2026-07-20T19:41:07.883,2026-09-26T15:01:52
South Dakota,SD,Custer,Custer,city,150,1,151,2,43.6573,-103.4258,0.993377,122,3,false,,,,SWTDashboard,2026-07-20T19:41:07.883,2026-09-26T15:01:52
Alaska,AK,Juneau,Juneau,city,148,2,150,2,58.3628,-134.5294,0.986667,123,8,false,,,,SWTDashboard,2026-07-20T19:41:07.883,2026-09-26T15:01:52
New Hampshire,NH,Laconia,Laconia,city,145,4,149,2,43.5727,-71.4781,0.973154,124,3,false,,,,SWTDashboard,2026-07-20T19:41:07.883,2026-09-26T15:01:52
Wisconsin,WI,Minocqua,Minocqua,city,149,0,149,1,45.8719,-89.758,1.0,124,5,false,,,,SWTDashboard,2026-07-20T19:41:07.883,2026-09-26T15:01:52
Colorado,CO,Vail,Vail,city,82,63,145,2,39.6512,-106.3234,0.565517,126,2,false,,,,SWTDashboard,2026-07-20T19:41:07.883,2026-09-26T15:01:52
Virginia,VA,Richmond,Richmond,city,143,1,144,11,37.5477,-77.471,0.993056,127,6,false,,,,SWTDashboard,2026-07-20T19:41:07.883,2026-09-26T15:01:52
New York,NY,Bolton Landing,Bolton Landing,city,142,0,142,1,43.5766,-73.6714,1.0,128,10,false,,,,SWTDashboard,2026-07-20T19:41:07.883,2026-09-26T15:01:52
Massachusetts,MA,Dennis Port,Dennis Port,city,132,8,140,2,41.6649,-70.1327,0.942857,129,11,false,,,,SWTDashboard,2026-07-20T19:41:07.883,2026-09-26T15:01:52
New Hampshire,NH,Lincoln,Lincoln,city,128,11,139,2,44.0582,-71.6727,0.920863,130,4,false,,,,SWTDashboard,2026-07-20T19:41:07.883,2026-09-26T15:01:52
California,CA,Yosemite National Park,Yosemite National Park,national_park,138,0,138,1,37.7314,-119.6489,1.0,131,4,false,,,,SWTDashboard,2026-07-20T19:41:07.883,2026-09-26T15:01:52
Texas,TX,Arlington,Arlington,city,131,6,137,4,32.76835,-97.0877,0.956204,132,3,false,,,,SWTDashboard,2026-07-20T19:41:07.883,2026-09-26T15:01:52
Virginia,VA,Fairfax,Fairfax,city,136,0,136,4,38.8531,-77.30835,1.0,133,7,false,,,,SWTDashboard,2026-07-20T19:41:07.883,2026-09-26T15:01:52
North Carolina,NC,Charlotte,Charlotte,city,131,4,135,6,35.15755,-80.8571,0.97037,134,5,false,,,,SWTDashboard,2026-07-20T19:41:07.883,2026-09-26T15:01:52
Virginia,VA,Springfield,Springfield,city,135,0,135,4,38.7777,-77.22265,1.0,134,8,false,,,,SWTDashboard,2026-07-20T19:41:07.883,2026-09-26T15:01:52
Pennsylvania,PA,Lakewood,Lakewood,city,129,3,132,2,41.8171,-75.3838,0.977273,136,4,false,,,,SWTDashboard,2026-07-20T19:41:07.883,2026-09-26T15:01:52
California,CA,San Francisco,San Francisco,city,129,2,131,6,37.79865,-122.4091,0.984733,137,5,false,,,,SWTDashboard,2026-07-20T19:41:07.883,2026-09-26T15:01:52
Ohio,OH,Port Clinton,Port Clinton,city,129,2,131,2,41.512,-82.9377,0.984733,137,4,false,,,,SWTDashboard,2026-07-20T19:41:07.883,2026-09-26T15:01:52
New Hampshire,NH,Portsmouth,Portsmouth,city,128,2,130,2,43.0729,-70.8052,0.984615,139,5,false,,,,SWTDashboard,2026-07-20T19:41:07.883,2026-09-26T15:01:52
New Jersey,NJ,Avalon,Avalon,city,128,0,128,1,39.0951,-74.7262,1.0,140,8,false,,,,SWTDashboard,2026-07-20T19:41:07.883,2026-09-26T15:01:52
New Hampshire,NH,Glen,Glen,city,124,3,127,2,44.1018,-71.1925,0.976378,141,6,false,,,,SWTDashboard,2026-07-20T19:41:07.883,2026-09-26T15:01:52
New Mexico,NM,Glorieta,Glorieta,city,126,0,126,1,35.5288,-105.7477,1.0,142,1,false,,,,SWTDashboard,2026-07-20T19:41:07.883,2026-09-26T15:01:52
Michigan,MI,Harbor Springs,Harbor Springs,city,104,20,124,2,45.5251,-85.0062,0.83871,143,5,false,,,,SWTDashboard,2026-07-20T19:41:07.883,2026-09-26T15:01:52
Wisconsin,WI,Egg Harbor,Egg Harbor,city,114,10,124,2,45.01,-87.2805,0.919355,143,6,false,,,,SWTDashboard,2026-07-20T19:41:07.883,2026-09-26T15:01:52
Michigan,MI,South Haven,South Haven,city,120,3,123,2,42.4041,-86.2542,0.97561,145,6,false,,,,SWTDashboard,2026-07-20T19:41:07.883,2026-09-26T15:01:52
Alaska,AK,Trapper Creek,Trapper Creek,city,119,2,121,2,62.3167,-150.2314,0.983471,146,9,false,,,,SWTDashboard,2026-07-20T19:41:07.883,2026-09-26T15:01:52
Pennsylvania,PA,Equinunk,Equinunk,city,116,5,121,2,41.8117,-75.1891,0.958678,146,5,false,,,,SWTDashboard,2026-07-20T19:41:07.883,2026-09-26T15:01:52
Nevada,NV,Zephyr Cove,Zephyr Cove,city,119,1,120,2,39.0204,-119.9114,0.991667,148,2,false,,,,SWTDashboard,2026-07-20T19:41:07.883,2026-09-26T15:01:52
South Dakota,SD,Deadwood,Deadwood,city,115,5,120,2,44.3767,-103.7296,0.958333,148,4,false,,,,SWTDashboard,2026-07-20T19:41:07.883,2026-09-26T15:01:52
California,CA,Santa Monica,Santa Monica,city,116,1,117,3,34.01,-118.4717,0.991453,150,6,false,,,,SWTDashboard,2026-07-20T19:41:07.883,2026-09-26T15:01:52
Colorado,CO,Aspen,Aspen,city,111,6,117,2,39.1951,-106.8236,0.948718,150,3,false,,,,SWTDashboard,2026-07-20T19:41:07.883,2026-09-26T15:01:52
Indiana,IN,Monticello,Monticello,city,97,20,117,2,40.7626,-86.755,0.82906,150,2,false,,,,SWTDashboard,2026-07-20T19:41:07.883,2026-09-26T15:01:52
Missouri,MO,Ridgedale,Ridgedale,city,114,3,117,2,36.5247,-93.2778,0.974359,150,2,false,,,,SWTDashboard,2026-07-20T19:41:07.883,2026-09-26T15:01:52
Wisconsin,WI,Eagle River,Eagle River,city,115,1,116,2,45.9161,-89.2531,0.991379,154,7,false,,,,SWTDashboard,2026-07-20T19:41:07.883,2026-09-26T15:01:52
Wisconsin,WI,Lake Geneva,Lake Geneva,city,109,7,116,2,42.5881,-88.4554,0.939655,154,7,false,,,,SWTDashboard,2026-07-20T19:41:07.883,2026-09-26T15:01:52
New Jersey,NJ,Jackson,Jackson,city,99,16,115,2,40.121,-74.3017,0.86087,156,9,false,,,,SWTDashboard,2026-07-20T19:41:07.883,2026-09-26T15:01:52
Massachusetts,MA,Hinsdale,Hinsdale,city,112,2,114,2,42.4298,-73.0724,0.982456,157,12,false,,,,SWTDashboard,2026-07-20T19:41:07.883,2026-09-26T15:01:52
Minnesota,MN,Duluth,Duluth,city,113,1,114,7,46.7715,-92.0865,0.991228,157,2,false,,,,SWTDashboard,2026-07-20T19:41:07.883,2026-09-26T15:01:52
Arizona,AZ,Grand Canyon,Grand Canyon,city,108,4,112,2,35.9421,-112.1309,0.964286,159,1,false,,,,SWTDashboard,2026-07-20T19:41:07.883,2026-09-26T15:01:52
Massachusetts,MA,Harwich Port,Harwich Port,city,110,2,112,2,41.6703,-70.0722,0.982143,159,13,false,,,,SWTDashboard,2026-07-20T19:41:07.883,2026-09-26T15:01:52
Massachusetts,MA,Mashpee,Mashpee,city,111,1,112,2,41.6181,-70.4854,0.991071,159,13,false,,,,SWTDashboard,2026-07-20T19:41:07.883,2026-09-26T15:01:52
Pennsylvania,PA,Honesdale,Honesdale,city,110,0,110,1,41.5792,-75.2528,1.0,162,6,false,,,,SWTDashboard,2026-07-20T19:41:07.883,2026-09-26T15:01:52
New Jersey,NJ,Sea Isle City,Sea Isle City,city,105,4,109,2,39.154,-74.7005,0.963303,163,10,false,,,,SWTDashboard,2026-07-20T19:41:07.883,2026-09-26T15:01:52
New York,NY,New Paltz,New Paltz,city,95,14,109,2,41.7464,-74.1092,0.87156,163,11,false,,,,SWTDashboard,2026-07-20T19:41:07.883,2026-09-26T15:01:52
Massachusetts,MA,Wellfleet,Wellfleet,city,104,4,108,2,41.9289,-70.0186,0.962963,165,15,false,,,,SWTDashboard,2026-07-20T19:41:07.883,2026-09-26T15:01:52
Alaska,AK,Homer,Homer,city,107,0,107,1,59.5374,-151.2356,1.0,166,10,false,,,,SWTDashboard,2026-07-20T19:41:07.883,2026-09-26T15:01:52
Arizona,AZ,Page,Page,city,106,1,107,2,36.9147,-111.4558,0.990654,166,2,false,,,,SWTDashboard,2026-07-20T19:41:07.883,2026-09-26T15:01:52
Maryland,MD,Silver Spring,Silver Spring,city,105,2,107,6,39.02955,-77.0338,0.981308,166,6,false,,,,SWTDashboard,2026-07-20T19:41:07.883,2026-09-26T15:01:52
Colorado,CO,Granby,Granby,city,83,23,106,2,40.0739,-105.9285,0.783019,169,4,false,,,,SWTDashboard,2026-07-20T19:41:07.883,2026-09-26T15:01:52
Minnesota,MN,Nisswa,Nisswa,city,96,10,106,2,46.4929,-94.2976,0.90566,169,3,false,,,,SWTDashboard,2026-07-20T19:41:07.883,2026-09-26T15:01:52
Colorado,CO,Colorado Springs,Colorado Springs,city,100,5,105,5,38.8388,-104.817,0.952381,171,5,false,,,,SWTDashboard,2026-07-20T19:41:07.883,2026-09-26T15:01:52
Montana,MT,Bozeman,Bozeman,city,102,2,104,3,45.6681,-111.2404,0.980769,172,7,false,,,,SWTDashboard,2026-07-20T19:41:07.883,2026-09-26T15:01:52
Rhode Island,RI,Narragansett,Narragansett,city,98,5,103,2,41.4353,-71.4616,0.951456,173,3,false,,,,SWTDashboard,2026-07-20T19:41:07.883,2026-09-26T15:01:52
Minnesota,MN,Grand Marais,Grand Marais,city,93,9,102,2,47.7758,-90.3391,0.911765,174,4,false,,,,SWTDashboard,2026-07-20T19:41:07.883,2026-09-26T15:01:52
Maryland,MD,Gaithersburg,Gaithersburg,city,100,1,101,4,39.15745,-77.18725,0.990099,175,7,false,,,,SWTDashboard,2026-07-20T19:41:07.883,2026-09-26T15:01:52
North Carolina,NC,Avon,Avon,city,98,3,101,2,35.3521,-75.5104,0.970297,175,6,false,,,,SWTDashboard,2026-07-20T19:41:07.883,2026-09-26T15:01:52
Virginia,VA,Sterling,Sterling,city,101,0,101,3,39.023,-77.3994,1.0,175,9,false,,,,SWTDashboard,2026-07-20T19:41:07.883,2026-09-26T15:01:52
Wisconsin,WI,Sturgeon Bay,Sturgeon Bay,city,96,5,101,2,44.8438,-87.3753,0.950495,175,9,false,,,,SWTDashboard,2026-07-20T19:41:07.883,2026-09-26T15:01:52
Colorado,CO,Denver,Denver,city,100,0,100,8,39.7674,-104.99935,1.0,179,6,false,,,,SWTDashboard,2026-07-20T19:41:07.883,2026-09-26T15:01:52
Rhode Island,RI,Westerly,Westerly,city,93,7,100,2,41.3691,-71.8126,0.93,179,4,false,,,,SWTDashboard,2026-07-20T19:41:07.883,2026-09-26T15:01:52
North Carolina,NC,Hendersonville,Hendersonville,city,98,0,98,2,35.34025,-82.4632,1.0,181,7,false,,,,SWTDashboard,2026-07-20T19:41:07.883,2026-09-26T15:01:52
District of Columbia,DC,Washington,Washington,city,97,0,97,12,38.9073,-77.022,1.0,182,1,false,,,,SWTDashboard,2026-07-20T19:41:07.883,2026-09-26T15:01:52
New Jersey,NJ,Rio Grande,Rio Grande,city,97,0,97,1,39.0196,-74.8756,1.0,182,11,false,,,,SWTDashboard,2026-07-20T19:41:07.883,2026-09-26T15:01:52
South Dakota,SD,Hill City,Hill City,city,92,5,97,2,43.9377,-103.5782,0.948454,182,5,false,,,,SWTDashboard,2026-07-20T19:41:07.883,2026-09-26T15:01:52
Virginia,VA,Ashburn,Ashburn,city,97,0,97,2,39.02575,-77.5045,1.0,182,10,false,,,,SWTDashboard,2026-07-20T19:41:07.883,2026-09-26T15:01:52
Maine,ME,Camden,Camden,city,89,7,96,2,44.2137,-69.0767,0.927083,186,6,false,,,,SWTDashboard,2026-07-20T19:41:07.883,2026-09-26T15:01:52
South Dakota,SD,Wall,Wall,city,90,6,96,2,43.9812,-102.2245,0.9375,186,6,false,,,,SWTDashboard,2026-07-20T19:41:07.883,2026-09-26T15:01:52
Minnesota,MN,Detroit Lakes,Detroit Lakes,city,94,1,95,2,46.8172,-95.8453,0.989474,188,5,false,,,,SWTDashboard,2026-07-20T19:41:07.883,2026-09-26T15:01:52
Pennsylvania,PA,Beach Lake,Beach Lake,city,95,0,95,1,41.6034,-75.1165,1.0,188,7,false,,,,SWTDashboard,2026-07-20T19:41:07.883,2026-09-26T15:01:52
Massachusetts,MA,Orleans,Orleans,city,90,4,94,2,41.7792,-69.9822,0.957447,190,16,false,,,,SWTDashboard,2026-07-20T19:41:07.883,2026-09-26T15:01:52
New Hampshire,NH,Freedom,Freedom,city,94,0,94,1,43.8172,-71.0628,1.0,190,7,false,,,,SWTDashboard,2026-07-20T19:41:07.883,2026-09-26T15:01:52
Virginia,VA,Hot Springs,Hot Springs,city,90,4,94,2,37.9638,-79.8717,0.957447,190,11,false,,,,SWTDashboard,2026-07-20T19:41:07.883,2026-09-26T15:01:52
Washington,WA,Ashford,Ashford,city,90,4,94,2,46.7531,-121.9898,0.957447,190,2,false,,,,SWTDashboard,2026-07-20T19:41:07.883,2026-09-26T15:01:52
Virginia,VA,Leesburg,Leesburg,city,93,0,93,2,39.11205,-77.57065,1.0,194,12,false,,,,SWTDashboard,2026-07-20T19:41:07.883,2026-09-26T15:01:52
Wyoming,WY,Cody,Cody,city,88,4,92,2,44.5231,-109.0756,0.956522,195,4,false,,,,SWTDashboard,2026-07-20T19:41:07.883,2026-09-26T15:01:52
New Jersey,NJ,Stone Harbor,Stone Harbor,city,90,1,91,2,39.0533,-74.762,0.989011,196,12,false,,,,SWTDashboard,2026-07-20T19:41:07.883,2026-09-26T15:01:52
New York,NY,Hancock,Hancock,city,91,0,91,1,41.9914,-75.2647,1.0,196,12,false,,,,SWTDashboard,2026-07-20T19:41:07.883,2026-09-26T15:01:52
Texas,TX,San Antonio,San Antonio,city,88,3,91,10,29.4597,-98.495,0.967033,196,4,false,,,,SWTDashboard,2026-07-20T19:41:07.883,2026-09-26T15:01:52
Maryland,MD,Germantown,Germantown,city,88,2,90,3,39.1355,-77.2822,0.977778,199,8,false,,,,SWTDashboard,2026-07-20T19:41:07.883,2026-09-26T15:01:52
New Hampshire,NH,Salem,Salem,city,89,1,90,2,42.7846,-71.2176,0.988889,199,8,false,,,,SWTDashboard,2026-07-20T19:41:07.883,2026-09-26T15:01:52
New York,NY,Shelter Island Heights,Shelter Island Heights,city,87,3,90,2,41.084,-72.3559,0.966667,199,13,false,,,,SWTDashboard,2026-07-20T19:41:07.883,2026-09-26T15:01:52
Pennsylvania,PA,Tannersville,Tannersville,city,49,41,90,2,41.0472,-75.3244,0.544444,199,8,false,,,,SWTDashboard,2026-07-20T19:41:07.883,2026-09-26T15:01:52
Washington,WA,Friday Harbor,Friday Harbor,city,90,0,90,1,48.5454,-123.0947,1.0,199,3,false,,,,SWTDashboard,2026-07-20T19:41:07.883,2026-09-26T15:01:52
Arkansas,AR,Mount Ida,Mount Ida,city,89,0,89,1,34.5612,-93.5749,1.0,204,1,false,,,,SWTDashboard,2026-07-20T19:41:07.883,2026-09-26T15:01:52
Texas,TX,Port Aransas,Port Aransas,city,88,1,89,2,27.7707,-97.1051,0.988764,204,5,false,,,,SWTDashboard,2026-07-20T19:41:07.883,2026-09-26T15:01:52
Massachusetts,MA,Harwich,Harwich,city,87,1,88,2,41.7008,-70.0579,0.988636,206,17,false,,,,SWTDashboard,2026-07-20T19:41:07.883,2026-09-26T15:01:52
Michigan,MI,Interlochen,Interlochen,city,88,0,88,1,44.6518,-85.8022,1.0,206,7,false,,,,SWTDashboard,2026-07-20T19:41:07.883,2026-09-26T15:01:52
New York,NY,Southampton,Southampton,city,86,1,87,2,40.9043,-72.4103,0.988506,208,14,false,,,,SWTDashboard,2026-07-20T19:41:07.883,2026-09-26T15:01:52
Montana,MT,Missoula,Missoula,city,85,1,86,5,46.9006,-114.0265,0.988372,209,8,false,,,,SWTDashboard,2026-07-20T19:41:07.883,2026-09-26T15:01:52
California,CA,Truckee,Truckee,city,81,4,85,2,39.3385,-120.1729,0.952941,210,7,false,,,,SWTDashboard,2026-07-20T19:41:07.883,2026-09-26T15:01:52
Colorado,CO,Grand Lake,Grand Lake,city,79,6,85,2,40.2289,-105.8605,0.929412,210,7,false,,,,SWTDashboard,2026-07-20T19:41:07.883,2026-09-26T15:01:52
Florida,FL,Panama City,Panama City,city,82,3,85,5,30.1655,-85.6727,0.964706,210,6,false,,,,SWTDashboard,2026-07-20T19:41:07.883,2026-09-26T15:01:52
Massachusetts,MA,Vineyard Haven,Vineyard Haven,city,85,0,85,1,41.45,-70.5937,1.0,210,18,false,,,,SWTDashboard,2026-07-20T19:41:07.883,2026-09-26T15:01:52
Maine,ME,Naples,Naples,city,85,0,85,1,43.9681,-70.5988,1.0,210,7,false,,,,SWTDashboard,2026-07-20T19:41:07.883,2026-09-26T15:01:52
New Hampshire,NH,Holderness,Holderness,city,85,0,85,1,43.7378,-71.6044,1.0,210,9,false,,,,SWTDashboard,2026-07-20T19:41:07.883,2026-09-26T15:01:52
Nevada,NV,Reno,Reno,city,85,0,85,5,39.5296,-119.8113,1.0,210,3,false,,,,SWTDashboard,2026-07-20T19:41:07.883,2026-09-26T15:01:52
Alaska,AK,Skagway,Skagway,city,84,0,84,1,59.4685,-135.3018,1.0,217,11,false,,,,SWTDashboard,2026-07-20T19:41:07.883,2026-09-26T15:01:52
New Hampshire,NH,Bretton Woods,Bretton Woods,city,69,15,84,2,44.2581,-71.4412,0.821429,217,10,false,,,,SWTDashboard,2026-07-20T19:41:07.883,2026-09-26T15:01:52
Georgia,GA,Sea Island,Sea Island,city,79,4,83,2,31.1989,-81.3322,0.951807,219,1,false,,,,SWTDashboard,2026-07-20T19:41:07.883,2026-09-26T15:01:52
Massachusetts,MA,West Dennis,West Dennis,city,82,1,83,2,41.6626,-70.1681,0.987952,219,19,false,,,,SWTDashboard,2026-07-20T19:41:07.883,2026-09-26T15:01:52
Maine,ME,Portland,Portland,city,82,1,83,5,43.6606,-70.2876,0.987952,219,8,false,,,,SWTDashboard,2026-07-20T19:41:07.883,2026-09-26T15:01:52
Montana,MT,Browning,Browning,city,78,5,83,2,48.5569,-113.0134,0.939759,219,9,false,,,,SWTDashboard,2026-07-20T19:41:07.883,2026-09-26T15:01:52
Wisconsin,WI,Delavan,Delavan,city,83,0,83,1,42.6227,-88.6277,1.0,219,10,false,,,,SWTDashboard,2026-07-20T19:41:07.883,2026-09-26T15:01:52
Michigan,MI,Saint Ignace,Saint Ignace,city,65,17,82,2,45.9985,-84.6978,0.792683,224,8,false,,,,SWTDashboard,2026-07-20T19:41:07.883,2026-09-26T15:01:52
North Carolina,NC,Black Mountain,Black Mountain,city,81,1,82,2,35.5986,-82.2902,0.987805,224,8,false,,,,SWTDashboard,2026-07-20T19:41:07.883,2026-09-26T15:01:52
Maine,ME,Wells,Wells,city,77,4,81,2,43.3144,-70.5969,0.950617,226,9,false,,,,SWTDashboard,2026-07-20T19:41:07.883,2026-09-26T15:01:52
Pennsylvania,PA,Stroudsburg,Stroudsburg,city,80,0,80,1,40.9877,-75.2485,1.0,227,9,false,,,,SWTDashboard,2026-07-20T19:41:07.883,2026-09-26T15:01:52
Virginia,VA,Newport News,Newport News,city,79,1,80,8,37.0674,-76.4787,0.9875,227,13,false,,,,SWTDashboard,2026-07-20T19:41:07.883,2026-09-26T15:01:52
Alaska,AK,Girdwood,Girdwood,city,79,0,79,1,60.9577,-149.1406,1.0,229,12,false,,,,SWTDashboard,2026-07-20T19:41:07.883,2026-09-26T15:01:52
Massachusetts,MA,Plymouth,Plymouth,city,72,7,79,2,41.9104,-70.642,0.911392,229,20,false,,,,SWTDashboard,2026-07-20T19:41:07.883,2026-09-26T15:01:52
Virginia,VA,Falls Church,Falls Church,city,79,0,79,5,38.8635,-77.1802,1.0,229,14,false,,,,SWTDashboard,2026-07-20T19:41:07.883,2026-09-26T15:01:52
Missouri,MO,Saint Louis,Saint Louis,city,78,0,78,8,38.59445,-90.29705,1.0,232,3,false,,,,SWTDashboard,2026-07-20T19:41:07.883,2026-09-26T15:01:52
New York,NY,Copake,Copake,city,78,0,78,1,42.1113,-73.5526,1.0,232,15,false,,,,SWTDashboard,2026-07-20T19:41:07.883,2026-09-26T15:01:52
Pennsylvania,PA,Greeley,Greeley,city,77,1,78,2,41.4372,-75.0125,0.987179,232,10,false,,,,SWTDashboard,2026-07-20T19:41:07.883,2026-09-26T15:01:52
South Carolina,SC,Johns Island,Johns Island,city,77,1,78,2,32.7924,-80.1081,0.987179,232,4,false,,,,SWTDashboard,2026-07-20T19:41:07.883,2026-09-26T15:01:52
Connecticut,CT,Kent,Kent,city,76,1,77,2,41.7316,-73.4583,0.987013,236,1,false,,,,SWTDashboard,2026-07-20T19:41:07.883,2026-09-26T15:01:52
Michigan,MI,Munising,Munising,city,77,0,77,1,46.3994,-86.6983,1.0,236,9,false,,,,SWTDashboard,2026-07-20T19:41:07.883,2026-09-26T15:01:52
New Jersey,NJ,Cape May Court House,Cape May Court House,city,76,1,77,2,39.1378,-74.7806,0.987013,236,13,false,,,,SWTDashboard,2026-07-20T19:41:07.883,2026-09-26T15:01:52
Wyoming,WY,Teton Village,Teton Village,city,76,1,77,2,43.5924,-110.8314,0.987013,236,5,false,,,,SWTDashboard,2026-07-20T19:41:07.883,2026-09-26T15:01:52
Massachusetts,MA,North Falmouth,North Falmouth,city,74,2,76,2,41.6417,-70.623,0.973684,240,21,false,,,,SWTDashboard,2026-07-20T19:41:07.883,2026-09-26T15:01:52
Maine,ME,Kittery,Kittery,city,73,3,76,2,43.0921,-70.7429,0.960526,240,10,false,,,,SWTDashboard,2026-07-20T19:41:07.883,2026-09-26T15:01:52
Massachusetts,MA,Becket,Becket,city,75,0,75,1,42.3594,-73.1203,1.0,242,22,false,,,,SWTDashboard,2026-07-20T19:41:07.883,2026-09-26T15:01:52
Maryland,MD,Berlin,Berlin,city,73,2,75,2,38.3475,-75.1866,0.973333,242,9,false,,,,SWTDashboard,2026-07-20T19:41:07.883,2026-09-26T15:01:52
Montana,MT,East Glacier Park,East Glacier Park,city,72,3,75,2,48.4457,-113.219,0.96,242,10,false,,,,SWTDashboard,2026-07-20T19:41:07.883,2026-09-26T15:01:52
Nevada,NV,Laughlin,Laughlin,city,75,0,75,1,35.1321,-114.6368,1.0,242,4,false,,,,SWTDashboard,2026-07-20T19:41:07.883,2026-09-26T15:01:52
Virginia,VA,Woodbridge,Woodbridge,city,75,0,75,3,38.6438,-77.3163,1.0,242,15,false,,,,SWTDashboard,2026-07-20T19:41:07.883,2026-09-26T15:01:52
Wisconsin,WI,Warrens,Warrens,city,73,2,75,2,44.157,-90.4967,0.973333,242,11,false,,,,SWTDashboard,2026-07-20T19:41:07.883,2026-09-26T15:01:52
Maine,ME,York,York,city,70,4,74,2,43.1544,-70.6578,0.945946,248,11,false,,,,SWTDashboard,2026-07-20T19:41:07.883,2026-09-26T15:01:52
Maryland,MD,Baltimore,Baltimore,city,73,0,73,13,39.3265,-76.6224,1.0,249,10,false,,,,SWTDashboard,2026-07-20T19:41:07.883,2026-09-26T15:01:52
New Hampshire,NH,Moultonborough,Moultonborough,city,72,1,73,2,43.7281,-71.3922,0.986301,249,11,false,,,,SWTDashboard,2026-07-20T19:41:07.883,2026-09-26T15:01:52
California,CA,Tahoe City,Tahoe City,city,70,2,72,2,39.1806,-120.1445,0.972222,251,8,false,,,,SWTDashboard,2026-07-20T19:41:07.883,2026-09-26T15:01:52
Florida,FL,Fort Walton Beach,Fort Walton Beach,city,71,0,71,2,30.43465,-86.62705,1.0,252,7,false,,,,SWTDashboard,2026-07-20T19:41:07.883,2026-09-26T15:01:52
New York,NY,Swan Lake,Swan Lake,city,68,3,71,2,41.7285,-74.8341,0.957746,252,16,false,,,,SWTDashboard,2026-07-20T19:41:07.883,2026-09-26T15:01:52
Virginia,VA,Mc Gaheysville,Mc Gaheysville,city,67,4,71,2,38.3712,-78.7411,0.943662,252,16,false,,,,SWTDashboard,2026-07-20T19:41:07.883,2026-09-26T15:01:52
Wisconsin,WI,Fontana,Fontana,city,63,7,70,2,42.5429,-88.5684,0.9,255,12,false,,,,SWTDashboard,2026-07-20T19:41:07.883,2026-09-26T15:01:52
California,CA,Olympic Valley,Olympic Valley,city,57,12,69,2,39.1752,-120.1954,0.826087,256,9,false,,,,SWTDashboard,2026-07-20T19:41:07.883,2026-09-26T15:01:52
Florida,FL,Pensacola,Pensacola,city,69,0,69,1,30.3737,-87.3126,1.0,256,8,false,,,,SWTDashboard,2026-07-20T19:41:07.883,2026-09-26T15:01:52
New Hampshire,NH,Meredith,Meredith,city,62,7,69,2,43.6311,-71.4997,0.898551,256,12,false,,,,SWTDashboard,2026-07-20T19:41:07.883,2026-09-26T15:01:52
New York,NY,Corona,Corona,city,67,1,68,2,40.7453,-73.8611,0.985294,259,17,false,,,,SWTDashboard,2026-07-20T19:41:07.883,2026-09-26T15:01:52
Texas,TX,Hunt,Hunt,city,68,0,68,1,30.0027,-99.4823,1.0,259,6,false,,,,SWTDashboard,2026-07-20T19:41:07.883,2026-09-26T15:01:52
Hawaii,HI,Lahaina,Lahaina,city,65,2,67,2,20.9174,-156.6772,0.970149,261,1,false,,,,SWTDashboard,2026-07-20T19:41:07.883,2026-09-26T15:01:52
Maine,ME,Oakland,Oakland,city,67,0,67,1,44.5173,-69.7401,1.0,261,12,false,,,,SWTDashboard,2026-07-20T19:41:07.883,2026-09-26T15:01:52
New York,NY,Greenport,Greenport,city,66,0,66,1,41.1039,-72.3674,1.0,263,18,false,,,,SWTDashboard,2026-07-20T19:41:07.883,2026-09-26T15:01:52
Pennsylvania,PA,Thompson,Thompson,city,66,0,66,1,41.834,-75.5342,1.0,263,11,false,,,,SWTDashboard,2026-07-20T19:41:07.883,2026-09-26T15:01:52
Maine,ME,Poland,Poland,city,64,1,65,2,44.0474,-70.3899,0.984615,265,13,false,,,,SWTDashboard,2026-07-20T19:41:07.883,2026-09-26T15:01:52
Massachusetts,MA,Falmouth,Falmouth,city,57,7,64,2,41.5648,-70.6217,0.890625,266,23,false,,,,SWTDashboard,2026-07-20T19:41:07.883,2026-09-26T15:01:52
Minnesota,MN,Minneapolis,Minneapolis,city,56,8,64,6,44.98975,-93.289,0.875,266,6,false,,,,SWTDashboard,2026-07-20T19:41:07.883,2026-09-26T15:01:52
Pennsylvania,PA,Milford,Milford,city,61,3,64,2,41.3228,-74.8824,0.953125,266,12,false,,,,SWTDashboard,2026-07-20T19:41:07.883,2026-09-26T15:01:52
Wisconsin,WI,Fish Creek,Fish Creek,city,52,12,64,2,45.1155,-87.2064,0.8125,266,13,false,,,,SWTDashboard,2026-07-20T19:41:07.883,2026-09-26T15:01:52
Massachusetts,MA,Agawam,Agawam,city,61,2,63,2,42.0702,-72.6227,0.968254,270,24,false,,,,SWTDashboard,2026-07-20T19:41:07.883,2026-09-26T15:01:52
Maryland,MD,Bethesda,Bethesda,city,62,1,63,4,38.99495,-77.10875,0.984127,270,11,false,,,,SWTDashboard,2026-07-20T19:41:07.883,2026-09-26T15:01:52
New York,NY,Monticello,Monticello,city,59,4,63,2,41.6516,-74.7007,0.936508,270,19,false,,,,SWTDashboard,2026-07-20T19:41:07.883,2026-09-26T15:01:52
Pennsylvania,PA,Poyntelle,Poyntelle,city,62,1,63,2,41.8206,-75.4199,0.984127,270,13,false,,,,SWTDashboard,2026-07-20T19:41:07.883,2026-09-26T15:01:52
Vermont,VT,Killington,Killington,city,63,0,63,1,43.6634,-72.7963,1.0,270,2,false,,,,SWTDashboard,2026-07-20T19:41:07.883,2026-09-26T15:01:52
Georgia,GA,Cleveland,Cleveland,city,62,0,62,1,34.5839,-83.75,1.0,275,2,false,,,,SWTDashboard,2026-07-20T19:41:07.883,2026-09-26T15:01:52
North Carolina,NC,Asheville,Asheville,city,62,0,62,3,35.5971,-82.5565,1.0,275,9,false,,,,SWTDashboard,2026-07-20T19:41:07.883,2026-09-26T15:01:52
Ohio,OH,Lakeside Marblehead,Lakeside Marblehead,city,54,8,62,2,41.5247,-82.7766,0.870968,275,5,false,,,,SWTDashboard,2026-07-20T19:41:07.883,2026-09-26T15:01:52
Utah,UT,Garden City,Garden City,city,60,2,62,2,41.9376,-111.407,0.967742,275,3,false,,,,SWTDashboard,2026-07-20T19:41:07.883,2026-09-26T15:01:52
Arkansas,AR,Rogers,Rogers,city,61,0,61,1,36.3363,-94.1148,1.0,279,2,false,,,,SWTDashboard,2026-07-20T19:41:07.883,2026-09-26T15:01:52
Connecticut,CT,Mashantucket,Mashantucket,city,61,0,61,1,41.4757,-71.9574,1.0,279,2,false,,,,SWTDashboard,2026-07-20T19:41:07.883,2026-09-26T15:01:52
Georgia,GA,Austell,Austell,city,57,4,61,2,33.7838,-84.5952,0.934426,279,3,false,,,,SWTDashboard,2026-07-20T19:41:07.883,2026-09-26T15:01:52
Missouri,MO,Lake Ozark,Lake Ozark,city,54,7,61,2,38.2003,-92.6684,0.885246,279,4,false,,,,SWTDashboard,2026-07-20T19:41:07.883,2026-09-26T15:01:52
North Carolina,NC,Southport,Southport,city,61,0,61,1,33.9654,-78.0359,1.0,279,10,false,,,,SWTDashboard,2026-07-20T19:41:07.883,2026-09-26T15:01:52
New York,NY,Atlantic Beach,Atlantic Beach,city,61,0,61,1,40.5887,-73.7255,1.0,279,20,false,,,,SWTDashboard,2026-07-20T19:41:07.883,2026-09-26T15:01:52
New York,NY,East Hampton,East Hampton,city,60,1,61,2,40.993,-72.179,0.983607,279,20,false,,,,SWTDashboard,2026-07-20T19:41:07.883,2026-09-26T15:01:52
Virginia,VA,Annandale,Annandale,city,60,1,61,2,38.8307,-77.2142,0.983607,279,17,false,,,,SWTDashboard,2026-07-20T19:41:07.883,2026-09-26T15:01:52
Virginia,VA,Chincoteague Island,Chincoteague Island,city,58,3,61,2,37.9299,-75.3624,0.95082,279,17,false,,,,SWTDashboard,2026-07-20T19:41:07.883,2026-09-26T15:01:52
Massachusetts,MA,East Falmouth,East Falmouth,city,58,2,60,2,41.5968,-70.5671,0.966667,288,25,false,,,,SWTDashboard,2026-07-20T19:41:07.883,2026-09-26T15:01:52
New York,NY,Schroon Lake,Schroon Lake,city,59,1,60,2,43.8412,-73.7674,0.983333,288,22,false,,,,SWTDashboard,2026-07-20T19:41:07.883,2026-09-26T15:01:52
Montana,MT,Billings,Billings,city,59,0,59,3,45.7813,-108.5727,1.0,290,11,false,,,,SWTDashboard,2026-07-20T19:41:07.883,2026-09-26T15:01:52
New Jersey,NJ,Vernon,Vernon,city,31,28,59,2,41.185,-74.5332,0.525424,290,14,false,,,,SWTDashboard,2026-07-20T19:41:07.883,2026-09-26T15:01:52
West Virginia,WV,Snowshoe,Snowshoe,city,54,5,59,2,38.4133,-80.0068,0.915254,290,1,false,,,,SWTDashboard,2026-07-20T19:41:07.883,2026-09-26T15:01:52
Michigan,MI,Ortonville,Ortonville,city,57,1,58,2,42.8409,-83.4288,0.982759,293,10,false,,,,SWTDashboard,2026-07-20T19:41:07.883,2026-09-26T15:01:52
Maryland,MD,Laurel,Laurel,city,57,0,57,4,39.10175,-76.839,1.0,294,12,false,,,,SWTDashboard,2026-07-20T19:41:07.883,2026-09-26T15:01:52
Michigan,MI,Charlevoix,Charlevoix,city,52,5,57,2,45.2654,-85.2297,0.912281,294,11,false,,,,SWTDashboard,2026-07-20T19:41:07.883,2026-09-26T15:01:52
New York,NY,Calverton,Calverton,city,56,1,57,2,40.9297,-72.7423,0.982456,294,23,false,,,,SWTDashboard,2026-07-20T19:41:07.883,2026-09-26T15:01:52
Utah,UT,Salt Lake City,Salt Lake City,city,57,0,57,6,40.71005,-111.86485,1.0,294,4,false,,,,SWTDashboard,2026-07-20T19:41:07.883,2026-09-26T15:01:52
Virginia,VA,Manassas,Manassas,city,57,0,57,3,38.7707,-77.4878,1.0,294,19,false,,,,SWTDashboard,2026-07-20T19:41:07.883,2026-09-26T15:01:52
Maine,ME,Casco,Casco,city,55,1,56,2,43.9596,-70.526,0.982143,299,14,false,,,,SWTDashboard,2026-07-20T19:41:07.883,2026-09-26T15:01:52
North Carolina,NC,Fontana Dam,Fontana Dam,city,36,20,56,2,35.4231,-83.7795,0.642857,299,11,false,,,,SWTDashboard,2026-07-20T19:41:07.883,2026-09-26T15:01:52
Arizona,AZ,Sedona,Sedona,city,23,32,55,2,34.8266,-111.7506,0.418182,301,3,false,,,,SWTDashboard,2026-07-20T19:41:07.883,2026-09-26T15:01:52
Hawaii,HI,Waikoloa,Waikoloa,city,44,11,55,2,19.9724,-155.818,0.8,301,2,false,,,,SWTDashboard,2026-07-20T19:41:07.883,2026-09-26T15:01:52
Maine,ME,Smithfield,Smithfield,city,55,0,55,1,44.6301,-69.8075,1.0,301,15,false,,,,SWTDashboard,2026-07-20T19:41:07.883,2026-09-26T15:01:52
New York,NY,Sag Harbor,Sag Harbor,city,53,2,55,2,40.982,-72.3067,0.963636,301,24,false,,,,SWTDashboard,2026-07-20T19:41:07.883,2026-09-26T15:01:52
Delaware,DE,Ocean View,Ocean View,city,53,1,54,2,38.5617,-75.0966,0.981481,305,5,false,,,,SWTDashboard,2026-07-20T19:41:07.883,2026-09-26T15:01:52
Massachusetts,MA,Pittsfield,Pittsfield,city,52,2,54,2,42.4531,-73.2471,0.962963,305,26,false,,,,SWTDashboard,2026-07-20T19:41:07.883,2026-09-26T15:01:52
Michigan,MI,Boyne Falls,Boyne Falls,city,54,0,54,1,45.2116,-84.8916,1.0,305,12,false,,,,SWTDashboard,2026-07-20T19:41:07.883,2026-09-26T15:01:52
Montana,MT,Kalispell,Kalispell,city,52,2,54,2,48.2028,-114.3039,0.962963,305,12,false,,,,SWTDashboard,2026-07-20T19:41:07.883,2026-09-26T15:01:52
New Hampshire,NH,Wolfeboro,Wolfeboro,city,54,0,54,1,43.595,-71.1908,1.0,305,13,false,,,,SWTDashboard,2026-07-20T19:41:07.883,2026-09-26T15:01:52
New York,NY,Hunter,Hunter,city,49,5,54,2,42.2333,-74.2416,0.907407,305,25,false,,,,SWTDashboard,2026-07-20T19:41:07.883,2026-09-26T15:01:52
Virginia,VA,Chantilly,Chantilly,city,50,4,54,3,38.8867,-77.4457,0.925926,305,20,false,,,,SWTDashboard,2026-07-20T19:41:07.883,2026-09-26T15:01:52
Washington,WA,Cle Elum,Cle Elum,city,54,0,54,1,47.2063,-120.9685,1.0,305,4,false,,,,SWTDashboard,2026-07-20T19:41:07.883,2026-09-26T15:01:52
Florida,FL,Gulf Breeze,Gulf Breeze,city,48,5,53,3,30.3571,-87.1639,0.90566,313,9,false,,,,SWTDashboard,2026-07-20T19:41:07.883,2026-09-26T15:01:52
Hawaii,HI,Honolulu,Honolulu,city,53,0,53,2,21.3053,-157.84405,1.0,313,3,false,,,,SWTDashboard,2026-07-20T19:41:07.883,2026-09-26T15:01:52
Nevada,NV,Incline Village,Incline Village,city,51,2,53,2,39.2564,-119.9521,0.962264,313,5,false,,,,SWTDashboard,2026-07-20T19:41:07.883,2026-09-26T15:01:52
Pennsylvania,PA,Skytop,Skytop,city,35,18,53,2,41.2336,-75.2389,0.660377,313,14,false,,,,SWTDashboard,2026-07-20T19:41:07.883,2026-09-26T15:01:52
Michigan,MI,Gaylord,Gaylord,city,48,4,52,2,45.0125,-84.6723,0.923077,317,13,false,,,,SWTDashboard,2026-07-20T19:41:07.883,2026-09-26T15:01:52
Missouri,MO,Maryland Heights,Maryland Heights,city,51,1,52,2,38.7229,-90.4474,0.980769,317,5,false,,,,SWTDashboard,2026-07-20T19:41:07.883,2026-09-26T15:01:52
Missouri,MO,Osage Beach,Osage Beach,city,52,0,52,1,38.138,-92.6664,1.0,317,5,false,,,,SWTDashboard,2026-07-20T19:41:07.883,2026-09-26T15:01:52
New York,NY,Callicoon,Callicoon,city,45,7,52,2,41.7673,-75.0563,0.865385,317,26,false,,,,SWTDashboard,2026-07-20T19:41:07.883,2026-09-26T15:01:52
Wisconsin,WI,Ephraim,Ephraim,city,47,5,52,2,45.1592,-87.171,0.903846,317,14,false,,,,SWTDashboard,2026-07-20T19:41:07.883,2026-09-26T15:01:52
Wyoming,WY,Sheridan,Sheridan,city,52,0,52,1,44.7849,-106.9648,1.0,317,6,false,,,,SWTDashboard,2026-07-20T19:41:07.883,2026-09-26T15:01:52
California,CA,Carnelian Bay,Carnelian Bay,city,46,5,51,2,39.2319,-120.0753,0.901961,323,10,false,,,,SWTDashboard,2026-07-20T19:41:07.883,2026-09-26T15:01:52
California,CA,La Jolla,La Jolla,city,51,0,51,1,32.8455,-117.2521,1.0,323,10,false,,,,SWTDashboard,2026-07-20T19:41:07.883,2026-09-26T15:01:52
Iowa,IA,Okoboji,Okoboji,city,51,0,51,1,43.3889,-95.1369,1.0,323,3,false,,,,SWTDashboard,2026-07-20T19:41:07.883,2026-09-26T15:01:52
Maine,ME,Monmouth,Monmouth,city,50,1,51,2,44.2208,-70.0263,0.980392,323,16,false,,,,SWTDashboard,2026-07-20T19:41:07.883,2026-09-26T15:01:52
Maine,ME,Mount Vernon,Mount Vernon,city,51,0,51,1,44.4993,-69.9903,1.0,323,16,false,,,,SWTDashboard,2026-07-20T19:41:07.883,2026-09-26T15:01:52
Maine,ME,Raymond,Raymond,city,51,0,51,1,43.9219,-70.4498,1.0,323,16,false,,,,SWTDashboard,2026-07-20T19:41:07.883,2026-09-26T15:01:52
Minnesota,MN,Alexandria,Alexandria,city,51,0,51,1,45.8817,-95.382,1.0,323,7,false,,,,SWTDashboard,2026-07-20T19:41:07.883,2026-09-26T15:01:52
North Carolina,NC,Zirconia,Zirconia,city,51,0,51,1,35.2153,-82.4574,1.0,323,12,false,,,,SWTDashboard,2026-07-20T19:41:07.883,2026-09-26T15:01:52
New Mexico,NM,Red River,Red River,city,50,1,51,2,36.6659,-105.4694,0.980392,323,2,false,,,,SWTDashboard,2026-07-20T19:41:07.883,2026-09-26T15:01:52
Virginia,VA,Mc Lean,Mc Lean,city,51,0,51,2,38.9428,-77.20005,1.0,323,21,false,,,,SWTDashboard,2026-07-20T19:41:07.883,2026-09-26T15:01:52
Washington,WA,Pacific Beach,Pacific Beach,city,48,3,51,2,47.2195,-124.1915,0.941176,323,5,false,,,,SWTDashboard,2026-07-20T19:41:07.883,2026-09-26T15:01:52
Colorado,CO,Snowmass Village,Snowmass Village,city,46,4,50,2,39.2212,-106.932,0.92,334,8,false,,,,SWTDashboard,2026-07-20T19:41:07.883,2026-09-26T15:01:52
Georgia,GA,Tybee Island,Tybee Island,city,50,0,50,1,32.0068,-80.8509,1.0,334,4,false,,,,SWTDashboard,2026-07-20T19:41:07.883,2026-09-26T15:01:52
Idaho,ID,Donnelly,Donnelly,city,36,14,50,2,44.6659,-116.0369,0.72,334,2,false,,,,SWTDashboard,2026-07-20T19:41:07.883,2026-09-26T15:01:52
Maine,ME,Rockport,Rockport,city,49,1,50,2,44.1888,-69.0901,0.98,334,19,false,,,,SWTDashboard,2026-07-20T19:41:07.883,2026-09-26T15:01:52
North Carolina,NC,Brevard,Brevard,city,50,0,50,1,35.2208,-82.7404,1.0,334,13,false,,,,SWTDashboard,2026-07-20T19:41:07.883,2026-09-26T15:01:52
North Carolina,NC,Cherokee,Cherokee,city,50,0,50,1,35.5094,-83.3144,1.0,334,13,false,,,,SWTDashboard,2026-07-20T19:41:07.883,2026-09-26T15:01:52
New York,NY,Diamond Point,Diamond Point,city,50,0,50,1,43.5156,-73.7001,1.0,334,27,false,,,,SWTDashboard,2026-07-20T19:41:07.883,2026-09-26T15:01:52
Colorado,CO,Lake City,Lake City,city,47,2,49,2,37.9868,-107.302,0.959184,341,9,false,,,,SWTDashboard,2026-07-20T19:41:07.883,2026-09-26T15:01:52
Florida,FL,Marathon,Marathon,city,46,3,49,2,24.7279,-81.0386,0.938776,341,10,false,,,,SWTDashboard,2026-07-20T19:41:07.883,2026-09-26T15:01:52
Maryland,MD,Upper Marlboro,Upper Marlboro,city,48,1,49,3,38.8682,-76.8156,0.979592,341,13,false,,,,SWTDashboard,2026-07-20T19:41:07.883,2026-09-26T15:01:52
Maine,ME,Greenville,Greenville,city,48,1,49,2,45.4716,-69.5844,0.979592,341,20,false,,,,SWTDashboard,2026-07-20T19:41:07.883,2026-09-26T15:01:52
Maine,ME,Southwest Harbor,Southwest Harbor,city,49,0,49,1,44.2823,-68.3265,1.0,341,20,false,,,,SWTDashboard,2026-07-20T19:41:07.883,2026-09-26T15:01:52
Minnesota,MN,Brainerd,Brainerd,city,47,2,49,2,46.3502,-94.1,0.959184,341,8,false,,,,SWTDashboard,2026-07-20T19:41:07.883,2026-09-26T15:01:52
Missouri,MO,Kansas City,Kansas City,city,47,2,49,8,39.1343,-94.5426,0.959184,341,7,false,,,,SWTDashboard,2026-07-20T19:41:07.883,2026-09-26T15:01:52
New York,NY,Brant Lake,Brant Lake,city,49,0,49,1,43.6989,-73.7205,1.0,341,28,false,,,,SWTDashboard,2026-07-20T19:41:07.883,2026-09-26T15:01:52
Virginia,VA,Herndon,Herndon,city,49,0,49,2,38.95455,-77.38015,1.0,341,22,false,,,,SWTDashboard,2026-07-20T19:41:07.883,2026-09-26T15:01:52
Washington,WA,Federal Way,Federal Way,city,48,1,49,3,47.3203,-122.3117,0.979592,341,6,false,,,,SWTDashboard,2026-07-20T19:41:07.883,2026-09-26T15:01:52
New Jersey,NJ,Fairfield,Fairfield,city,39,9,48,2,40.8822,-74.296,0.8125,351,15,false,,,,SWTDashboard,2026-07-20T19:41:07.883,2026-09-26T15:01:52
Vermont,VT,Jeffersonville,Jeffersonville,city,43,5,48,2,44.6388,-72.822,0.895833,351,3,false,,,,SWTDashboard,2026-07-20T19:41:07.883,2026-09-26T15:01:52
Florida,FL,Boca Raton,Boca Raton,city,45,2,47,5,26.3839,-80.1749,0.957447,353,11,false,,,,SWTDashboard,2026-07-20T19:41:07.883,2026-09-26T15:01:52
Massachusetts,MA,Great Barrington,Great Barrington,city,46,1,47,2,42.1959,-73.3607,0.978723,353,27,false,,,,SWTDashboard,2026-07-20T19:41:07.883,2026-09-26T15:01:52
Michigan,MI,Bellaire,Bellaire,city,46,1,47,2,44.9765,-85.2265,0.978723,353,14,false,,,,SWTDashboard,2026-07-20T19:41:07.883,2026-09-26T15:01:52
New York,NY,Bridgehampton,Bridgehampton,city,46,1,47,2,40.9339,-72.3077,0.978723,353,29,false,,,,SWTDashboard,2026-07-20T19:41:07.883,2026-09-26T15:01:52
Pennsylvania,PA,Canadensis,Canadensis,city,46,1,47,2,41.2338,-75.2573,0.978723,353,15,false,,,,SWTDashboard,2026-07-20T19:41:07.883,2026-09-26T15:01:52
Pennsylvania,PA,Lake Como,Lake Como,city,46,1,47,2,41.8666,-75.3231,0.978723,353,15,false,,,,SWTDashboard,2026-07-20T19:41:07.883,2026-09-26T15:01:52
Utah,UT,Bryce,Bryce,city,40,7,47,2,37.6184,-112.1735,0.851064,353,5,false,,,,SWTDashboard,2026-07-20T19:41:07.883,2026-09-26T15:01:52
Vermont,VT,South Burlington,South Burlington,city,38,9,47,2,44.4513,-73.1796,0.808511,353,4,false,,,,SWTDashboard,2026-07-20T19:41:07.883,2026-09-26T15:01:52
California,CA,Vallejo,Vallejo,city,46,0,46,1,38.1582,-122.2804,1.0,361,12,false,,,,SWTDashboard,2026-07-20T19:41:07.883,2026-09-26T15:01:52
Idaho,ID,Harrison,Harrison,city,45,1,46,2,47.5017,-116.7446,0.978261,361,3,false,,,,SWTDashboard,2026-07-20T19:41:07.883,2026-09-26T15:01:52
Massachusetts,MA,Sandwich,Sandwich,city,45,1,46,2,41.7113,-70.4775,0.978261,361,28,false,,,,SWTDashboard,2026-07-20T19:41:07.883,2026-09-26T15:01:52
Maine,ME,Bridgton,Bridgton,city,46,0,46,1,44.052,-70.7241,1.0,361,22,false,,,,SWTDashboard,2026-07-20T19:41:07.883,2026-09-26T15:01:52
Pennsylvania,PA,Preston Park,Preston Park,city,46,0,46,1,41.8867,-75.356,1.0,361,17,false,,,,SWTDashboard,2026-07-20T19:41:07.883,2026-09-26T15:01:52
Pennsylvania,PA,Starrucca,Starrucca,city,44,2,46,2,41.8907,-75.449,0.956522,361,17,false,,,,SWTDashboard,2026-07-20T19:41:07.883,2026-09-26T15:01:52
Vermont,VT,Highgate Springs,Highgate Springs,city,46,0,46,1,44.9748,-73.1052,1.0,361,5,false,,,,SWTDashboard,2026-07-20T19:41:07.883,2026-09-26T15:01:52
Wisconsin,WI,Boulder Junction,Boulder Junction,city,42,4,46,2,46.1112,-89.6325,0.913043,361,15,false,,,,SWTDashboard,2026-07-20T19:41:07.883,2026-09-26T15:01:52
Wisconsin,WI,Nekoosa,Nekoosa,city,46,0,46,1,44.282,-89.8814,1.0,361,15,false,,,,SWTDashboard,2026-07-20T19:41:07.883,2026-09-26T15:01:52
New Jersey,NJ,Jersey City,Jersey City,city,45,0,45,4,40.72005,-74.06115,1.0,370,16,false,,,,SWTDashboard,2026-07-20T19:41:07.883,2026-09-26T15:01:52
New York,NY,Milford,Milford,city,45,0,45,1,42.6148,-74.9685,1.0,370,30,false,,,,SWTDashboard,2026-07-20T19:41:07.883,2026-09-26T15:01:52
New York,NY,Ocean Beach,Ocean Beach,city,44,1,45,2,40.6443,-73.1613,0.977778,370,30,false,,,,SWTDashboard,2026-07-20T19:41:07.883,2026-09-26T15:01:52
New York,NY,Parksville,Parksville,city,45,0,45,1,41.8517,-74.7359,1.0,370,30,false,,,,SWTDashboard,2026-07-20T19:41:07.883,2026-09-26T15:01:52
New York,NY,Warrensburg,Warrensburg,city,45,0,45,1,43.5003,-73.792,1.0,370,30,false,,,,SWTDashboard,2026-07-20T19:41:07.883,2026-09-26T15:01:52
California,CA,Pioneer,Pioneer,city,44,0,44,1,38.4319,-120.5719,1.0,375,13,false,,,,SWTDashboard,2026-07-20T19:41:07.883,2026-09-26T15:01:52
Massachusetts,MA,North Truro,North Truro,city,44,0,44,1,42.0338,-70.0875,1.0,375,29,false,,,,SWTDashboard,2026-07-20T19:41:07.883,2026-09-26T15:01:52
Maryland,MD,Cambridge,Cambridge,city,43,1,44,2,38.5643,-76.0874,0.977273,375,14,false,,,,SWTDashboard,2026-07-20T19:41:07.883,2026-09-26T15:01:52
Missouri,MO,Pacific,Pacific,city,43,1,44,2,38.4922,-90.748,0.977273,375,8,false,,,,SWTDashboard,2026-07-20T19:41:07.883,2026-09-26T15:01:52
New Jersey,NJ,Hope,Hope,city,44,0,44,1,40.9197,-74.9846,1.0,375,17,false,,,,SWTDashboard,2026-07-20T19:41:07.883,2026-09-26T15:01:52
Pennsylvania,PA,West Mifflin,West Mifflin,city,44,0,44,1,40.3634,-79.8664,1.0,375,19,false,,,,SWTDashboard,2026-07-20T19:41:07.883,2026-09-26T15:01:52
Washington,WA,Port Angeles,Port Angeles,city,40,4,44,3,48.1065,-123.4384,0.909091,375,7,false,,,,SWTDashboard,2026-07-20T19:41:07.883,2026-09-26T15:01:52
Wisconsin,WI,Woodruff,Woodruff,city,42,2,44,2,45.9186,-89.6954,0.954545,375,17,false,,,,SWTDashboard,2026-07-20T19:41:07.883,2026-09-26T15:01:52
Iowa,IA,Spirit Lake,Spirit Lake,city,43,0,43,1,43.4262,-95.1123,1.0,383,4,false,,,,SWTDashboard,2026-07-20T19:41:07.883,2026-09-26T15:01:52
Maine,ME,Belgrade,Belgrade,city,43,0,43,1,44.4688,-69.8606,1.0,383,23,false,,,,SWTDashboard,2026-07-20T19:41:07.883,2026-09-26T15:01:52
Montana,MT,Bigfork,Bigfork,city,40,3,43,2,48.0633,-114.0726,0.930233,383,13,false,,,,SWTDashboard,2026-07-20T19:41:07.883,2026-09-26T15:01:52
North Carolina,NC,Atlantic Beach,Atlantic Beach,city,43,0,43,1,34.6991,-76.7402,1.0,383,15,false,,,,SWTDashboard,2026-07-20T19:41:07.883,2026-09-26T15:01:52
New Jersey,NJ,Lavallette,Lavallette,city,40,3,43,2,39.9775,-74.0704,0.930233,383,18,false,,,,SWTDashboard,2026-07-20T19:41:07.883,2026-09-26T15:01:52
New York,NY,Shandaken,Shandaken,city,43,0,43,1,42.1363,-74.3774,1.0,383,34,false,,,,SWTDashboard,2026-07-20T19:41:07.883,2026-09-26T15:01:52
Wisconsin,WI,Hayward,Hayward,city,43,0,43,1,45.9552,-91.2783,1.0,383,18,false,,,,SWTDashboard,2026-07-20T19:41:07.883,2026-09-26T15:01:52
California,CA,Lakeshore,Lakeshore,city,39,3,42,2,37.253,-119.1748,0.928571,390,14,false,,,,SWTDashboard,2026-07-20T19:41:07.883,2026-09-26T15:01:52
Maine,ME,Harrison,Harrison,city,42,0,42,1,44.1071,-70.6539,1.0,390,24,false,,,,SWTDashboard,2026-07-20T19:41:07.883,2026-09-26T15:01:52
Maine,ME,Kennebunk,Kennebunk,city,42,0,42,1,43.3881,-70.5478,1.0,390,24,false,,,,SWTDashboard,2026-07-20T19:41:07.883,2026-09-26T15:01:52
Maine,ME,Kennebunkport,Kennebunkport,city,37,5,42,2,43.3923,-70.4729,0.880952,390,24,false,,,,SWTDashboard,2026-07-20T19:41:07.883,2026-09-26T15:01:52
Texas,TX,Montgomery,Montgomery,city,41,1,42,2,30.4411,-95.7097,0.97619,390,7,false,,,,SWTDashboard,2026-07-20T19:41:07.883,2026-09-26T15:01:52
Michigan,MI,Mount Pleasant,Mount Pleasant,city,37,4,41,2,43.6013,-84.7736,0.902439,395,15,false,,,,SWTDashboard,2026-07-20T19:41:07.883,2026-09-26T15:01:52
Michigan,MI,Thompsonville,Thompsonville,city,41,0,41,1,44.5198,-85.946,1.0,395,15,false,,,,SWTDashboard,2026-07-20T19:41:07.883,2026-09-26T15:01:52
Montana,MT,Red Lodge,Red Lodge,city,40,1,41,2,45.1965,-109.2688,0.97561,395,14,false,,,,SWTDashboard,2026-07-20T19:41:07.883,2026-09-26T15:01:52
New Jersey,NJ,Marmora,Marmora,city,41,0,41,1,39.2586,-74.6593,1.0,395,19,false,,,,SWTDashboard,2026-07-20T19:41:07.883,2026-09-26T15:01:52
Texas,TX,Bandera,Bandera,city,41,0,41,1,29.7276,-99.0453,1.0,395,8,false,,,,SWTDashboard,2026-07-20T19:41:07.883,2026-09-26T15:01:52
Virginia,VA,Hampton,Hampton,city,36,5,41,4,37.0449,-76.3761,0.878049,395,23,false,,,,SWTDashboard,2026-07-20T19:41:07.883,2026-09-26T15:01:52
Massachusetts,MA,Lenox,Lenox,city,40,0,40,1,42.3642,-73.2713,1.0,401,30,false,,,,SWTDashboard,2026-07-20T19:41:07.883,2026-09-26T15:01:52
Maine,ME,York Beach,York Beach,city,38,2,40,2,43.1715,-70.6089,0.95,401,27,false,,,,SWTDashboard,2026-07-20T19:41:07.883,2026-09-26T15:01:52
Michigan,MI,Caseville,Caseville,city,38,2,40,2,43.9429,-83.2659,0.95,401,17,false,,,,SWTDashboard,2026-07-20T19:41:07.883,2026-09-26T15:01:52
New York,NY,Glen Spey,Glen Spey,city,40,0,40,1,41.4858,-74.7995,1.0,401,35,false,,,,SWTDashboard,2026-07-20T19:41:07.883,2026-09-26T15:01:52
Ohio,OH,Geneva,Geneva,city,36,4,40,2,41.8029,-80.9474,0.9,401,6,false,,,,SWTDashboard,2026-07-20T19:41:07.883,2026-09-26T15:01:52
Texas,TX,Austin,Austin,city,40,0,40,7,30.2713,-97.7426,1.0,401,9,false,,,,SWTDashboard,2026-07-20T19:41:07.883,2026-09-26T15:01:52
Colorado,CO,Idaho Springs,Idaho Springs,city,36,3,39,2,39.7402,-105.5983,0.923077,407,10,false,,,,SWTDashboard,2026-07-20T19:41:07.883,2026-09-26T15:01:52
Massachusetts,MA,Brookline,Brookline,city,38,1,39,3,42.3431,-71.123,0.974359,407,31,false,,,,SWTDashboard,2026-07-20T19:41:07.883,2026-09-26T15:01:52
Massachusetts,MA,Dennis,Dennis,city,36,3,39,2,41.7322,-70.1911,0.923077,407,31,false,,,,SWTDashboard,2026-07-20T19:41:07.883,2026-09-26T15:01:52
Maine,ME,Scarborough,Scarborough,city,37,2,39,2,43.5835,-70.3457,0.948718,407,28,false,,,,SWTDashboard,2026-07-20T19:41:07.883,2026-09-26T15:01:52
Minnesota,MN,Pequot Lakes,Pequot Lakes,city,26,13,39,2,46.6257,-94.2684,0.666667,407,9,false,,,,SWTDashboard,2026-07-20T19:41:07.883,2026-09-26T15:01:52
North Carolina,NC,Banner Elk,Banner Elk,city,26,13,39,2,36.1705,-81.8412,0.666667,407,16,false,,,,SWTDashboard,2026-07-20T19:41:07.883,2026-09-26T15:01:52
New York,NY,Raquette Lake,Raquette Lake,city,38,1,39,2,43.8131,-74.6574,0.974359,407,36,false,,,,SWTDashboard,2026-07-20T19:41:07.883,2026-09-26T15:01:52
New York,NY,Wingdale,Wingdale,city,37,2,39,2,41.6538,-73.5556,0.948718,407,36,false,,,,SWTDashboard,2026-07-20T19:41:07.883,2026-09-26T15:01:52
Texas,TX,Houston,Houston,city,36,3,39,6,29.78435,-95.41025,0.923077,407,10,false,,,,SWTDashboard,2026-07-20T19:41:07.883,2026-09-26T15:01:52
Utah,UT,Lake Powell,Lake Powell,city,35,4,39,2,37.7489,-110.2269,0.897436,407,6,false,,,,SWTDashboard,2026-07-20T19:41:07.883,2026-09-26T15:01:52
Vermont,VT,Fairlee,Fairlee,city,37,2,39,2,43.901,-72.1902,0.948718,407,6,false,,,,SWTDashboard,2026-07-20T19:41:07.883,2026-09-26T15:01:52
Colorado,CO,Breckenridge,Breckenridge,city,34,4,38,2,39.4753,-106.0225,0.894737,418,11,false,,,,SWTDashboard,2026-07-20T19:41:07.883,2026-09-26T15:01:52
Michigan,MI,Boyne City,Boyne City,city,37,1,38,2,45.2052,-85.0183,0.973684,418,18,false,,,,SWTDashboard,2026-07-20T19:41:07.883,2026-09-26T15:01:52
Michigan,MI,Decatur,Decatur,city,38,0,38,1,42.1012,-86.0338,1.0,418,18,false,,,,SWTDashboard,2026-07-20T19:41:07.883,2026-09-26T15:01:52
North Carolina,NC,Lake Junaluska,Lake Junaluska,city,38,0,38,1,35.5258,-82.9704,1.0,418,17,false,,,,SWTDashboard,2026-07-20T19:41:07.883,2026-09-26T15:01:52
South Carolina,SC,Bluffton,Bluffton,city,29,9,38,2,32.2513,-80.8721,0.763158,418,5,false,,,,SWTDashboard,2026-07-20T19:41:07.883,2026-09-26T15:01:52
Maryland,MD,Annapolis,Annapolis,city,37,0,37,3,38.9898,-76.491,1.0,423,15,false,,,,SWTDashboard,2026-07-20T19:41:07.883,2026-09-26T15:01:52
North Carolina,NC,Oak Island,Oak Island,city,37,0,37,1,33.9161,-78.1255,1.0,423,18,false,,,,SWTDashboard,2026-07-20T19:41:07.883,2026-09-26T15:01:52
New Hampshire,NH,Gilford,Gilford,city,31,6,37,2,43.5475,-71.4072,0.837838,423,14,false,,,,SWTDashboard,2026-07-20T19:41:07.883,2026-09-26T15:01:52
New York,NY,Blue Mountain Lake,Blue Mountain Lake,city,35,2,37,2,43.8553,-74.4435,0.945946,423,38,false,,,,SWTDashboard,2026-07-20T19:41:07.883,2026-09-26T15:01:52
New York,NY,Liberty,Liberty,city,37,0,37,1,41.7962,-74.7484,1.0,423,38,false,,,,SWTDashboard,2026-07-20T19:41:07.883,2026-09-26T15:01:52
Ohio,OH,Kelleys Island,Kelleys Island,city,30,7,37,2,41.6008,-82.7068,0.810811,423,7,false,,,,SWTDashboard,2026-07-20T19:41:07.883,2026-09-26T15:01:52
Rhode Island,RI,Middletown,Middletown,city,37,0,37,1,41.5198,-71.2731,1.0,423,5,false,,,,SWTDashboard,2026-07-20T19:41:07.883,2026-09-26T15:01:52
Virginia,VA,Chesapeake,Chesapeake,city,37,0,37,6,36.7823,-76.2543,1.0,423,24,false,,,,SWTDashboard,2026-07-20T19:41:07.883,2026-09-26T15:01:52
Virginia,VA,Gainesville,Gainesville,city,37,0,37,1,38.8157,-77.6216,1.0,423,24,false,,,,SWTDashboard,2026-07-20T19:41:07.883,2026-09-26T15:01:52
Wisconsin,WI,Green Lake,Green Lake,city,36,1,37,2,43.8444,-88.9685,0.972973,423,19,false,,,,SWTDashboard,2026-07-20T19:41:07.883,2026-09-26T15:01:52
Wisconsin,WI,Mukwonago,Mukwonago,city,37,0,37,1,42.8821,-88.3451,1.0,423,19,false,,,,SWTDashboard,2026-07-20T19:41:07.883,2026-09-26T15:01:52
California,CA,Kings Beach,Kings Beach,city,35,1,36,2,39.2401,-120.0233,0.972222,434,15,false,,,,SWTDashboard,2026-07-20T19:41:07.883,2026-09-26T15:01:52
Massachusetts,MA,Palmer,Palmer,city,36,0,36,1,42.1762,-72.3288,1.0,434,33,false,,,,SWTDashboard,2026-07-20T19:41:07.883,2026-09-26T15:01:52
New York,NY,Cooperstown,Cooperstown,city,36,0,36,1,42.7005,-74.9243,1.0,434,40,false,,,,SWTDashboard,2026-07-20T19:41:07.883,2026-09-26T15:01:52
New York,NY,Greenfield Park,Greenfield Park,city,36,0,36,1,41.7281,-74.5201,1.0,434,40,false,,,,SWTDashboard,2026-07-20T19:41:07.883,2026-09-26T15:01:52
New York,NY,Hopewell Junction,Hopewell Junction,city,36,0,36,1,41.5603,-73.7939,1.0,434,40,false,,,,SWTDashboard,2026-07-20T19:41:07.883,2026-09-26T15:01:52
Washington,WA,Chelan,Chelan,city,35,1,36,2,47.8483,-120.0273,0.972222,434,8,false,,,,SWTDashboard,2026-07-20T19:41:07.883,2026-09-26T15:01:52
Washington,WA,Eastsound,Eastsound,city,36,0,36,1,48.6968,-122.9055,1.0,434,8,false,,,,SWTDashboard,2026-07-20T19:41:07.883,2026-09-26T15:01:52
California,CA,Death Valley,Death Valley,city,34,1,35,2,36.4672,-116.8937,0.971429,441,16,false,,,,SWTDashboard,2026-07-20T19:41:07.883,2026-09-26T15:01:52
Idaho,ID,McCall,McCall,city,35,0,35,1,44.8918,-116.0789,1.0,441,4,false,,,,SWTDashboard,2026-07-20T19:41:07.883,2026-09-26T15:01:52
Massachusetts,MA,Eastham,Eastham,city,34,1,35,2,41.8408,-69.9849,0.971429,441,34,false,,,,SWTDashboard,2026-07-20T19:41:07.883,2026-09-26T15:01:52
New York,NY,Hampton Bays,Hampton Bays,city,33,2,35,2,40.8726,-72.5202,0.942857,441,43,false,,,,SWTDashboard,2026-07-20T19:41:07.883,2026-09-26T15:01:52
Oregon,OR,Seaside,Seaside,city,33,2,35,2,45.9932,-123.9226,0.942857,441,2,false,,,,SWTDashboard,2026-07-20T19:41:07.883,2026-09-26T15:01:52
South Carolina,SC,Murrells Inlet,Murrells Inlet,city,35,0,35,1,33.5507,-79.0528,1.0,441,6,false,,,,SWTDashboard,2026-07-20T19:41:07.883,2026-09-26T15:01:52
Virginia,VA,Centreville,Centreville,city,35,0,35,2,38.83215,-77.4614,1.0,441,26,false,,,,SWTDashboard,2026-07-20T19:41:07.883,2026-09-26T15:01:52
Wisconsin,WI,Rhinelander,Rhinelander,city,35,0,35,1,45.7045,-89.3866,1.0,441,21,false,,,,SWTDashboard,2026-07-20T19:41:07.883,2026-09-26T15:01:52
Massachusetts,MA,East Wareham,East Wareham,city,34,0,34,1,41.7682,-70.6532,1.0,449,35,false,,,,SWTDashboard,2026-07-20T19:41:07.883,2026-09-26T15:01:52
Massachusetts,MA,South Dennis,South Dennis,city,32,2,34,2,41.7097,-70.1585,0.941176,449,35,false,,,,SWTDashboard,2026-07-20T19:41:07.883,2026-09-26T15:01:52
New York,NY,Long Lake,Long Lake,city,31,3,34,2,43.9477,-74.4662,0.911765,449,44,false,,,,SWTDashboard,2026-07-20T19:41:07.883,2026-09-26T15:01:52
New York,NY,Shelter Island,Shelter Island,city,34,0,34,1,41.064,-72.3366,1.0,449,44,false,,,,SWTDashboard,2026-07-20T19:41:07.883,2026-09-26T15:01:52
Pennsylvania,PA,Henryville,Henryville,city,32,2,34,2,41.0889,-75.2798,0.941176,449,20,false,,,,SWTDashboard,2026-07-20T19:41:07.883,2026-09-26T15:01:52
Virginia,VA,Henrico,Henrico,city,34,0,34,3,37.52,-77.4369,1.0,449,27,false,,,,SWTDashboard,2026-07-20T19:41:07.883,2026-09-26T15:01:52
Alaska,AK,Soldotna,Soldotna,city,33,0,33,1,60.4818,-151.1358,1.0,455,13,false,,,,SWTDashboard,2026-07-20T19:41:07.883,2026-09-26T15:01:52
California,CA,Groveland,Groveland,city,31,2,33,2,37.8298,-120.1037,0.939394,455,17,false,,,,SWTDashboard,2026-07-20T19:41:07.883,2026-09-26T15:01:52
Idaho,ID,Stanley,Stanley,city,29,4,33,2,44.3714,-114.8561,0.878788,455,5,false,,,,SWTDashboard,2026-07-20T19:41:07.883,2026-09-26T15:01:52
Maine,ME,Rockland,Rockland,city,33,0,33,1,44.1123,-69.1139,1.0,455,29,false,,,,SWTDashboard,2026-07-20T19:41:07.883,2026-09-26T15:01:52
Mississippi,MS,Hattiesburg,Hattiesburg,city,33,0,33,1,31.3146,-89.3065,1.0,455,1,false,,,,SWTDashboard,2026-07-20T19:41:07.883,2026-09-26T15:01:52
Oregon,OR,Pacific City,Pacific City,city,33,0,33,1,45.205,-123.959,1.0,455,3,false,,,,SWTDashboard,2026-07-20T19:41:07.883,2026-09-26T15:01:52
Pennsylvania,PA,Oxford,Oxford,city,33,0,33,1,39.7827,-75.9815,1.0,455,21,false,,,,SWTDashboard,2026-07-20T19:41:07.883,2026-09-26T15:01:52
Pennsylvania,PA,Starlight,Starlight,city,33,0,33,1,41.9251,-75.3212,1.0,455,21,false,,,,SWTDashboard,2026-07-20T19:41:07.883,2026-09-26T15:01:52
Rhode Island,RI,Wakefield,Wakefield,city,33,0,33,1,41.4437,-71.5342,1.0,455,6,false,,,,SWTDashboard,2026-07-20T19:41:07.883,2026-09-26T15:01:52
Utah,UT,Ivins,Ivins,city,33,0,33,1,37.179,-113.7066,1.0,455,7,false,,,,SWTDashboard,2026-07-20T19:41:07.883,2026-09-26T15:01:52
California,CA,Fish Camp,Fish Camp,city,32,0,32,1,37.4785,-119.6404,1.0,465,18,false,,,,SWTDashboard,2026-07-20T19:41:07.883,2026-09-26T15:01:52
Illinois,IL,Glencoe,Glencoe,city,32,0,32,1,42.1333,-87.7615,1.0,465,3,false,,,,SWTDashboard,2026-07-20T19:41:07.883,2026-09-26T15:01:52
Maryland,MD,Odenton,Odenton,city,32,0,32,1,39.0762,-76.6996,1.0,465,16,false,,,,SWTDashboard,2026-07-20T19:41:07.883,2026-09-26T15:01:52
Maine,ME,Kents Hill,Kents Hill,city,32,0,32,1,44.4383,-70.0748,1.0,465,30,false,,,,SWTDashboard,2026-07-20T19:41:07.883,2026-09-26T15:01:52
Michigan,MI,Indian River,Indian River,city,29,3,32,2,45.427,-84.5956,0.90625,465,20,false,,,,SWTDashboard,2026-07-20T19:41:07.883,2026-09-26T15:01:52
Minnesota,MN,Two Harbors,Two Harbors,city,31,1,32,2,47.0394,-91.6783,0.96875,465,10,false,,,,SWTDashboard,2026-07-20T19:41:07.883,2026-09-26T15:01:52
New Hampshire,NH,Hebron,Hebron,city,31,1,32,2,43.7186,-71.827,0.96875,465,15,false,,,,SWTDashboard,2026-07-20T19:41:07.883,2026-09-26T15:01:52
South Carolina,SC,Isle Of Palms,Isle Of Palms,city,32,0,32,1,32.7943,-79.7729,1.0,465,7,false,,,,SWTDashboard,2026-07-20T19:41:07.883,2026-09-26T15:01:52
California,CA,Miramonte,Miramonte,city,31,0,31,1,36.6894,-119.0477,1.0,473,19,false,,,,SWTDashboard,2026-07-20T19:41:07.883,2026-09-26T15:01:52
Delaware,DE,Lewes,Lewes,city,31,0,31,1,38.7381,-75.1747,1.0,473,6,false,,,,SWTDashboard,2026-07-20T19:41:07.883,2026-09-26T15:01:52
Delaware,DE,Millsboro,Millsboro,city,31,0,31,1,38.6595,-75.2464,1.0,473,6,false,,,,SWTDashboard,2026-07-20T19:41:07.883,2026-09-26T15:01:52
Florida,FL,Rosemary Beach,Rosemary Beach,city,31,0,31,1,30.2835,-86.0305,1.0,473,12,false,,,,SWTDashboard,2026-07-20T19:41:07.883,2026-09-26T15:01:52
Michigan,MI,Frankenmuth,Frankenmuth,city,22,9,31,2,43.341,-83.7475,0.709677,473,21,false,,,,SWTDashboard,2026-07-20T19:41:07.883,2026-09-26T15:01:52
Michigan,MI,Ludington,Ludington,city,28,3,31,2,43.9688,-86.4403,0.903226,473,21,false,,,,SWTDashboard,2026-07-20T19:41:07.883,2026-09-26T15:01:52
North Carolina,NC,Arapahoe,Arapahoe,city,31,0,31,1,35.0055,-76.8149,1.0,473,19,false,,,,SWTDashboard,2026-07-20T19:41:07.883,2026-09-26T15:01:52
New Jersey,NJ,Hackettstown,Hackettstown,city,23,8,31,2,40.8529,-74.8343,0.741935,473,20,false,,,,SWTDashboard,2026-07-20T19:41:07.883,2026-09-26T15:01:52
Nevada,NV,Sparks,Sparks,city,31,0,31,2,39.5871,-119.73185,1.0,473,6,false,,,,SWTDashboard,2026-07-20T19:41:07.883,2026-09-26T15:01:52
New York,NY,Elizaville,Elizaville,city,31,0,31,1,42.0902,-73.7818,1.0,473,46,false,,,,SWTDashboard,2026-07-20T19:41:07.883,2026-09-26T15:01:52
Pennsylvania,PA,Hawley,Hawley,city,31,0,31,1,41.4787,-75.1978,1.0,473,23,false,,,,SWTDashboard,2026-07-20T19:41:07.883,2026-09-26T15:01:52
Pennsylvania,PA,Newtown,Newtown,city,31,0,31,1,40.263,-74.9555,1.0,473,23,false,,,,SWTDashboard,2026-07-20T19:41:07.883,2026-09-26T15:01:52
Virginia,VA,Reston,Reston,city,31,0,31,3,38.9615,-77.3419,1.0,473,28,false,,,,SWTDashboard,2026-07-20T19:41:07.883,2026-09-26T15:01:52
Massachusetts,MA,Buzzards Bay,Buzzards Bay,city,29,1,30,2,41.7455,-70.5905,0.966667,486,37,false,,,,SWTDashboard,2026-07-20T19:41:07.883,2026-09-26T15:01:52
Maryland,MD,Ellicott City,Ellicott City,city,28,2,30,3,39.2726,-76.8614,0.933333,486,17,false,,,,SWTDashboard,2026-07-20T19:41:07.883,2026-09-26T15:01:52
Maine,ME,Oxford,Oxford,city,30,0,30,1,44.1118,-70.5098,1.0,486,31,false,,,,SWTDashboard,2026-07-20T19:41:07.883,2026-09-26T15:01:52
Maine,ME,South Casco,South Casco,city,29,1,30,2,43.91,-70.5245,0.966667,486,31,false,,,,SWTDashboard,2026-07-20T19:41:07.883,2026-09-26T15:01:52
Pennsylvania,PA,Elysburg,Elysburg,city,28,2,30,2,40.8639,-76.5569,0.933333,486,25,false,,,,SWTDashboard,2026-07-20T19:41:07.883,2026-09-26T15:01:52
Pennsylvania,PA,Langhorne,Langhorne,city,30,0,30,1,40.1813,-74.9104,1.0,486,25,false,,,,SWTDashboard,2026-07-20T19:41:07.883,2026-09-26T15:01:52
Tennessee,TN,Franklin,Franklin,city,28,2,30,3,35.9121,-86.7655,0.933333,486,5,false,,,,SWTDashboard,2026-07-20T19:41:07.883,2026-09-26T15:01:52
Virginia,VA,Urbanna,Urbanna,city,30,0,30,1,37.6356,-76.5918,1.0,486,29,false,,,,SWTDashboard,2026-07-20T19:41:07.883,2026-09-26T15:01:52
Virginia,VA,Vienna,Vienna,city,30,0,30,3,38.8977,-77.2649,1.0,486,29,false,,,,SWTDashboard,2026-07-20T19:41:07.883,2026-09-26T15:01:52
Wisconsin,WI,Oconomowoc,Oconomowoc,city,30,0,30,1,43.1095,-88.4862,1.0,486,22,false,,,,SWTDashboard,2026-07-20T19:41:07.883,2026-09-26T15:01:52
California,CA,Carlsbad,Carlsbad,city,29,0,29,2,33.1278,-117.29345,1.0,496,20,false,,,,SWTDashboard,2026-07-20T19:41:07.883,2026-09-26T15:01:52
Colorado,CO,Nathrop,Nathrop,city,29,0,29,1,38.7103,-106.1166,1.0,496,12,false,,,,SWTDashboard,2026-07-20T19:41:07.883,2026-09-26T15:01:52
Connecticut,CT,Colebrook,Colebrook,city,29,0,29,1,41.9895,-73.0957,1.0,496,3,false,,,,SWTDashboard,2026-07-20T19:41:07.883,2026-09-26T15:01:52
Georgia,GA,Clayton,Clayton,city,29,0,29,1,34.8826,-83.4065,1.0,496,5,false,,,,SWTDashboard,2026-07-20T19:41:07.883,2026-09-26T15:01:52
Maryland,MD,Thurmont,Thurmont,city,29,0,29,1,39.6109,-77.3989,1.0,496,18,false,,,,SWTDashboard,2026-07-20T19:41:07.883,2026-09-26T15:01:52
Maine,ME,Ellsworth,Ellsworth,city,29,0,29,1,44.5548,-68.4121,1.0,496,33,false,,,,SWTDashboard,2026-07-20T19:41:07.883,2026-09-26T15:01:52
North Dakota,ND,Minot,Minot,city,29,0,29,2,48.27985,-101.30705,1.0,496,2,false,,,,SWTDashboard,2026-07-20T19:41:07.883,2026-09-26T15:01:52
New York,NY,Canandaigua,Canandaigua,city,27,2,29,2,42.8689,-77.2846,0.931034,496,47,false,,,,SWTDashboard,2026-07-20T19:41:07.883,2026-09-26T15:01:52
South Carolina,SC,Conway,Conway,city,28,1,29,2,33.8731,-79.0557,0.965517,496,8,false,,,,SWTDashboard,2026-07-20T19:41:07.883,2026-09-26T15:01:52
Vermont,VT,Essex Junction,Essex Junction,city,28,1,29,2,44.5035,-73.0906,0.965517,496,7,false,,,,SWTDashboard,2026-07-20T19:41:07.883,2026-09-26T15:01:52
Wyoming,WY,Buffalo,Buffalo,city,29,0,29,1,44.3485,-106.7073,1.0,496,7,false,,,,SWTDashboard,2026-07-20T19:41:07.883,2026-09-26T15:01:52
Connecticut,CT,Darien,Darien,city,28,0,28,1,41.0768,-73.4853,1.0,507,4,false,,,,SWTDashboard,2026-07-20T19:41:07.883,2026-09-26T15:01:52
Massachusetts,MA,Charlestown,Charlestown,city,26,2,28,2,42.3778,-71.0627,0.928571,507,38,false,,,,SWTDashboard,2026-07-20T19:41:07.883,2026-09-26T15:01:52
Massachusetts,MA,Framingham,Framingham,city,28,0,28,2,42.29145,-71.4297,1.0,507,38,false,,,,SWTDashboard,2026-07-20T19:41:07.883,2026-09-26T15:01:52
Maine,ME,Waterford,Waterford,city,27,1,28,2,44.1931,-70.7163,0.964286,507,34,false,,,,SWTDashboard,2026-07-20T19:41:07.883,2026-09-26T15:01:52
Minnesota,MN,Deerwood,Deerwood,city,25,3,28,2,46.4446,-93.8849,0.892857,507,11,false,,,,SWTDashboard,2026-07-20T19:41:07.883,2026-09-26T15:01:52
New Hampshire,NH,Amherst,Amherst,city,28,0,28,1,42.8569,-71.6075,1.0,507,16,false,,,,SWTDashboard,2026-07-20T19:41:07.883,2026-09-26T15:01:52
New Hampshire,NH,Piermont,Piermont,city,28,0,28,1,43.9906,-72.0813,1.0,507,16,false,,,,SWTDashboard,2026-07-20T19:41:07.883,2026-09-26T15:01:52
New York,NY,Fishers Island,Fishers Island,city,27,1,28,2,41.2639,-72.0178,0.964286,507,48,false,,,,SWTDashboard,2026-07-20T19:41:07.883,2026-09-26T15:01:52
New York,NY,Putnam Valley,Putnam Valley,city,28,0,28,1,41.3728,-73.8502,1.0,507,48,false,,,,SWTDashboard,2026-07-20T19:41:07.883,2026-09-26T15:01:52
New York,NY,South Fallsburg,South Fallsburg,city,28,0,28,1,41.7042,-74.6444,1.0,507,48,false,,,,SWTDashboard,2026-07-20T19:41:07.883,2026-09-26T15:01:52
New York,NY,Verona,Verona,city,28,0,28,1,43.1473,-75.5724,1.0,507,48,false,,,,SWTDashboard,2026-07-20T19:41:07.883,2026-09-26T15:01:52
Ohio,OH,Toledo,Toledo,city,28,0,28,3,41.6298,-83.606,1.0,507,8,false,,,,SWTDashboard,2026-07-20T19:41:07.883,2026-09-26T15:01:52
Oklahoma,OK,Oklahoma City,Oklahoma City,city,28,0,28,4,35.3826,-97.48405,1.0,507,1,false,,,,SWTDashboard,2026-07-20T19:41:07.883,2026-09-26T15:01:52
Texas,TX,Kemah,Kemah,city,28,0,28,1,29.5236,-95.0276,1.0,507,11,false,,,,SWTDashboard,2026-07-20T19:41:07.883,2026-09-26T15:01:52
Virginia,VA,Lorton,Lorton,city,28,0,28,1,38.6929,-77.204,1.0,507,31,false,,,,SWTDashboard,2026-07-20T19:41:07.883,2026-09-26T15:01:52
Wisconsin,WI,Webster,Webster,city,28,0,28,1,45.874,-92.3227,1.0,507,23,false,,,,SWTDashboard,2026-07-20T19:41:07.883,2026-09-26T15:01:52
Colorado,CO,Avon,Avon,city,26,1,27,2,39.6313,-106.5108,0.962963,523,13,false,,,,SWTDashboard,2026-07-20T19:41:07.883,2026-09-26T15:01:52
Connecticut,CT,Madison,Madison,city,27,0,27,1,41.309,-72.6153,1.0,523,5,false,,,,SWTDashboard,2026-07-20T19:41:07.883,2026-09-26T15:01:52
Delaware,DE,Millville,Millville,city,23,4,27,2,38.5496,-75.1232,0.851852,523,8,false,,,,SWTDashboard,2026-07-20T19:41:07.883,2026-09-26T15:01:52
Florida,FL,Fernandina Beach,Fernandina Beach,city,27,0,27,1,30.6697,-81.4626,1.0,523,13,false,,,,SWTDashboard,2026-07-20T19:41:07.883,2026-09-26T15:01:52
Georgia,GA,Greensboro,Greensboro,city,25,2,27,2,33.5637,-83.1702,0.925926,523,6,false,,,,SWTDashboard,2026-07-20T19:41:07.883,2026-09-26T15:01:52
Maine,ME,Seal Harbor,Seal Harbor,city,27,0,27,1,44.299,-68.2463,1.0,523,35,false,,,,SWTDashboard,2026-07-20T19:41:07.883,2026-09-26T15:01:52
Minnesota,MN,Ely,Ely,city,27,0,27,1,47.9034,-91.857,1.0,523,12,false,,,,SWTDashboard,2026-07-20T19:41:07.883,2026-09-26T15:01:52
North Carolina,NC,Raleigh,Raleigh,city,27,0,27,3,35.8334,-78.6393,1.0,523,20,false,,,,SWTDashboard,2026-07-20T19:41:07.883,2026-09-26T15:01:52
New York,NY,Cold Spring,Cold Spring,city,27,0,27,1,41.4414,-73.9335,1.0,523,52,false,,,,SWTDashboard,2026-07-20T19:41:07.883,2026-09-26T15:01:52
New York,NY,East Setauket,East Setauket,city,25,2,27,2,40.9426,-73.1116,0.925926,523,52,false,,,,SWTDashboard,2026-07-20T19:41:07.883,2026-09-26T15:01:52
New York,NY,Penn Yan,Penn Yan,city,26,1,27,2,42.6645,-77.0569,0.962963,523,52,false,,,,SWTDashboard,2026-07-20T19:41:07.883,2026-09-26T15:01:52
Oregon,OR,Cannon Beach,Cannon Beach,city,26,1,27,2,45.8918,-123.9615,0.962963,523,4,false,,,,SWTDashboard,2026-07-20T19:41:07.883,2026-09-26T15:01:52
Pennsylvania,PA,Pittsburgh,Pittsburgh,city,27,0,27,6,40.4364,-80.006,1.0,523,27,false,,,,SWTDashboard,2026-07-20T19:41:07.883,2026-09-26T15:01:52
Alabama,AL,Cullman,Cullman,city,22,4,26,2,34.1761,-86.8298,0.846154,536,4,false,,,,SWTDashboard,2026-07-20T19:41:07.883,2026-09-26T15:01:52
Florida,FL,Kissimmee,Kissimmee,city,26,0,26,2,28.28585,-81.52865,1.0,536,14,false,,,,SWTDashboard,2026-07-20T19:41:07.883,2026-09-26T15:01:52
Idaho,ID,Driggs,Driggs,city,24,2,26,2,43.7263,-111.1199,0.923077,536,6,false,,,,SWTDashboard,2026-07-20T19:41:07.883,2026-09-26T15:01:52
Maryland,MD,Cascade,Cascade,city,26,0,26,1,39.6958,-77.4955,1.0,536,19,false,,,,SWTDashboard,2026-07-20T19:41:07.883,2026-09-26T15:01:52
Maine,ME,Denmark,Denmark,city,24,2,26,2,43.9755,-70.7924,0.923077,536,36,false,,,,SWTDashboard,2026-07-20T19:41:07.883,2026-09-26T15:01:52
Michigan,MI,Glen Arbor,Glen Arbor,city,26,0,26,1,44.8734,-85.9887,1.0,536,23,false,,,,SWTDashboard,2026-07-20T19:41:07.883,2026-09-26T15:01:52
Montana,MT,Cooke City,Cooke City,city,23,3,26,2,45.0234,-109.907,0.884615,536,15,false,,,,SWTDashboard,2026-07-20T19:41:07.883,2026-09-26T15:01:52
New Hampshire,NH,North Woodstock,North Woodstock,city,24,2,26,2,44.0354,-71.6863,0.923077,536,18,false,,,,SWTDashboard,2026-07-20T19:41:07.883,2026-09-26T15:01:52
New Hampshire,NH,West Lebanon,West Lebanon,city,25,1,26,2,43.644,-72.3007,0.961538,536,18,false,,,,SWTDashboard,2026-07-20T19:41:07.883,2026-09-26T15:01:52
New Jersey,NJ,Asbury Park,Asbury Park,city,26,0,26,1,40.2507,-74.0486,1.0,536,21,false,,,,SWTDashboard,2026-07-20T19:41:07.883,2026-09-26T15:01:52
Pennsylvania,PA,East Stroudsburg,East Stroudsburg,city,26,0,26,2,41.06515,-75.1461,1.0,536,28,false,,,,SWTDashboard,2026-07-20T19:41:07.883,2026-09-26T15:01:52
Pennsylvania,PA,Waynesboro,Waynesboro,city,26,0,26,1,39.7635,-77.5674,1.0,536,28,false,,,,SWTDashboard,2026-07-20T19:41:07.883,2026-09-26T15:01:52
Wisconsin,WI,Bayfield,Bayfield,city,25,1,26,2,46.8354,-90.8217,0.961538,536,24,false,,,,SWTDashboard,2026-07-20T19:41:07.883,2026-09-26T15:01:52
Alaska,AK,Hoonah,Hoonah,city,25,0,25,1,58.0977,-135.4316,1.0,549,14,false,,,,SWTDashboard,2026-07-20T19:41:07.883,2026-09-26T15:01:52
Alaska,AK,Sitka,Sitka,city,25,0,25,1,57.0514,-135.3166,1.0,549,14,false,,,,SWTDashboard,2026-07-20T19:41:07.883,2026-09-26T15:01:52
Alaska,AK,Valdez,Valdez,city,25,0,25,1,61.101,-146.9,1.0,549,14,false,,,,SWTDashboard,2026-07-20T19:41:07.883,2026-09-26T15:01:52
Colorado,CO,Larkspur,Larkspur,city,25,0,25,1,39.2011,-104.8546,1.0,549,14,false,,,,SWTDashboard,2026-07-20T19:41:07.883,2026-09-26T15:01:52
Connecticut,CT,Lakeville,Lakeville,city,25,0,25,1,41.9516,-73.4377,1.0,549,6,false,,,,SWTDashboard,2026-07-20T19:41:07.883,2026-09-26T15:01:52
Hawaii,HI,Kihei,Kihei,city,25,0,25,1,20.7441,-156.4475,1.0,549,4,false,,,,SWTDashboard,2026-07-20T19:41:07.883,2026-09-26T15:01:52
Massachusetts,MA,West Stockbridge,West Stockbridge,city,25,0,25,1,42.3348,-73.3825,1.0,549,40,false,,,,SWTDashboard,2026-07-20T19:41:07.883,2026-09-26T15:01:52
Maryland,MD,Edgewater,Edgewater,city,25,0,25,1,38.9149,-76.5424,1.0,549,20,false,,,,SWTDashboard,2026-07-20T19:41:07.883,2026-09-26T15:01:52
Maryland,MD,Glen Burnie,Glen Burnie,city,25,0,25,2,39.166,-76.60475,1.0,549,20,false,,,,SWTDashboard,2026-07-20T19:41:07.883,2026-09-26T15:01:52
Minnesota,MN,Bemidji,Bemidji,city,25,0,25,1,47.572,-94.8013,1.0,549,13,false,,,,SWTDashboard,2026-07-20T19:41:07.883,2026-09-26T15:01:52
Missouri,MO,Hollister,Hollister,city,21,4,25,2,36.6107,-93.2286,0.84,549,9,false,,,,SWTDashboard,2026-07-20T19:41:07.883,2026-09-26T15:01:52
North Carolina,NC,Lake Lure,Lake Lure,city,25,0,25,1,35.4464,-82.1752,1.0,549,21,false,,,,SWTDashboard,2026-07-20T19:41:07.883,2026-09-26T15:01:52
New Jersey,NJ,Long Branch,Long Branch,city,24,1,25,2,40.2992,-73.9912,0.96,549,22,false,,,,SWTDashboard,2026-07-20T19:41:07.883,2026-09-26T15:01:52
New York,NY,Pelham,Pelham,city,24,1,25,2,40.9045,-73.8073,0.96,549,55,false,,,,SWTDashboard,2026-07-20T19:41:07.883,2026-09-26T15:01:52
New York,NY,Roscoe,Roscoe,city,25,0,25,1,41.9609,-74.9346,1.0,549,55,false,,,,SWTDashboard,2026-07-20T19:41:07.883,2026-09-26T15:01:52
Ohio,OH,Beachwood,Beachwood,city,25,0,25,1,41.4701,-81.5232,1.0,549,9,false,,,,SWTDashboard,2026-07-20T19:41:07.883,2026-09-26T15:01:52
Oregon,OR,Crater Lake,Crater Lake,city,20,5,25,2,42.9465,-122.1769,0.8,549,5,false,,,,SWTDashboard,2026-07-20T19:41:07.883,2026-09-26T15:01:52
Pennsylvania,PA,Philadelphia,Philadelphia,city,24,1,25,7,39.966,-75.1473,0.96,549,30,false,,,,SWTDashboard,2026-07-20T19:41:07.883,2026-09-26T15:01:52
Texas,TX,Corpus Christi,Corpus Christi,city,25,0,25,3,27.7262,-97.3877,1.0,549,12,false,,,,SWTDashboard,2026-07-20T19:41:07.883,2026-09-26T15:01:52
Utah,UT,Dutch John,Dutch John,city,25,0,25,1,40.9291,-109.391,1.0,549,8,false,,,,SWTDashboard,2026-07-20T19:41:07.883,2026-09-26T15:01:52
Utah,UT,Sandy,Sandy,city,22,3,25,5,40.5834,-111.831,0.88,549,8,false,,,,SWTDashboard,2026-07-20T19:41:07.883,2026-09-26T15:01:52
Wisconsin,WI,Baileys Harbor,Baileys Harbor,city,25,0,25,1,45.0565,-87.1676,1.0,549,25,false,,,,SWTDashboard,2026-07-20T19:41:07.883,2026-09-26T15:01:52
Wisconsin,WI,Conover,Conover,city,23,2,25,2,46.044,-89.2389,0.92,549,25,false,,,,SWTDashboard,2026-07-20T19:41:07.883,2026-09-26T15:01:52
California,CA,Chester,Chester,city,24,0,24,1,40.2975,-121.2273,1.0,572,21,false,,,,SWTDashboard,2026-07-20T19:41:07.883,2026-09-26T15:01:52
California,CA,Pollock Pines,Pollock Pines,city,24,0,24,1,38.7708,-120.5427,1.0,572,21,false,,,,SWTDashboard,2026-07-20T19:41:07.883,2026-09-26T15:01:52
Florida,FL,Tampa,Tampa,city,20,4,24,4,28.0058,-82.45,0.833333,572,15,false,,,,SWTDashboard,2026-07-20T19:41:07.883,2026-09-26T15:01:52
Maine,ME,Brooksville,Brooksville,city,22,2,24,2,44.3756,-68.7313,0.916667,572,37,false,,,,SWTDashboard,2026-07-20T19:41:07.883,2026-09-26T15:01:52
Michigan,MI,Houghton,Houghton,city,22,2,24,2,47.1158,-88.558,0.916667,572,24,false,,,,SWTDashboard,2026-07-20T19:41:07.883,2026-09-26T15:01:52
Minnesota,MN,Onamia,Onamia,city,20,4,24,2,46.0902,-93.6867,0.833333,572,14,false,,,,SWTDashboard,2026-07-20T19:41:07.883,2026-09-26T15:01:52
New Hampshire,NH,Bartlett,Bartlett,city,21,3,24,2,44.0802,-71.292,0.875,572,20,false,,,,SWTDashboard,2026-07-20T19:41:07.883,2026-09-26T15:01:52
New Jersey,NJ,Medford,Medford,city,23,1,24,2,39.8637,-74.8223,0.958333,572,23,false,,,,SWTDashboard,2026-07-20T19:41:07.883,2026-09-26T15:01:52
New Mexico,NM,Angel Fire,Angel Fire,city,23,1,24,2,36.3849,-105.2439,0.958333,572,3,false,,,,SWTDashboard,2026-07-20T19:41:07.883,2026-09-26T15:01:52
New York,NY,Amagansett,Amagansett,city,23,1,24,2,40.9895,-72.0959,0.958333,572,57,false,,,,SWTDashboard,2026-07-20T19:41:07.883,2026-09-26T15:01:52
Pennsylvania,PA,Tyler Hill,Tyler Hill,city,24,0,24,1,41.7011,-75.1422,1.0,572,31,false,,,,SWTDashboard,2026-07-20T19:41:07.883,2026-09-26T15:01:52
Washington,WA,Spokane,Spokane,city,20,4,24,3,47.6665,-117.4365,0.833333,572,10,false,,,,SWTDashboard,2026-07-20T19:41:07.883,2026-09-26T15:01:52
Hawaii,HI,Kapolei,Kapolei,city,20,3,23,2,21.3453,-158.087,0.869565,584,5,false,,,,SWTDashboard,2026-07-20T19:41:07.883,2026-09-26T15:01:52
Indiana,IN,French Lick,French Lick,city,21,2,23,2,38.5324,-86.6196,0.913043,584,3,false,,,,SWTDashboard,2026-07-20T19:41:07.883,2026-09-26T15:01:52
Massachusetts,MA,South Wellfleet,South Wellfleet,city,23,0,23,1,41.9182,-69.9953,1.0,584,41,false,,,,SWTDashboard,2026-07-20T19:41:07.883,2026-09-26T15:01:52
Maine,ME,Cape Elizabeth,Cape Elizabeth,city,23,0,23,1,43.6017,-70.2301,1.0,584,38,false,,,,SWTDashboard,2026-07-20T19:41:07.883,2026-09-26T15:01:52
North Dakota,ND,Bismarck,Bismarck,city,23,0,23,2,46.7657,-100.73085,1.0,584,3,false,,,,SWTDashboard,2026-07-20T19:41:07.883,2026-09-26T15:01:52
New Hampshire,NH,North Hampton,North Hampton,city,22,1,23,2,42.9776,-70.8267,0.956522,584,21,false,,,,SWTDashboard,2026-07-20T19:41:07.883,2026-09-26T15:01:52
New Jersey,NJ,Deal,Deal,city,23,0,23,1,40.2506,-74.002,1.0,584,24,false,,,,SWTDashboard,2026-07-20T19:41:07.883,2026-09-26T15:01:52
New Jersey,NJ,Seaside Park,Seaside Park,city,23,0,23,1,39.9222,-74.0795,1.0,584,24,false,,,,SWTDashboard,2026-07-20T19:41:07.883,2026-09-26T15:01:52
New York,NY,Rock Hill,Rock Hill,city,23,0,23,1,41.6134,-74.5872,1.0,584,58,false,,,,SWTDashboard,2026-07-20T19:41:07.883,2026-09-26T15:01:52
New York,NY,Woodbourne,Woodbourne,city,23,0,23,1,41.7708,-74.5928,1.0,584,58,false,,,,SWTDashboard,2026-07-20T19:41:07.883,2026-09-26T15:01:52
Ohio,OH,Milan,Milan,city,19,4,23,2,41.3111,-82.6126,0.826087,584,10,false,,,,SWTDashboard,2026-07-20T19:41:07.883,2026-09-26T15:01:52
Vermont,VT,South Londonderry,South Londonderry,city,20,3,23,2,43.1699,-72.8515,0.869565,584,8,false,,,,SWTDashboard,2026-07-20T19:41:07.883,2026-09-26T15:01:52
Washington,WA,Leavenworth,Leavenworth,city,22,1,23,2,47.6438,-120.6748,0.956522,584,11,false,,,,SWTDashboard,2026-07-20T19:41:07.883,2026-09-26T15:01:52
California,CA,Santa Rosa,Santa Rosa,city,22,0,22,2,38.46135,-122.73085,1.0,597,23,false,,,,SWTDashboard,2026-07-20T19:41:07.883,2026-09-26T15:01:52
Colorado,CO,Buena Vista,Buena Vista,city,22,0,22,1,38.838,-106.1471,1.0,597,15,false,,,,SWTDashboard,2026-07-20T19:41:07.883,2026-09-26T15:01:52
Colorado,CO,Gunnison,Gunnison,city,21,1,22,2,38.5511,-106.931,0.954545,597,15,false,,,,SWTDashboard,2026-07-20T19:41:07.883,2026-09-26T15:01:52
Colorado,CO,Silverton,Silverton,city,19,3,22,2,37.809,-107.6667,0.863636,597,15,false,,,,SWTDashboard,2026-07-20T19:41:07.883,2026-09-26T15:01:52
Massachusetts,MA,Cambridge,Cambridge,city,22,0,22,5,42.3687,-71.1042,1.0,597,42,false,,,,SWTDashboard,2026-07-20T19:41:07.883,2026-09-26T15:01:52
Maine,ME,Rangeley,Rangeley,city,18,4,22,2,44.9631,-70.6658,0.818182,597,39,false,,,,SWTDashboard,2026-07-20T19:41:07.883,2026-09-26T15:01:52
Maine,ME,Washington,Washington,city,21,1,22,2,44.2693,-69.3842,0.954545,597,39,false,,,,SWTDashboard,2026-07-20T19:41:07.883,2026-09-26T15:01:52
Minnesota,MN,Pine River,Pine River,city,22,0,22,1,46.6938,-94.4477,1.0,597,15,false,,,,SWTDashboard,2026-07-20T19:41:07.883,2026-09-26T15:01:52
Minnesota,MN,Saint Paul,Saint Paul,city,22,0,22,7,44.9372,-93.1209,1.0,597,15,false,,,,SWTDashboard,2026-07-20T19:41:07.883,2026-09-26T15:01:52
New Jersey,NJ,Ocean View,Ocean View,city,21,1,22,2,39.2154,-74.7075,0.954545,597,26,false,,,,SWTDashboard,2026-07-20T19:41:07.883,2026-09-26T15:01:52
New Jersey,NJ,Strathmere,Strathmere,city,21,1,22,2,39.1992,-74.6554,0.954545,597,26,false,,,,SWTDashboard,2026-07-20T19:41:07.883,2026-09-26T15:01:52
New York,NY,Mamaroneck,Mamaroneck,city,22,0,22,1,40.9525,-73.735,1.0,597,60,false,,,,SWTDashboard,2026-07-20T19:41:07.883,2026-09-26T15:01:52
Wisconsin,WI,Manitowish Waters,Manitowish Waters,city,22,0,22,1,46.1551,-89.8455,1.0,597,27,false,,,,SWTDashboard,2026-07-20T19:41:07.883,2026-09-26T15:01:52
Wisconsin,WI,Saint Germain,Saint Germain,city,22,0,22,1,45.9183,-89.4866,1.0,597,27,false,,,,SWTDashboard,2026-07-20T19:41:07.883,2026-09-26T15:01:52
Wyoming,WY,Dubois,Dubois,city,22,0,22,1,43.5451,-109.6492,1.0,597,8,false,,,,SWTDashboard,2026-07-20T19:41:07.883,2026-09-26T15:01:52
Alaska,AK,Copper Center,Copper Center,city,20,1,21,2,61.977,-145.3297,0.952381,612,17,false,,,,SWTDashboard,2026-07-20T19:41:07.883,2026-09-26T15:01:52
California,CA,Kings Canyon National Pk,Kings Canyon National Pk,city,21,0,21,1,36.7341,-118.9588,1.0,612,24,false,,,,SWTDashboard,2026-07-20T19:41:07.883,2026-09-26T15:01:52
California,CA,Watsonville,Watsonville,city,21,0,21,1,36.9102,-121.7569,1.0,612,24,false,,,,SWTDashboard,2026-07-20T19:41:07.883,2026-09-26T15:01:52
Connecticut,CT,Uncasville,Uncasville,city,21,0,21,1,41.4622,-72.1126,1.0,612,7,false,,,,SWTDashboard,2026-07-20T19:41:07.883,2026-09-26T15:01:52
Florida,FL,Shalimar,Shalimar,city,18,3,21,2,30.4456,-86.5717,0.857143,612,16,false,,,,SWTDashboard,2026-07-20T19:41:07.883,2026-09-26T15:01:52
Maryland,MD,Worton,Worton,city,21,0,21,1,39.2963,-76.1008,1.0,612,22,false,,,,SWTDashboard,2026-07-20T19:41:07.883,2026-09-26T15:01:52
Maine,ME,East Boothbay,East Boothbay,city,21,0,21,1,43.8262,-69.5939,1.0,612,41,false,,,,SWTDashboard,2026-07-20T19:41:07.883,2026-09-26T15:01:52
North Carolina,NC,Rodanthe,Rodanthe,city,21,0,21,1,35.5935,-75.4679,1.0,612,22,false,,,,SWTDashboard,2026-07-20T19:41:07.883,2026-09-26T15:01:52
North Dakota,ND,Dickinson,Dickinson,city,21,0,21,1,46.8057,-102.7565,1.0,612,4,false,,,,SWTDashboard,2026-07-20T19:41:07.883,2026-09-26T15:01:52
New Hampshire,NH,Jefferson,Jefferson,city,21,0,21,1,44.3999,-71.4518,1.0,612,22,false,,,,SWTDashboard,2026-07-20T19:41:07.883,2026-09-26T15:01:52
New Hampshire,NH,Seabrook,Seabrook,city,19,2,21,2,42.8854,-70.8646,0.904762,612,22,false,,,,SWTDashboard,2026-07-20T19:41:07.883,2026-09-26T15:01:52
New York,NY,Barryville,Barryville,city,21,0,21,1,41.4912,-74.9152,1.0,612,61,false,,,,SWTDashboard,2026-07-20T19:41:07.883,2026-09-26T15:01:52
New York,NY,Bloomingburg,Bloomingburg,city,21,0,21,1,41.5644,-74.4304,1.0,612,61,false,,,,SWTDashboard,2026-07-20T19:41:07.883,2026-09-26T15:01:52
New York,NY,Chautauqua,Chautauqua,city,20,1,21,2,42.2098,-79.4667,0.952381,612,61,false,,,,SWTDashboard,2026-07-20T19:41:07.883,2026-09-26T15:01:52
New York,NY,Wurtsboro,Wurtsboro,city,21,0,21,1,41.5877,-74.5039,1.0,612,61,false,,,,SWTDashboard,2026-07-20T19:41:07.883,2026-09-26T15:01:52
Texas,TX,Burleson,Burleson,city,21,0,21,1,32.5316,-97.309,1.0,612,13,false,,,,SWTDashboard,2026-07-20T19:41:07.883,2026-09-26T15:01:52
Texas,TX,Fort Worth,Fort Worth,city,21,0,21,5,32.7822,-97.4257,1.0,612,13,false,,,,SWTDashboard,2026-07-20T19:41:07.883,2026-09-26T15:01:52
Texas,TX,Grapevine,Grapevine,city,21,0,21,1,32.9328,-97.0808,1.0,612,13,false,,,,SWTDashboard,2026-07-20T19:41:07.883,2026-09-26T15:01:52
Texas,TX,Trinity,Trinity,city,21,0,21,1,30.942,-95.3403,1.0,612,13,false,,,,SWTDashboard,2026-07-20T19:41:07.883,2026-09-26T15:01:52
Virginia,VA,Luray,Luray,city,21,0,21,1,38.6548,-78.4596,1.0,612,32,false,,,,SWTDashboard,2026-07-20T19:41:07.883,2026-09-26T15:01:52
Vermont,VT,Waitsfield,Waitsfield,city,16,5,21,2,44.1889,-72.8283,0.761905,612,9,false,,,,SWTDashboard,2026-07-20T19:41:07.883,2026-09-26T15:01:52
Washington,WA,Kirkland,Kirkland,city,21,0,21,2,47.6987,-122.193,1.0,612,12,false,,,,SWTDashboard,2026-07-20T19:41:07.883,2026-09-26T15:01:52
Alaska,AK,Gustavus,Gustavus,city,20,0,20,1,58.4284,-135.7615,1.0,634,18,false,,,,SWTDashboard,2026-07-20T19:41:07.883,2026-09-26T15:01:52
Connecticut,CT,Stamford,Stamford,city,20,0,20,3,41.0888,-73.5445,1.0,634,8,false,,,,SWTDashboard,2026-07-20T19:41:07.883,2026-09-26T15:01:52
Hawaii,HI,Kamuela,Kamuela,city,15,5,20,2,20.0081,-155.7052,0.75,634,6,false,,,,SWTDashboard,2026-07-20T19:41:07.883,2026-09-26T15:01:52
Massachusetts,MA,Marstons Mills,Marstons Mills,city,20,0,20,1,41.6703,-70.4163,1.0,634,43,false,,,,SWTDashboard,2026-07-20T19:41:07.883,2026-09-26T15:01:52
Massachusetts,MA,Pembroke,Pembroke,city,20,0,20,1,42.0621,-70.8044,1.0,634,43,false,,,,SWTDashboard,2026-07-20T19:41:07.883,2026-09-26T15:01:52
Massachusetts,MA,Quincy,Quincy,city,20,0,20,2,42.2658,-71.01095,1.0,634,43,false,,,,SWTDashboard,2026-07-20T19:41:07.883,2026-09-26T15:01:52
Massachusetts,MA,Truro,Truro,city,20,0,20,1,41.9988,-70.0564,1.0,634,43,false,,,,SWTDashboard,2026-07-20T19:41:07.883,2026-09-26T15:01:52
Maryland,MD,Elkridge,Elkridge,city,20,0,20,1,39.2058,-76.7531,1.0,634,23,false,,,,SWTDashboard,2026-07-20T19:41:07.883,2026-09-26T15:01:52
Michigan,MI,Elk Rapids,Elk Rapids,city,19,1,20,2,44.8955,-85.4082,0.95,634,25,false,,,,SWTDashboard,2026-07-20T19:41:07.883,2026-09-26T15:01:52
Michigan,MI,Leland,Leland,city,19,1,20,2,45.0793,-85.9896,0.95,634,25,false,,,,SWTDashboard,2026-07-20T19:41:07.883,2026-09-26T15:01:52
Minnesota,MN,Walker,Walker,city,20,0,20,1,47.0877,-94.5847,1.0,634,17,false,,,,SWTDashboard,2026-07-20T19:41:07.883,2026-09-26T15:01:52
Montana,MT,Eureka,Eureka,city,19,1,20,2,48.8428,-115.0049,0.95,634,16,false,,,,SWTDashboard,2026-07-20T19:41:07.883,2026-09-26T15:01:52
New York,NY,Inlet,Inlet,city,20,0,20,1,43.748,-74.7846,1.0,634,65,false,,,,SWTDashboard,2026-07-20T19:41:07.883,2026-09-26T15:01:52
New York,NY,Kattskill Bay,Kattskill Bay,city,20,0,20,1,43.4754,-73.6272,1.0,634,65,false,,,,SWTDashboard,2026-07-20T19:41:07.883,2026-09-26T15:01:52
Pennsylvania,PA,Kunkletown,Kunkletown,city,20,0,20,1,40.8999,-75.476,1.0,634,32,false,,,,SWTDashboard,2026-07-20T19:41:07.883,2026-09-26T15:01:52
Vermont,VT,White River Junction,White River Junction,city,15,5,20,2,43.6722,-72.3813,0.75,634,10,false,,,,SWTDashboard,2026-07-20T19:41:07.883,2026-09-26T15:01:52
Delaware,DE,Newark,Newark,city,19,0,19,3,39.6699,-75.7151,1.0,650,9,false,,,,SWTDashboard,2026-07-20T19:41:07.883,2026-09-26T15:01:52
Florida,FL,Brandon,Brandon,city,19,0,19,1,27.9056,-82.2881,1.0,650,17,false,,,,SWTDashboard,2026-07-20T19:41:07.883,2026-09-26T15:01:52
Florida,FL,Key West,Key West,city,19,0,19,1,24.5552,-81.7816,1.0,650,17,false,,,,SWTDashboard,2026-07-20T19:41:07.883,2026-09-26T15:01:52
Maryland,MD,Owings Mills,Owings Mills,city,19,0,19,1,39.4269,-76.7769,1.0,650,24,false,,,,SWTDashboard,2026-07-20T19:41:07.883,2026-09-26T15:01:52
Maine,ME,Southport,Southport,city,19,0,19,1,43.8199,-69.6626,1.0,650,42,false,,,,SWTDashboard,2026-07-20T19:41:07.883,2026-09-26T15:01:52
Maine,ME,Waterville,Waterville,city,19,0,19,1,44.5543,-69.6178,1.0,650,42,false,,,,SWTDashboard,2026-07-20T19:41:07.883,2026-09-26T15:01:52
Mississippi,MS,Utica,Utica,city,19,0,19,1,32.1229,-90.6047,1.0,650,2,false,,,,SWTDashboard,2026-07-20T19:41:07.883,2026-09-26T15:01:52
North Carolina,NC,Sneads Ferry,Sneads Ferry,city,19,0,19,1,34.5426,-77.4038,1.0,650,23,false,,,,SWTDashboard,2026-07-20T19:41:07.883,2026-09-26T15:01:52
New York,NY,Ellenville,Ellenville,city,18,1,19,2,41.7218,-74.4141,0.947368,650,67,false,,,,SWTDashboard,2026-07-20T19:41:07.883,2026-09-26T15:01:52
New York,NY,Locust Valley,Locust Valley,city,18,1,19,2,40.8817,-73.5927,0.947368,650,67,false,,,,SWTDashboard,2026-07-20T19:41:07.883,2026-09-26T15:01:52
New York,NY,Saranac Lake,Saranac Lake,city,18,1,19,2,44.3243,-74.133,0.947368,650,67,false,,,,SWTDashboard,2026-07-20T19:41:07.883,2026-09-26T15:01:52
Oregon,OR,Astoria,Astoria,city,17,2,19,2,46.1558,-123.798,0.894737,650,6,false,,,,SWTDashboard,2026-07-20T19:41:07.883,2026-09-26T15:01:52
Pennsylvania,PA,Green Lane,Green Lane,city,19,0,19,1,40.3534,-75.4351,1.0,650,33,false,,,,SWTDashboard,2026-07-20T19:41:07.883,2026-09-26T15:01:52
Virginia,VA,Fredericksburg,Fredericksburg,city,19,0,19,4,38.28415,-77.50605,1.0,650,33,false,,,,SWTDashboard,2026-07-20T19:41:07.883,2026-09-26T15:01:52
Wisconsin,WI,Minong,Minong,city,19,0,19,1,46.1044,-91.8506,1.0,650,29,false,,,,SWTDashboard,2026-07-20T19:41:07.883,2026-09-26T15:01:52
West Virginia,WV,Lansing,Lansing,city,19,0,19,1,38.0869,-81.0588,1.0,650,2,false,,,,SWTDashboard,2026-07-20T19:41:07.883,2026-09-26T15:01:52
Alaska,AK,Cooper Landing,Cooper Landing,city,17,1,18,2,60.4767,-149.8235,0.944444,666,19,false,,,,SWTDashboard,2026-07-20T19:41:07.883,2026-09-26T15:01:52
Alaska,AK,Moose Pass,Moose Pass,city,18,0,18,1,60.6148,-149.4056,1.0,666,19,false,,,,SWTDashboard,2026-07-20T19:41:07.883,2026-09-26T15:01:52
California,CA,Del Mar,Del Mar,city,18,0,18,1,32.9665,-117.249,1.0,666,26,false,,,,SWTDashboard,2026-07-20T19:41:07.883,2026-09-26T15:01:52
Colorado,CO,Glenwood Springs,Glenwood Springs,city,18,0,18,1,39.5296,-107.3252,1.0,666,18,false,,,,SWTDashboard,2026-07-20T19:41:07.883,2026-09-26T15:01:52
Colorado,CO,Steamboat Springs,Steamboat Springs,city,17,1,18,2,40.6327,-106.9318,0.944444,666,18,false,,,,SWTDashboard,2026-07-20T19:41:07.883,2026-09-26T15:01:52
Colorado,CO,Telluride,Telluride,city,15,3,18,2,37.94,-107.8214,0.833333,666,18,false,,,,SWTDashboard,2026-07-20T19:41:07.883,2026-09-26T15:01:52
Connecticut,CT,Torrington,Torrington,city,18,0,18,1,41.8131,-73.1156,1.0,666,9,false,,,,SWTDashboard,2026-07-20T19:41:07.883,2026-09-26T15:01:52
Indiana,IN,Marshall,Marshall,city,18,0,18,1,39.9062,-87.178,1.0,666,4,false,,,,SWTDashboard,2026-07-20T19:41:07.883,2026-09-26T15:01:52
Massachusetts,MA,Chilmark,Chilmark,city,17,1,18,2,41.3575,-70.7416,0.944444,666,47,false,,,,SWTDashboard,2026-07-20T19:41:07.883,2026-09-26T15:01:52
Massachusetts,MA,East Otis,East Otis,city,18,0,18,1,42.1909,-73.0517,1.0,666,47,false,,,,SWTDashboard,2026-07-20T19:41:07.883,2026-09-26T15:01:52
Massachusetts,MA,South Egremont,South Egremont,city,18,0,18,1,42.1012,-73.4566,1.0,666,47,false,,,,SWTDashboard,2026-07-20T19:41:07.883,2026-09-26T15:01:52
Maryland,MD,Bowie,Bowie,city,18,0,18,3,38.9263,-76.7871,1.0,666,25,false,,,,SWTDashboard,2026-07-20T19:41:07.883,2026-09-26T15:01:52
Maryland,MD,Chestertown,Chestertown,city,18,0,18,1,39.2125,-76.0802,1.0,666,25,false,,,,SWTDashboard,2026-07-20T19:41:07.883,2026-09-26T15:01:52
Maryland,MD,Cockeysville,Cockeysville,city,18,0,18,1,39.4919,-76.6677,1.0,666,25,false,,,,SWTDashboard,2026-07-20T19:41:07.883,2026-09-26T15:01:52
Maine,ME,Bangor,Bangor,city,18,0,18,1,44.8242,-68.7918,1.0,666,44,false,,,,SWTDashboard,2026-07-20T19:41:07.883,2026-09-26T15:01:52
Maine,ME,Wayne,Wayne,city,18,0,18,1,44.3493,-70.0712,1.0,666,44,false,,,,SWTDashboard,2026-07-20T19:41:07.883,2026-09-26T15:01:52
Michigan,MI,Copper Harbor,Copper Harbor,city,17,1,18,2,47.4688,-87.8884,0.944444,666,27,false,,,,SWTDashboard,2026-07-20T19:41:07.883,2026-09-26T15:01:52
Minnesota,MN,Lutsen,Lutsen,city,18,0,18,1,47.6831,-90.6381,1.0,666,18,false,,,,SWTDashboard,2026-07-20T19:41:07.883,2026-09-26T15:01:52
North Carolina,NC,Emerald Isle,Emerald Isle,city,18,0,18,1,34.6662,-77.026,1.0,666,24,false,,,,SWTDashboard,2026-07-20T19:41:07.883,2026-09-26T15:01:52
North Dakota,ND,Fargo,Fargo,city,18,0,18,3,46.8564,-96.8318,1.0,666,5,false,,,,SWTDashboard,2026-07-20T19:41:07.883,2026-09-26T15:01:52
New Hampshire,NH,Mirror Lake,Mirror Lake,city,18,0,18,1,43.6366,-71.2729,1.0,666,24,false,,,,SWTDashboard,2026-07-20T19:41:07.883,2026-09-26T15:01:52
New Hampshire,NH,Wilmot,Wilmot,city,18,0,18,1,43.4485,-71.9158,1.0,666,24,false,,,,SWTDashboard,2026-07-20T19:41:07.883,2026-09-26T15:01:52
New York,NY,Claryville,Claryville,city,17,1,18,2,41.9657,-74.5293,0.944444,666,70,false,,,,SWTDashboard,2026-07-20T19:41:07.883,2026-09-26T15:01:52
New York,NY,Westhampton Beach,Westhampton Beach,city,18,0,18,1,40.8295,-72.6473,1.0,666,70,false,,,,SWTDashboard,2026-07-20T19:41:07.883,2026-09-26T15:01:52
Ohio,OH,Cincinnati,Cincinnati,city,18,0,18,5,39.1848,-84.4522,1.0,666,11,false,,,,SWTDashboard,2026-07-20T19:41:07.883,2026-09-26T15:01:52
South Dakota,SD,Sioux Falls,Sioux Falls,city,18,0,18,4,43.52765,-96.74825,1.0,666,7,false,,,,SWTDashboard,2026-07-20T19:41:07.883,2026-09-26T15:01:52
Texas,TX,Horseshoe Bay,Horseshoe Bay,city,13,5,18,2,30.5443,-98.3739,0.722222,666,17,false,,,,SWTDashboard,2026-07-20T19:41:07.883,2026-09-26T15:01:52
Vermont,VT,Vergennes,Vergennes,city,18,0,18,1,44.1326,-73.2793,1.0,666,11,false,,,,SWTDashboard,2026-07-20T19:41:07.883,2026-09-26T15:01:52
Washington,WA,Winthrop,Winthrop,city,16,2,18,2,48.4756,-120.1805,0.888889,666,13,false,,,,SWTDashboard,2026-07-20T19:41:07.883,2026-09-26T15:01:52
Wisconsin,WI,La Pointe,La Pointe,city,18,0,18,1,46.8467,-90.6036,1.0,666,30,false,,,,SWTDashboard,2026-07-20T19:41:07.883,2026-09-26T15:01:52
West Virginia,WV,Caldwell,Caldwell,city,18,0,18,1,37.7807,-80.394,1.0,666,3,false,,,,SWTDashboard,2026-07-20T19:41:07.883,2026-09-26T15:01:52
West Virginia,WV,White Sulphur Springs,White Sulphur Springs,city,7,11,18,2,37.7827,-80.3129,0.388889,666,3,false,,,,SWTDashboard,2026-07-20T19:41:07.883,2026-09-26T15:01:52
Wyoming,WY,Alpine,Alpine,city,18,0,18,1,43.1635,-111.018,1.0,666,9,false,,,,SWTDashboard,2026-07-20T19:41:07.883,2026-09-26T15:01:52
Colorado,CO,Golden,Golden,city,17,0,17,2,39.77685,-105.237,1.0,699,21,false,,,,SWTDashboard,2026-07-20T19:41:07.883,2026-09-26T15:01:52
Connecticut,CT,South Windham,South Windham,city,17,0,17,1,41.6677,-72.1681,1.0,699,10,false,,,,SWTDashboard,2026-07-20T19:41:07.883,2026-09-26T15:01:52
Illinois,IL,Hoffman Estates,Hoffman Estates,city,17,0,17,1,42.0493,-88.1065,1.0,699,4,false,,,,SWTDashboard,2026-07-20T19:41:07.883,2026-09-26T15:01:52
Kansas,KS,Kansas City,Kansas City,city,17,0,17,2,39.09815,-94.7723,1.0,699,1,false,,,,SWTDashboard,2026-07-20T19:41:07.883,2026-09-26T15:01:52
Maryland,MD,Chevy Chase,Chevy Chase,city,17,0,17,1,38.978,-77.082,1.0,699,28,false,,,,SWTDashboard,2026-07-20T19:41:07.883,2026-09-26T15:01:52
Maryland,MD,Greenbelt,Greenbelt,city,17,0,17,1,38.9996,-76.884,1.0,699,28,false,,,,SWTDashboard,2026-07-20T19:41:07.883,2026-09-26T15:01:52
Maryland,MD,Towson,Towson,city,17,0,17,2,39.41075,-76.58995,1.0,699,28,false,,,,SWTDashboard,2026-07-20T19:41:07.883,2026-09-26T15:01:52
Maine,ME,Damariscotta,Damariscotta,city,17,0,17,1,44.0293,-69.5042,1.0,699,46,false,,,,SWTDashboard,2026-07-20T19:41:07.883,2026-09-26T15:01:52
Michigan,MI,Beaver Island,Beaver Island,city,17,0,17,1,45.6684,-85.5473,1.0,699,28,false,,,,SWTDashboard,2026-07-20T19:41:07.883,2026-09-26T15:01:52
Michigan,MI,Honor,Honor,city,14,3,17,2,44.6954,-86.0376,0.823529,699,28,false,,,,SWTDashboard,2026-07-20T19:41:07.883,2026-09-26T15:01:52
Montana,MT,Gallatin Gateway,Gallatin Gateway,city,16,1,17,2,45.339,-111.2485,0.941176,699,17,false,,,,SWTDashboard,2026-07-20T19:41:07.883,2026-09-26T15:01:52
Montana,MT,Livingston,Livingston,city,17,0,17,1,45.6546,-110.5609,1.0,699,17,false,,,,SWTDashboard,2026-07-20T19:41:07.883,2026-09-26T15:01:52
North Carolina,NC,Buxton,Buxton,city,15,2,17,2,35.2677,-75.5424,0.882353,699,25,false,,,,SWTDashboard,2026-07-20T19:41:07.883,2026-09-26T15:01:52
North Carolina,NC,Calabash,Calabash,city,16,1,17,2,33.9047,-78.5744,0.941176,699,25,false,,,,SWTDashboard,2026-07-20T19:41:07.883,2026-09-26T15:01:52
New Hampshire,NH,Brookline,Brookline,city,17,0,17,1,42.7384,-71.6663,1.0,699,26,false,,,,SWTDashboard,2026-07-20T19:41:07.883,2026-09-26T15:01:52
New York,NY,Fishkill,Fishkill,city,17,0,17,1,41.5404,-73.8979,1.0,699,72,false,,,,SWTDashboard,2026-07-20T19:41:07.883,2026-09-26T15:01:52
New York,NY,Minerva,Minerva,city,16,1,17,2,43.7811,-73.9835,0.941176,699,72,false,,,,SWTDashboard,2026-07-20T19:41:07.883,2026-09-26T15:01:52
New York,NY,Nassau,Nassau,city,17,0,17,1,42.5271,-73.6118,1.0,699,72,false,,,,SWTDashboard,2026-07-20T19:41:07.883,2026-09-26T15:01:52
New York,NY,Stamford,Stamford,city,17,0,17,1,42.4174,-74.6098,1.0,699,72,false,,,,SWTDashboard,2026-07-20T19:41:07.883,2026-09-26T15:01:52
Ohio,OH,Chardon,Chardon,city,17,0,17,1,41.5719,-81.2056,1.0,699,12,false,,,,SWTDashboard,2026-07-20T19:41:07.883,2026-09-26T15:01:52
Pennsylvania,PA,Kintnersville,Kintnersville,city,16,1,17,2,40.531,-75.2117,0.941176,699,34,false,,,,SWTDashboard,2026-07-20T19:41:07.883,2026-09-26T15:01:52
Virginia,VA,Norfolk,Norfolk,city,17,0,17,7,36.9168,-76.2397,1.0,699,34,false,,,,SWTDashboard,2026-07-20T19:41:07.883,2026-09-26T15:01:52
Vermont,VT,Post Mills,Post Mills,city,17,0,17,1,43.8858,-72.27,1.0,699,12,false,,,,SWTDashboard,2026-07-20T19:41:07.883,2026-09-26T15:01:52
Washington,WA,Auburn,Auburn,city,17,0,17,3,47.305,-122.2067,1.0,699,14,false,,,,SWTDashboard,2026-07-20T19:41:07.883,2026-09-26T15:01:52
Washington,WA,Enumclaw,Enumclaw,city,13,4,17,2,47.2665,-122.0314,0.764706,699,14,false,,,,SWTDashboard,2026-07-20T19:41:07.883,2026-09-26T15:01:52
West Virginia,WV,Ghent,Ghent,city,0,17,17,1,37.6208,-81.1019,0.0,699,5,false,,,,SWTDashboard,2026-07-20T19:41:07.883,2026-09-26T15:01:52
Wyoming,WY,Moose,Moose,city,17,0,17,1,43.715,-110.742,1.0,699,10,false,,,,SWTDashboard,2026-07-20T19:41:07.883,2026-09-26T15:01:52
Colorado,CO,Durango,Durango,city,15,1,16,3,37.1156,-107.8909,0.9375,726,22,false,,,,SWTDashboard,2026-07-20T19:41:07.883,2026-09-26T15:01:52
Connecticut,CT,Greenwich,Greenwich,city,15,1,16,3,41.0549,-73.6594,0.9375,726,11,false,,,,SWTDashboard,2026-07-20T19:41:07.883,2026-09-26T15:01:52
Hawaii,HI,Kailua Kona,Kailua Kona,city,8,8,16,2,19.6531,-155.9798,0.5,726,7,false,,,,SWTDashboard,2026-07-20T19:41:07.883,2026-09-26T15:01:52
Illinois,IL,Ingleside,Ingleside,city,16,0,16,1,42.3631,-88.1587,1.0,726,5,false,,,,SWTDashboard,2026-07-20T19:41:07.883,2026-09-26T15:01:52
Illinois,IL,Lake Zurich,Lake Zurich,city,16,0,16,1,42.2165,-88.0769,1.0,726,5,false,,,,SWTDashboard,2026-07-20T19:41:07.883,2026-09-26T15:01:52
Massachusetts,MA,North Adams,North Adams,city,15,1,16,2,42.6955,-73.08,0.9375,726,50,false,,,,SWTDashboard,2026-07-20T19:41:07.883,2026-09-26T15:01:52
Massachusetts,MA,Woods Hole,Woods Hole,city,16,0,16,1,41.5263,-70.6643,1.0,726,50,false,,,,SWTDashboard,2026-07-20T19:41:07.883,2026-09-26T15:01:52
Maryland,MD,Columbia,Columbia,city,15,1,16,3,39.1702,-76.8538,0.9375,726,31,false,,,,SWTDashboard,2026-07-20T19:41:07.883,2026-09-26T15:01:52
Maryland,MD,North East,North East,city,15,1,16,2,39.6045,-75.9538,0.9375,726,31,false,,,,SWTDashboard,2026-07-20T19:41:07.883,2026-09-26T15:01:52
Maine,ME,West Forks,West Forks,city,16,0,16,1,45.3839,-69.9841,1.0,726,47,false,,,,SWTDashboard,2026-07-20T19:41:07.883,2026-09-26T15:01:52
Minnesota,MN,Cass Lake,Cass Lake,city,16,0,16,1,47.3516,-94.6119,1.0,726,19,false,,,,SWTDashboard,2026-07-20T19:41:07.883,2026-09-26T15:01:52
Montana,MT,Polson,Polson,city,16,0,16,1,47.6876,-114.1404,1.0,726,19,false,,,,SWTDashboard,2026-07-20T19:41:07.883,2026-09-26T15:01:52
North Carolina,NC,Ocean Isle Beach,Ocean Isle Beach,city,16,0,16,1,33.8913,-78.4298,1.0,726,27,false,,,,SWTDashboard,2026-07-20T19:41:07.883,2026-09-26T15:01:52
New Hampshire,NH,Waterville Valley,Waterville Valley,city,16,0,16,1,43.9501,-71.4995,1.0,726,27,false,,,,SWTDashboard,2026-07-20T19:41:07.883,2026-09-26T15:01:52
Nevada,NV,Jean,Jean,city,14,2,16,2,35.7368,-115.5405,0.875,726,7,false,,,,SWTDashboard,2026-07-20T19:41:07.883,2026-09-26T15:01:52
New York,NY,North Java,North Java,city,16,0,16,1,42.6776,-78.338,1.0,726,76,false,,,,SWTDashboard,2026-07-20T19:41:07.883,2026-09-26T15:01:52
New York,NY,Paradox,Paradox,city,16,0,16,1,43.8914,-73.645,1.0,726,76,false,,,,SWTDashboard,2026-07-20T19:41:07.883,2026-09-26T15:01:52
New York,NY,Rhinebeck,Rhinebeck,city,16,0,16,1,41.9272,-73.8888,1.0,726,76,false,,,,SWTDashboard,2026-07-20T19:41:07.883,2026-09-26T15:01:52
New York,NY,Speculator,Speculator,city,16,0,16,1,43.5042,-74.3667,1.0,726,76,false,,,,SWTDashboard,2026-07-20T19:41:07.883,2026-09-26T15:01:52
New York,NY,Verbank,Verbank,city,16,0,16,1,41.7227,-73.7184,1.0,726,76,false,,,,SWTDashboard,2026-07-20T19:41:07.883,2026-09-26T15:01:52
Pennsylvania,PA,Scotrun,Scotrun,city,16,0,16,1,41.0751,-75.3265,1.0,726,35,false,,,,SWTDashboard,2026-07-20T19:41:07.883,2026-09-26T15:01:52
South Carolina,SC,Charleston,Charleston,city,15,1,16,3,32.7795,-79.9371,0.9375,726,9,false,,,,SWTDashboard,2026-07-20T19:41:07.883,2026-09-26T15:01:52
South Carolina,SC,Greenville,Greenville,city,16,0,16,3,34.8285,-82.3516,1.0,726,9,false,,,,SWTDashboard,2026-07-20T19:41:07.883,2026-09-26T15:01:52
Utah,UT,Moab,Moab,city,15,1,16,2,38.5677,-109.5271,0.9375,726,10,false,,,,SWTDashboard,2026-07-20T19:41:07.883,2026-09-26T15:01:52
Vermont,VT,Roxbury,Roxbury,city,16,0,16,1,44.0846,-72.7202,1.0,726,13,false,,,,SWTDashboard,2026-07-20T19:41:07.883,2026-09-26T15:01:52
California,CA,Healdsburg,Healdsburg,city,15,0,15,1,38.6184,-122.862,1.0,751,27,false,,,,SWTDashboard,2026-07-20T19:41:07.883,2026-09-26T15:01:52
California,CA,Monterey,Monterey,city,11,4,15,2,36.5802,-121.8443,0.733333,751,27,false,,,,SWTDashboard,2026-07-20T19:41:07.883,2026-09-26T15:01:52
California,CA,Soquel,Soquel,city,15,0,15,1,37.0048,-121.9507,1.0,751,27,false,,,,SWTDashboard,2026-07-20T19:41:07.883,2026-09-26T15:01:52
California,CA,Wishon,Wishon,city,15,0,15,1,37.281,-119.557,1.0,751,27,false,,,,SWTDashboard,2026-07-20T19:41:07.883,2026-09-26T15:01:52
Colorado,CO,Crested Butte,Crested Butte,city,14,1,15,3,38.8691,-106.9619,0.933333,751,23,false,,,,SWTDashboard,2026-07-20T19:41:07.883,2026-09-26T15:01:52
Colorado,CO,Ward,Ward,city,14,1,15,2,40.0726,-105.508,0.933333,751,23,false,,,,SWTDashboard,2026-07-20T19:41:07.883,2026-09-26T15:01:52
Hawaii,HI,Kaneohe,Kaneohe,city,15,0,15,1,21.4228,-157.8115,1.0,751,8,false,,,,SWTDashboard,2026-07-20T19:41:07.883,2026-09-26T15:01:52
Idaho,ID,Cascade,Cascade,city,15,0,15,1,44.6927,-115.6417,1.0,751,7,false,,,,SWTDashboard,2026-07-20T19:41:07.883,2026-09-26T15:01:52
Idaho,ID,Mullan,Mullan,city,15,0,15,1,47.4709,-115.7926,1.0,751,7,false,,,,SWTDashboard,2026-07-20T19:41:07.883,2026-09-26T15:01:52
Massachusetts,MA,Groton,Groton,city,15,0,15,1,42.6124,-71.5584,1.0,751,52,false,,,,SWTDashboard,2026-07-20T19:41:07.883,2026-09-26T15:01:52
Massachusetts,MA,Osterville,Osterville,city,15,0,15,1,41.63,-70.3837,1.0,751,52,false,,,,SWTDashboard,2026-07-20T19:41:07.883,2026-09-26T15:01:52
Massachusetts,MA,Otis,Otis,city,15,0,15,1,42.1931,-73.0918,1.0,751,52,false,,,,SWTDashboard,2026-07-20T19:41:07.883,2026-09-26T15:01:52
Maryland,MD,Olney,Olney,city,15,0,15,1,39.1526,-77.0749,1.0,751,33,false,,,,SWTDashboard,2026-07-20T19:41:07.883,2026-09-26T15:01:52
Maine,ME,Porter,Porter,city,15,0,15,1,43.8262,-70.9243,1.0,751,48,false,,,,SWTDashboard,2026-07-20T19:41:07.883,2026-09-26T15:01:52
Michigan,MI,Acme,Acme,city,14,1,15,2,44.7894,-85.4884,0.933333,751,30,false,,,,SWTDashboard,2026-07-20T19:41:07.883,2026-09-26T15:01:52
Michigan,MI,Cross Village,Cross Village,city,15,0,15,1,45.6254,-85.0419,1.0,751,30,false,,,,SWTDashboard,2026-07-20T19:41:07.883,2026-09-26T15:01:52
Michigan,MI,Empire,Empire,city,15,0,15,1,44.8144,-85.9999,1.0,751,30,false,,,,SWTDashboard,2026-07-20T19:41:07.883,2026-09-26T15:01:52
Michigan,MI,Grand Marais,Grand Marais,city,14,1,15,2,46.6529,-85.9836,0.933333,751,30,false,,,,SWTDashboard,2026-07-20T19:41:07.883,2026-09-26T15:01:52
Missouri,MO,Monroe City,Monroe City,city,15,0,15,1,39.6546,-91.723,1.0,751,10,false,,,,SWTDashboard,2026-07-20T19:41:07.883,2026-09-26T15:01:52
New Hampshire,NH,Concord,Concord,city,15,0,15,2,43.2501,-71.5936,1.0,751,28,false,,,,SWTDashboard,2026-07-20T19:41:07.883,2026-09-26T15:01:52
New Hampshire,NH,New Castle,New Castle,city,14,1,15,2,43.0681,-70.7199,0.933333,751,28,false,,,,SWTDashboard,2026-07-20T19:41:07.883,2026-09-26T15:01:52
New Hampshire,NH,Winchester,Winchester,city,15,0,15,1,42.7788,-72.344,1.0,751,28,false,,,,SWTDashboard,2026-07-20T19:41:07.883,2026-09-26T15:01:52
New Mexico,NM,Albuquerque,Albuquerque,city,15,0,15,4,35.12625,-106.67725,1.0,751,4,false,,,,SWTDashboard,2026-07-20T19:41:07.883,2026-09-26T15:01:52
New York,NY,Alexandria Bay,Alexandria Bay,city,15,0,15,1,44.3359,-75.9177,1.0,751,81,false,,,,SWTDashboard,2026-07-20T19:41:07.883,2026-09-26T15:01:52
New York,NY,Eagle Bay,Eagle Bay,city,15,0,15,1,43.8167,-74.8862,1.0,751,81,false,,,,SWTDashboard,2026-07-20T19:41:07.883,2026-09-26T15:01:52
New York,NY,Purchase,Purchase,city,15,0,15,1,41.0384,-73.7156,1.0,751,81,false,,,,SWTDashboard,2026-07-20T19:41:07.883,2026-09-26T15:01:52
Pennsylvania,PA,Farmington,Farmington,city,13,2,15,2,39.807,-79.5832,0.866667,751,36,false,,,,SWTDashboard,2026-07-20T19:41:07.883,2026-09-26T15:01:52
Rhode Island,RI,Providence,Providence,city,15,0,15,3,41.8351,-71.4158,1.0,751,7,false,,,,SWTDashboard,2026-07-20T19:41:07.883,2026-09-26T15:01:52
Texas,TX,Cedar Creek,Cedar Creek,city,15,0,15,1,30.0966,-97.4976,1.0,751,18,false,,,,SWTDashboard,2026-07-20T19:41:07.883,2026-09-26T15:01:52
Texas,TX,Rocksprings,Rocksprings,city,15,0,15,1,30.0188,-100.231,1.0,751,18,false,,,,SWTDashboard,2026-07-20T19:41:07.883,2026-09-26T15:01:52
Virginia,VA,Aldie,Aldie,city,15,0,15,1,38.9577,-77.6038,1.0,751,35,false,,,,SWTDashboard,2026-07-20T19:41:07.883,2026-09-26T15:01:52
Virginia,VA,Charlottesville,Charlottesville,city,14,1,15,5,38.0339,-78.4805,0.933333,751,35,false,,,,SWTDashboard,2026-07-20T19:41:07.883,2026-09-26T15:01:52
Virginia,VA,Chesterfield,Chesterfield,city,15,0,15,2,37.3628,-77.60055,1.0,751,35,false,,,,SWTDashboard,2026-07-20T19:41:07.883,2026-09-26T15:01:52
Washington,WA,Stehekin,Stehekin,city,13,2,15,2,48.3093,-120.6565,0.866667,751,16,false,,,,SWTDashboard,2026-07-20T19:41:07.883,2026-09-26T15:01:52
Wyoming,WY,Pinedale,Pinedale,city,14,1,15,2,42.8543,-109.8561,0.933333,751,11,false,,,,SWTDashboard,2026-07-20T19:41:07.883,2026-09-26T15:01:52
Alaska,AK,Whittier,Whittier,city,14,0,14,1,60.7734,-148.6839,1.0,786,21,false,,,,SWTDashboard,2026-07-20T19:41:07.883,2026-09-26T15:01:52
California,CA,Angelus Oaks,Angelus Oaks,city,14,0,14,1,34.1531,-116.9485,1.0,786,31,false,,,,SWTDashboard,2026-07-20T19:41:07.883,2026-09-26T15:01:52
California,CA,Arnold,Arnold,city,14,0,14,1,38.3086,-120.268,1.0,786,31,false,,,,SWTDashboard,2026-07-20T19:41:07.883,2026-09-26T15:01:52
California,CA,Avalon,Avalon,city,13,1,14,2,33.332,-118.3437,0.928571,786,31,false,,,,SWTDashboard,2026-07-20T19:41:07.883,2026-09-26T15:01:52
California,CA,Big Bear Lake,Big Bear Lake,city,14,0,14,1,34.235,-116.9053,1.0,786,31,false,,,,SWTDashboard,2026-07-20T19:41:07.883,2026-09-26T15:01:52
California,CA,Fawnskin,Fawnskin,city,14,0,14,1,34.2583,-116.9515,1.0,786,31,false,,,,SWTDashboard,2026-07-20T19:41:07.883,2026-09-26T15:01:52
California,CA,Sequoia National Park,Sequoia National Park,national_park,14,0,14,1,36.6007,-118.711,1.0,786,31,false,,,,SWTDashboard,2026-07-20T19:41:07.883,2026-09-26T15:01:52
California,CA,Sylmar,Sylmar,city,14,0,14,1,34.3054,-118.4322,1.0,786,31,false,,,,SWTDashboard,2026-07-20T19:41:07.883,2026-09-26T15:01:52
Colorado,CO,Mancos,Mancos,city,14,0,14,1,37.3471,-108.2982,1.0,786,25,false,,,,SWTDashboard,2026-07-20T19:41:07.883,2026-09-26T15:01:52
Colorado,CO,Ouray,Ouray,city,14,0,14,1,38.0258,-107.6726,1.0,786,25,false,,,,SWTDashboard,2026-07-20T19:41:07.883,2026-09-26T15:01:52
Colorado,CO,Sedalia,Sedalia,city,14,0,14,1,39.3113,-105.0676,1.0,786,25,false,,,,SWTDashboard,2026-07-20T19:41:07.883,2026-09-26T15:01:52
Georgia,GA,Hiawassee,Hiawassee,city,14,0,14,1,34.9063,-83.7274,1.0,786,7,false,,,,SWTDashboard,2026-07-20T19:41:07.883,2026-09-26T15:01:52
Iowa,IA,Dubuque,Dubuque,city,14,0,14,2,42.5136,-90.71015,1.0,786,5,false,,,,SWTDashboard,2026-07-20T19:41:07.883,2026-09-26T15:01:52
Massachusetts,MA,Centerville,Centerville,city,14,0,14,1,41.6606,-70.3532,1.0,786,55,false,,,,SWTDashboard,2026-07-20T19:41:07.883,2026-09-26T15:01:52
Massachusetts,MA,Natick,Natick,city,14,0,14,1,42.2875,-71.3574,1.0,786,55,false,,,,SWTDashboard,2026-07-20T19:41:07.883,2026-09-26T15:01:52
Massachusetts,MA,North Eastham,North Eastham,city,14,0,14,1,41.8243,-69.9818,1.0,786,55,false,,,,SWTDashboard,2026-07-20T19:41:07.883,2026-09-26T15:01:52
Massachusetts,MA,Weston,Weston,city,14,0,14,1,42.3589,-71.3001,1.0,786,55,false,,,,SWTDashboard,2026-07-20T19:41:07.883,2026-09-26T15:01:52
Maryland,MD,Montgomery Village,Montgomery Village,city,14,0,14,1,39.1757,-77.1873,1.0,786,34,false,,,,SWTDashboard,2026-07-20T19:41:07.883,2026-09-26T15:01:52
Maryland,MD,Pikesville,Pikesville,city,14,0,14,1,39.3764,-76.729,1.0,786,34,false,,,,SWTDashboard,2026-07-20T19:41:07.883,2026-09-26T15:01:52
Maine,ME,Fryeburg,Fryeburg,city,14,0,14,1,44.0313,-70.9668,1.0,786,49,false,,,,SWTDashboard,2026-07-20T19:41:07.883,2026-09-26T15:01:52
Maine,ME,New Harbor,New Harbor,city,14,0,14,1,43.8605,-69.5079,1.0,786,49,false,,,,SWTDashboard,2026-07-20T19:41:07.883,2026-09-26T15:01:52
Maine,ME,Phippsburg,Phippsburg,city,14,0,14,1,43.7688,-69.815,1.0,786,49,false,,,,SWTDashboard,2026-07-20T19:41:07.883,2026-09-26T15:01:52
Michigan,MI,Cedarville,Cedarville,city,14,0,14,1,46.0024,-84.3488,1.0,786,34,false,,,,SWTDashboard,2026-07-20T19:41:07.883,2026-09-26T15:01:52
Michigan,MI,Williamsburg,Williamsburg,city,14,0,14,1,44.802,-85.4347,1.0,786,34,false,,,,SWTDashboard,2026-07-20T19:41:07.883,2026-09-26T15:01:52
Minnesota,MN,Crane Lake,Crane Lake,city,14,0,14,1,48.2594,-92.4896,1.0,786,20,false,,,,SWTDashboard,2026-07-20T19:41:07.883,2026-09-26T15:01:52
New Hampshire,NH,Hillsborough,Hillsborough,city,14,0,14,1,43.1141,-71.8992,1.0,786,31,false,,,,SWTDashboard,2026-07-20T19:41:07.883,2026-09-26T15:01:52
New Hampshire,NH,Northwood,Northwood,city,14,0,14,1,43.207,-71.2004,1.0,786,31,false,,,,SWTDashboard,2026-07-20T19:41:07.883,2026-09-26T15:01:52
New Hampshire,NH,Orford,Orford,city,14,0,14,1,43.8941,-72.0978,1.0,786,31,false,,,,SWTDashboard,2026-07-20T19:41:07.883,2026-09-26T15:01:52
New Jersey,NJ,Clifton,Clifton,city,13,1,14,4,40.8488,-74.1612,0.928571,786,28,false,,,,SWTDashboard,2026-07-20T19:41:07.883,2026-09-26T15:01:52
New Jersey,NJ,South Orange,South Orange,city,14,0,14,1,40.7465,-74.2575,1.0,786,28,false,,,,SWTDashboard,2026-07-20T19:41:07.883,2026-09-26T15:01:52
New Jersey,NJ,Trenton,Trenton,city,14,0,14,3,40.251,-74.7627,1.0,786,28,false,,,,SWTDashboard,2026-07-20T19:41:07.883,2026-09-26T15:01:52
New York,NY,Fort Ann,Fort Ann,city,13,1,14,2,43.4285,-73.4784,0.928571,786,84,false,,,,SWTDashboard,2026-07-20T19:41:07.883,2026-09-26T15:01:52
New York,NY,Jamaica,Jamaica,city,14,0,14,1,40.6775,-73.7758,1.0,786,84,false,,,,SWTDashboard,2026-07-20T19:41:07.883,2026-09-26T15:01:52
New York,NY,Ray Brook,Ray Brook,city,11,3,14,2,44.2802,-74.0795,0.785714,786,84,false,,,,SWTDashboard,2026-07-20T19:41:07.883,2026-09-26T15:01:52
New York,NY,Roslyn,Roslyn,city,14,0,14,1,40.7984,-73.6477,1.0,786,84,false,,,,SWTDashboard,2026-07-20T19:41:07.883,2026-09-26T15:01:52
Pennsylvania,PA,Ohiopyle,Ohiopyle,city,14,0,14,1,39.8507,-79.523,1.0,786,37,false,,,,SWTDashboard,2026-07-20T19:41:07.883,2026-09-26T15:01:52
South Carolina,SC,Little River,Little River,city,14,0,14,1,33.8768,-78.6508,1.0,786,11,false,,,,SWTDashboard,2026-07-20T19:41:07.883,2026-09-26T15:01:52
South Dakota,SD,Box Elder,Box Elder,city,14,0,14,1,44.1199,-103.0682,1.0,786,8,false,,,,SWTDashboard,2026-07-20T19:41:07.883,2026-09-26T15:01:52
Utah,UT,Provo,Provo,city,14,0,14,2,40.2463,-111.6652,1.0,786,11,false,,,,SWTDashboard,2026-07-20T19:41:07.883,2026-09-26T15:01:52
Virginia,VA,Toano,Toano,city,14,0,14,1,37.3901,-76.8253,1.0,786,38,false,,,,SWTDashboard,2026-07-20T19:41:07.883,2026-09-26T15:01:52
Washington,WA,Vancouver,Vancouver,city,14,0,14,2,45.6338,-122.51725,1.0,786,17,false,,,,SWTDashboard,2026-07-20T19:41:07.883,2026-09-26T15:01:52
Wisconsin,WI,Prairie Du Chien,Prairie Du Chien,city,13,1,14,2,43.0426,-91.1193,0.928571,786,31,false,,,,SWTDashboard,2026-07-20T19:41:07.883,2026-09-26T15:01:52
Arizona,AZ,Prescott,Prescott,city,13,0,13,1,34.4958,-112.3783,1.0,828,4,false,,,,SWTDashboard,2026-07-20T19:41:07.883,2026-09-26T15:01:52
Arizona,AZ,Williams,Williams,city,11,2,13,2,35.5434,-112.1707,0.846154,828,4,false,,,,SWTDashboard,2026-07-20T19:41:07.883,2026-09-26T15:01:52
California,CA,Fort Bragg,Fort Bragg,city,13,0,13,1,39.4402,-123.7703,1.0,828,38,false,,,,SWTDashboard,2026-07-20T19:41:07.883,2026-09-26T15:01:52
California,CA,Santa Barbara,Santa Barbara,city,12,1,13,5,34.4291,-119.6833,0.923077,828,38,false,,,,SWTDashboard,2026-07-20T19:41:07.883,2026-09-26T15:01:52
Colorado,CO,Winter Park,Winter Park,city,12,1,13,2,39.8939,-105.7845,0.923077,828,28,false,,,,SWTDashboard,2026-07-20T19:41:07.883,2026-09-26T15:01:52
Georgia,GA,Marietta,Marietta,city,13,0,13,1,33.9282,-84.4733,1.0,828,8,false,,,,SWTDashboard,2026-07-20T19:41:07.883,2026-09-26T15:01:52
Hawaii,HI,Lanai City,Lanai City,city,12,1,13,2,20.8293,-156.921,0.923077,828,9,false,,,,SWTDashboard,2026-07-20T19:41:07.883,2026-09-26T15:01:52
Idaho,ID,Boise,Boise,city,13,0,13,2,43.5796,-116.2566,1.0,828,9,false,,,,SWTDashboard,2026-07-20T19:41:07.883,2026-09-26T15:01:52
Idaho,ID,Island Park,Island Park,city,13,0,13,1,44.4466,-111.3679,1.0,828,9,false,,,,SWTDashboard,2026-07-20T19:41:07.883,2026-09-26T15:01:52
Illinois,IL,Oglesby,Oglesby,city,11,2,13,2,41.2928,-89.0553,0.846154,828,7,false,,,,SWTDashboard,2026-07-20T19:41:07.883,2026-09-26T15:01:52
Illinois,IL,Westchester,Westchester,city,13,0,13,1,41.8524,-87.8845,1.0,828,7,false,,,,SWTDashboard,2026-07-20T19:41:07.883,2026-09-26T15:01:52
Massachusetts,MA,Dorchester,Dorchester,city,12,1,13,2,42.2973,-71.0745,0.923077,828,59,false,,,,SWTDashboard,2026-07-20T19:41:07.883,2026-09-26T15:01:52
Massachusetts,MA,Norwood,Norwood,city,13,0,13,1,42.1868,-71.2033,1.0,828,59,false,,,,SWTDashboard,2026-07-20T19:41:07.883,2026-09-26T15:01:52
Maryland,MD,Rising Sun,Rising Sun,city,12,1,13,2,39.6882,-76.0492,0.923077,828,36,false,,,,SWTDashboard,2026-07-20T19:41:07.883,2026-09-26T15:01:52
Minnesota,MN,Annandale,Annandale,city,13,0,13,1,45.2483,-94.1061,1.0,828,21,false,,,,SWTDashboard,2026-07-20T19:41:07.883,2026-09-26T15:01:52
Minnesota,MN,Hackensack,Hackensack,city,13,0,13,1,46.9884,-94.5033,1.0,828,21,false,,,,SWTDashboard,2026-07-20T19:41:07.883,2026-09-26T15:01:52
North Carolina,NC,Manteo,Manteo,city,13,0,13,1,35.8948,-75.6714,1.0,828,28,false,,,,SWTDashboard,2026-07-20T19:41:07.883,2026-09-26T15:01:52
New Hampshire,NH,Claremont,Claremont,city,13,0,13,1,43.3679,-72.3422,1.0,828,34,false,,,,SWTDashboard,2026-07-20T19:41:07.883,2026-09-26T15:01:52
New Hampshire,NH,Hampstead,Hampstead,city,13,0,13,1,42.882,-71.1758,1.0,828,34,false,,,,SWTDashboard,2026-07-20T19:41:07.883,2026-09-26T15:01:52
New Mexico,NM,Santa Fe,Santa Fe,city,13,0,13,4,35.6771,-105.98535,1.0,828,5,false,,,,SWTDashboard,2026-07-20T19:41:07.883,2026-09-26T15:01:52
New York,NY,Loch Sheldrake,Loch Sheldrake,city,13,0,13,1,41.7789,-74.6614,1.0,828,88,false,,,,SWTDashboard,2026-07-20T19:41:07.883,2026-09-26T15:01:52
Texas,TX,Graford,Graford,city,13,0,13,1,32.9242,-98.337,1.0,828,20,false,,,,SWTDashboard,2026-07-20T19:41:07.883,2026-09-26T15:01:52
Texas,TX,Van Horn,Van Horn,city,8,5,13,2,31.0391,-104.8245,0.615385,828,20,false,,,,SWTDashboard,2026-07-20T19:41:07.883,2026-09-26T15:01:52
Utah,UT,Hanksville,Hanksville,city,13,0,13,1,38.2521,-110.8137,1.0,828,12,false,,,,SWTDashboard,2026-07-20T19:41:07.883,2026-09-26T15:01:52
Vermont,VT,Woodstock,Woodstock,city,13,0,13,1,43.6248,-72.5385,1.0,828,14,false,,,,SWTDashboard,2026-07-20T19:41:07.883,2026-09-26T15:01:52
Wisconsin,WI,Cable,Cable,city,13,0,13,1,46.2172,-91.2244,1.0,828,32,false,,,,SWTDashboard,2026-07-20T19:41:07.883,2026-09-26T15:01:52
Wisconsin,WI,La Crosse,La Crosse,city,13,0,13,1,43.8487,-91.2484,1.0,828,32,false,,,,SWTDashboard,2026-07-20T19:41:07.883,2026-09-26T15:01:52
West Virginia,WV,High View,High View,city,13,0,13,1,39.2225,-78.4425,1.0,828,6,false,,,,SWTDashboard,2026-07-20T19:41:07.883,2026-09-26T15:01:52
Alaska,AK,Kenai,Kenai,city,12,0,12,1,60.6145,-151.2546,1.0,856,22,false,,,,SWTDashboard,2026-07-20T19:41:07.883,2026-09-26T15:01:52
California,CA,Mill Creek,Mill Creek,city,12,0,12,1,40.3263,-121.5228,1.0,856,40,false,,,,SWTDashboard,2026-07-20T19:41:07.883,2026-09-26T15:01:52
California,CA,Pacifica,Pacifica,city,12,0,12,1,37.6196,-122.4816,1.0,856,40,false,,,,SWTDashboard,2026-07-20T19:41:07.883,2026-09-26T15:01:52
Colorado,CO,Longmont,Longmont,city,12,0,12,1,40.1779,-105.1009,1.0,856,29,false,,,,SWTDashboard,2026-07-20T19:41:07.883,2026-09-26T15:01:52
Colorado,CO,Salida,Salida,city,12,0,12,1,38.5259,-105.9978,1.0,856,29,false,,,,SWTDashboard,2026-07-20T19:41:07.883,2026-09-26T15:01:52
Connecticut,CT,Chester,Chester,city,12,0,12,1,41.4049,-72.4643,1.0,856,12,false,,,,SWTDashboard,2026-07-20T19:41:07.883,2026-09-26T15:01:52
Connecticut,CT,Middlebury,Middlebury,city,11,1,12,2,41.5343,-73.1131,0.916667,856,12,false,,,,SWTDashboard,2026-07-20T19:41:07.883,2026-09-26T15:01:52
Connecticut,CT,Old Greenwich,Old Greenwich,city,12,0,12,1,41.0354,-73.5673,1.0,856,12,false,,,,SWTDashboard,2026-07-20T19:41:07.883,2026-09-26T15:01:52
Florida,FL,Naples,Naples,city,12,0,12,1,26.134,-81.7953,1.0,856,19,false,,,,SWTDashboard,2026-07-20T19:41:07.883,2026-09-26T15:01:52
Kansas,KS,Wichita,Wichita,city,12,0,12,4,37.7078,-97.46495,1.0,856,2,false,,,,SWTDashboard,2026-07-20T19:41:07.883,2026-09-26T15:01:52
Massachusetts,MA,Amesbury,Amesbury,city,10,2,12,2,42.8559,-70.9367,0.833333,856,61,false,,,,SWTDashboard,2026-07-20T19:41:07.883,2026-09-26T15:01:52
Massachusetts,MA,Braintree,Braintree,city,12,0,12,1,42.2093,-70.9963,1.0,856,61,false,,,,SWTDashboard,2026-07-20T19:41:07.883,2026-09-26T15:01:52
Massachusetts,MA,Dedham,Dedham,city,10,2,12,2,42.2437,-71.1637,0.833333,856,61,false,,,,SWTDashboard,2026-07-20T19:41:07.883,2026-09-26T15:01:52
Massachusetts,MA,East Dennis,East Dennis,city,11,1,12,2,41.7426,-70.162,0.916667,856,61,false,,,,SWTDashboard,2026-07-20T19:41:07.883,2026-09-26T15:01:52
Massachusetts,MA,Sagamore Beach,Sagamore Beach,city,11,1,12,2,41.7933,-70.5196,0.916667,856,61,false,,,,SWTDashboard,2026-07-20T19:41:07.883,2026-09-26T15:01:52
Maine,ME,Belfast,Belfast,city,12,0,12,1,44.4354,-69.0148,1.0,856,52,false,,,,SWTDashboard,2026-07-20T19:41:07.883,2026-09-26T15:01:52
Maine,ME,Harpswell,Harpswell,city,12,0,12,1,43.7811,-69.9955,1.0,856,52,false,,,,SWTDashboard,2026-07-20T19:41:07.883,2026-09-26T15:01:52
Michigan,MI,Cassopolis,Cassopolis,city,12,0,12,1,41.8968,-85.9923,1.0,856,36,false,,,,SWTDashboard,2026-07-20T19:41:07.883,2026-09-26T15:01:52
Michigan,MI,Cheboygan,Cheboygan,city,12,0,12,1,45.608,-84.4867,1.0,856,36,false,,,,SWTDashboard,2026-07-20T19:41:07.883,2026-09-26T15:01:52
Michigan,MI,Twin Lake,Twin Lake,city,12,0,12,1,43.3414,-86.1633,1.0,856,36,false,,,,SWTDashboard,2026-07-20T19:41:07.883,2026-09-26T15:01:52
Montana,MT,Butte,Butte,city,11,1,12,2,45.9979,-112.5988,0.916667,856,20,false,,,,SWTDashboard,2026-07-20T19:41:07.883,2026-09-26T15:01:52
New Hampshire,NH,Alton,Alton,city,10,2,12,2,43.463,-71.2297,0.833333,856,36,false,,,,SWTDashboard,2026-07-20T19:41:07.883,2026-09-26T15:01:52
New Hampshire,NH,Effingham,Effingham,city,12,0,12,1,43.7012,-70.9834,1.0,856,36,false,,,,SWTDashboard,2026-07-20T19:41:07.883,2026-09-26T15:01:52
New Hampshire,NH,Grantham,Grantham,city,12,0,12,1,43.5103,-72.1334,1.0,856,36,false,,,,SWTDashboard,2026-07-20T19:41:07.883,2026-09-26T15:01:52
New York,NY,Saratoga Springs,Saratoga Springs,city,12,0,12,1,43.0708,-73.7408,1.0,856,89,false,,,,SWTDashboard,2026-07-20T19:41:07.883,2026-09-26T15:01:52
New York,NY,Silver Bay,Silver Bay,city,12,0,12,1,43.6978,-73.5071,1.0,856,89,false,,,,SWTDashboard,2026-07-20T19:41:07.883,2026-09-26T15:01:52
New York,NY,West Babylon,West Babylon,city,12,0,12,1,40.7135,-73.3546,1.0,856,89,false,,,,SWTDashboard,2026-07-20T19:41:07.883,2026-09-26T15:01:52
Ohio,OH,Oregon,Oregon,city,12,0,12,1,41.6418,-83.4714,1.0,856,13,false,,,,SWTDashboard,2026-07-20T19:41:07.883,2026-09-26T15:01:52
Oregon,OR,Otis,Otis,city,12,0,12,1,45.0138,-123.9332,1.0,856,7,false,,,,SWTDashboard,2026-07-20T19:41:07.883,2026-09-26T15:01:52
Pennsylvania,PA,Brackney,Brackney,city,12,0,12,1,41.9666,-75.9375,1.0,856,38,false,,,,SWTDashboard,2026-07-20T19:41:07.883,2026-09-26T15:01:52
Pennsylvania,PA,Woodward,Woodward,city,12,0,12,1,40.9116,-77.3483,1.0,856,38,false,,,,SWTDashboard,2026-07-20T19:41:07.883,2026-09-26T15:01:52
South Carolina,SC,Edisto Island,Edisto Island,city,10,2,12,2,32.5486,-80.307,0.833333,856,12,false,,,,SWTDashboard,2026-07-20T19:41:07.883,2026-09-26T15:01:52
South Carolina,SC,Folly Beach,Folly Beach,city,11,1,12,2,32.663,-79.927,0.916667,856,12,false,,,,SWTDashboard,2026-07-20T19:41:07.883,2026-09-26T15:01:52
South Dakota,SD,Spearfish,Spearfish,city,12,0,12,1,44.4946,-103.865,1.0,856,9,false,,,,SWTDashboard,2026-07-20T19:41:07.883,2026-09-26T15:01:52
Tennessee,TN,Brentwood,Brentwood,city,10,2,12,2,36.0063,-86.7909,0.833333,856,6,false,,,,SWTDashboard,2026-07-20T19:41:07.883,2026-09-26T15:01:52
Tennessee,TN,Murfreesboro,Murfreesboro,city,12,0,12,1,35.871,-86.4181,1.0,856,6,false,,,,SWTDashboard,2026-07-20T19:41:07.883,2026-09-26T15:01:52
Texas,TX,Ingram,Ingram,city,12,0,12,1,30.0731,-99.269,1.0,856,22,false,,,,SWTDashboard,2026-07-20T19:41:07.883,2026-09-26T15:01:52
Texas,TX,Kerrville,Kerrville,city,12,0,12,1,30.0416,-99.1408,1.0,856,22,false,,,,SWTDashboard,2026-07-20T19:41:07.883,2026-09-26T15:01:52
Virginia,VA,Dumfries,Dumfries,city,12,0,12,2,38.5831,-77.3162,1.0,856,39,false,,,,SWTDashboard,2026-07-20T19:41:07.883,2026-09-26T15:01:52
Virginia,VA,Palmyra,Palmyra,city,12,0,12,1,37.8931,-78.3386,1.0,856,39,false,,,,SWTDashboard,2026-07-20T19:41:07.883,2026-09-26T15:01:52
Vermont,VT,Burlington,Burlington,city,9,3,12,3,44.484,-73.2199,0.75,856,15,false,,,,SWTDashboard,2026-07-20T19:41:07.883,2026-09-26T15:01:52
Vermont,VT,Manchester Center,Manchester Center,city,12,0,12,1,43.1693,-73.0474,1.0,856,15,false,,,,SWTDashboard,2026-07-20T19:41:07.883,2026-09-26T15:01:52
Vermont,VT,Thetford Center,Thetford Center,city,12,0,12,1,43.8149,-72.2662,1.0,856,15,false,,,,SWTDashboard,2026-07-20T19:41:07.883,2026-09-26T15:01:52
Washington,WA,Arlington,Arlington,city,12,0,12,1,48.1829,-122.1121,1.0,856,18,false,,,,SWTDashboard,2026-07-20T19:41:07.883,2026-09-26T15:01:52
Washington,WA,Deer Harbor,Deer Harbor,city,12,0,12,1,48.6201,-122.9999,1.0,856,18,false,,,,SWTDashboard,2026-07-20T19:41:07.883,2026-09-26T15:01:52
Washington,WA,Forks,Forks,city,12,0,12,1,47.9287,-124.3989,1.0,856,18,false,,,,SWTDashboard,2026-07-20T19:41:07.883,2026-09-26T15:01:52
Washington,WA,Stevenson,Stevenson,city,12,0,12,1,45.6882,-121.9093,1.0,856,18,false,,,,SWTDashboard,2026-07-20T19:41:07.883,2026-09-26T15:01:52
Wisconsin,WI,Crivitz,Crivitz,city,11,1,12,2,45.2617,-88.078,0.916667,856,34,false,,,,SWTDashboard,2026-07-20T19:41:07.883,2026-09-26T15:01:52
Wisconsin,WI,Mercer,Mercer,city,12,0,12,1,46.1696,-90.0679,1.0,856,34,false,,,,SWTDashboard,2026-07-20T19:41:07.883,2026-09-26T15:01:52
Wyoming,WY,Alta,Alta,city,12,0,12,1,43.8886,-110.9492,1.0,856,12,false,,,,SWTDashboard,2026-07-20T19:41:07.883,2026-09-26T15:01:52
Wyoming,WY,Gillette,Gillette,city,11,1,12,3,44.282,-105.4974,0.916667,856,12,false,,,,SWTDashboard,2026-07-20T19:41:07.883,2026-09-26T15:01:52
Arizona,AZ,Scottsdale,Scottsdale,city,11,0,11,1,33.6013,-111.8867,1.0,907,6,false,,,,SWTDashboard,2026-07-20T19:41:07.883,2026-09-26T15:01:52
Colorado,CO,Evergreen,Evergreen,city,11,0,11,1,39.6374,-105.3402,1.0,907,31,false,,,,SWTDashboard,2026-07-20T19:41:07.883,2026-09-26T15:01:52
Colorado,CO,Fraser,Fraser,city,11,0,11,1,39.945,-105.8172,1.0,907,31,false,,,,SWTDashboard,2026-07-20T19:41:07.883,2026-09-26T15:01:52
Colorado,CO,La Veta,La Veta,city,11,0,11,1,37.5117,-105.0575,1.0,907,31,false,,,,SWTDashboard,2026-07-20T19:41:07.883,2026-09-26T15:01:52
Connecticut,CT,Winsted,Winsted,city,10,1,11,2,41.9252,-73.0663,0.909091,907,15,false,,,,SWTDashboard,2026-07-20T19:41:07.883,2026-09-26T15:01:52
Delaware,DE,Frankford,Frankford,city,11,0,11,1,38.5177,-75.2006,1.0,907,10,false,,,,SWTDashboard,2026-07-20T19:41:07.883,2026-09-26T15:01:52
Illinois,IL,Tinley Park,Tinley Park,city,11,0,11,1,41.5825,-87.805,1.0,907,9,false,,,,SWTDashboard,2026-07-20T19:41:07.883,2026-09-26T15:01:52
Indiana,IN,North Webster,North Webster,city,11,0,11,1,41.3326,-85.7103,1.0,907,5,false,,,,SWTDashboard,2026-07-20T19:41:07.883,2026-09-26T15:01:52
Massachusetts,MA,Haverhill,Haverhill,city,10,1,11,4,42.7824,-71.0782,0.909091,907,66,false,,,,SWTDashboard,2026-07-20T19:41:07.883,2026-09-26T15:01:52
Massachusetts,MA,Lanesborough,Lanesborough,city,11,0,11,1,42.5173,-73.2282,1.0,907,66,false,,,,SWTDashboard,2026-07-20T19:41:07.883,2026-09-26T15:01:52
Massachusetts,MA,Malden,Malden,city,11,0,11,1,42.4291,-71.0605,1.0,907,66,false,,,,SWTDashboard,2026-07-20T19:41:07.883,2026-09-26T15:01:52
Massachusetts,MA,Middleboro,Middleboro,city,11,0,11,1,41.8884,-70.893,1.0,907,66,false,,,,SWTDashboard,2026-07-20T19:41:07.883,2026-09-26T15:01:52
Massachusetts,MA,Newton Center,Newton Center,city,11,0,11,1,42.3341,-71.1833,1.0,907,66,false,,,,SWTDashboard,2026-07-20T19:41:07.883,2026-09-26T15:01:52
Massachusetts,MA,Waltham,Waltham,city,11,0,11,3,42.3943,-71.2317,1.0,907,66,false,,,,SWTDashboard,2026-07-20T19:41:07.883,2026-09-26T15:01:52
Massachusetts,MA,West Barnstable,West Barnstable,city,11,0,11,1,41.7002,-70.372,1.0,907,66,false,,,,SWTDashboard,2026-07-20T19:41:07.883,2026-09-26T15:01:52
Massachusetts,MA,Woburn,Woburn,city,11,0,11,1,42.4829,-71.1574,1.0,907,66,false,,,,SWTDashboard,2026-07-20T19:41:07.883,2026-09-26T15:01:52
Maryland,MD,Savage,Savage,city,10,1,11,2,39.138,-76.8218,0.909091,907,37,false,,,,SWTDashboard,2026-07-20T19:41:07.883,2026-09-26T15:01:52
Maryland,MD,Suitland,Suitland,city,11,0,11,1,38.8425,-76.9222,1.0,907,37,false,,,,SWTDashboard,2026-07-20T19:41:07.883,2026-09-26T15:01:52
Maryland,MD,Windsor Mill,Windsor Mill,city,11,0,11,1,39.3331,-76.7849,1.0,907,37,false,,,,SWTDashboard,2026-07-20T19:41:07.883,2026-09-26T15:01:52
Maine,ME,Hope,Hope,city,10,1,11,2,44.2589,-69.1467,0.909091,907,54,false,,,,SWTDashboard,2026-07-20T19:41:07.883,2026-09-26T15:01:52
Michigan,MI,Rodney,Rodney,city,11,0,11,1,43.7379,-85.3219,1.0,907,39,false,,,,SWTDashboard,2026-07-20T19:41:07.883,2026-09-26T15:01:52
North Carolina,NC,Robbinsville,Robbinsville,city,11,0,11,1,35.3259,-83.7888,1.0,907,29,false,,,,SWTDashboard,2026-07-20T19:41:07.883,2026-09-26T15:01:52
Nebraska,NE,Sidney,Sidney,city,9,2,11,2,41.138,-102.9856,0.818182,907,1,false,,,,SWTDashboard,2026-07-20T19:41:07.883,2026-09-26T15:01:52
New Hampshire,NH,Madison,Madison,city,11,0,11,1,43.9152,-71.1254,1.0,907,39,false,,,,SWTDashboard,2026-07-20T19:41:07.883,2026-09-26T15:01:52
New Jersey,NJ,Clementon,Clementon,city,11,0,11,1,39.8036,-75.0058,1.0,907,31,false,,,,SWTDashboard,2026-07-20T19:41:07.883,2026-09-26T15:01:52
New Jersey,NJ,Manahawkin,Manahawkin,city,10,1,11,2,39.705,-74.2604,0.909091,907,31,false,,,,SWTDashboard,2026-07-20T19:41:07.883,2026-09-26T15:01:52
New York,NY,Bay Shore,Bay Shore,city,10,1,11,2,40.7051,-73.243,0.909091,907,92,false,,,,SWTDashboard,2026-07-20T19:41:07.883,2026-09-26T15:01:52
New York,NY,Earlton,Earlton,city,11,0,11,1,42.3527,-73.9062,1.0,907,92,false,,,,SWTDashboard,2026-07-20T19:41:07.883,2026-09-26T15:01:52
New York,NY,Larchmont,Larchmont,city,11,0,11,1,40.9351,-73.7571,1.0,907,92,false,,,,SWTDashboard,2026-07-20T19:41:07.883,2026-09-26T15:01:52
Ohio,OH,Huron,Huron,city,8,3,11,2,41.3757,-82.5386,0.727273,907,14,false,,,,SWTDashboard,2026-07-20T19:41:07.883,2026-09-26T15:01:52
Oregon,OR,Eugene,Eugene,city,11,0,11,2,44.0595,-123.1166,1.0,907,8,false,,,,SWTDashboard,2026-07-20T19:41:07.883,2026-09-26T15:01:52
South Dakota,SD,Hot Springs,Hot Springs,city,11,0,11,1,43.4223,-103.4766,1.0,907,10,false,,,,SWTDashboard,2026-07-20T19:41:07.883,2026-09-26T15:01:52
South Dakota,SD,Pierre,Pierre,city,11,0,11,1,44.3695,-100.3211,1.0,907,10,false,,,,SWTDashboard,2026-07-20T19:41:07.883,2026-09-26T15:01:52
Utah,UT,American Fork,American Fork,city,11,0,11,1,40.3928,-111.7941,1.0,907,13,false,,,,SWTDashboard,2026-07-20T19:41:07.883,2026-09-26T15:01:52
Virginia,VA,Haymarket,Haymarket,city,11,0,11,1,38.8674,-77.6445,1.0,907,41,false,,,,SWTDashboard,2026-07-20T19:41:07.883,2026-09-26T15:01:52
Vermont,VT,Barre,Barre,city,9,2,11,2,44.1945,-72.4936,0.818182,907,18,false,,,,SWTDashboard,2026-07-20T19:41:07.883,2026-09-26T15:01:52
Vermont,VT,Colchester,Colchester,city,11,0,11,1,44.536,-73.2022,1.0,907,18,false,,,,SWTDashboard,2026-07-20T19:41:07.883,2026-09-26T15:01:52
Vermont,VT,North Troy,North Troy,city,11,0,11,1,44.9378,-72.4334,1.0,907,18,false,,,,SWTDashboard,2026-07-20T19:41:07.883,2026-09-26T15:01:52
West Virginia,WV,New Cumberland,New Cumberland,city,11,0,11,1,40.5228,-80.5901,1.0,907,7,false,,,,SWTDashboard,2026-07-20T19:41:07.883,2026-09-26T15:01:52
California,CA,Coronado,Coronado,city,10,0,10,1,32.6807,-117.1698,1.0,946,42,false,,,,SWTDashboard,2026-07-20T19:41:07.883,2026-09-26T15:01:52
California,CA,Mammoth Lakes,Mammoth Lakes,city,9,1,10,2,37.6094,-118.8656,0.9,946,42,false,,,,SWTDashboard,2026-07-20T19:41:07.883,2026-09-26T15:01:52
California,CA,Pacific Palisades,Pacific Palisades,city,10,0,10,1,34.0481,-118.5265,1.0,946,42,false,,,,SWTDashboard,2026-07-20T19:41:07.883,2026-09-26T15:01:52
Colorado,CO,Creede,Creede,city,10,0,10,1,37.8164,-106.9277,1.0,946,34,false,,,,SWTDashboard,2026-07-20T19:41:07.883,2026-09-26T15:01:52
Colorado,CO,Englewood,Englewood,city,10,0,10,2,39.6134,-104.95515,1.0,946,34,false,,,,SWTDashboard,2026-07-20T19:41:07.883,2026-09-26T15:01:52
Florida,FL,Islamorada,Islamorada,city,10,0,10,1,24.9233,-80.63,1.0,946,20,false,,,,SWTDashboard,2026-07-20T19:41:07.883,2026-09-26T15:01:52
Florida,FL,Largo,Largo,city,10,0,10,1,27.9085,-82.7568,1.0,946,20,false,,,,SWTDashboard,2026-07-20T19:41:07.883,2026-09-26T15:01:52
Illinois,IL,Oak Forest,Oak Forest,city,10,0,10,1,41.6077,-87.7542,1.0,946,10,false,,,,SWTDashboard,2026-07-20T19:41:07.883,2026-09-26T15:01:52
Indiana,IN,Bloomington,Bloomington,city,10,0,10,1,39.1401,-86.5083,1.0,946,6,false,,,,SWTDashboard,2026-07-20T19:41:07.883,2026-09-26T15:01:52
Kentucky,KY,Burlington,Burlington,city,10,0,10,1,39.015,-84.7736,1.0,946,1,false,,,,SWTDashboard,2026-07-20T19:41:07.883,2026-09-26T15:01:52
Massachusetts,MA,East Brookfield,East Brookfield,city,9,1,10,2,42.2193,-72.0481,0.9,946,74,false,,,,SWTDashboard,2026-07-20T19:41:07.883,2026-09-26T15:01:52
Massachusetts,MA,Kingston,Kingston,city,8,2,10,2,41.995,-70.741,0.8,946,74,false,,,,SWTDashboard,2026-07-20T19:41:07.883,2026-09-26T15:01:52
Massachusetts,MA,Siasconset,Siasconset,city,10,0,10,1,41.2639,-69.9626,1.0,946,74,false,,,,SWTDashboard,2026-07-20T19:41:07.883,2026-09-26T15:01:52
Massachusetts,MA,Somerville,Somerville,city,10,0,10,2,42.3868,-71.09785,1.0,946,74,false,,,,SWTDashboard,2026-07-20T19:41:07.883,2026-09-26T15:01:52
Massachusetts,MA,West Harwich,West Harwich,city,10,0,10,1,41.6694,-70.1135,1.0,946,74,false,,,,SWTDashboard,2026-07-20T19:41:07.883,2026-09-26T15:01:52
Massachusetts,MA,West Newton,West Newton,city,10,0,10,1,42.3492,-71.2267,1.0,946,74,false,,,,SWTDashboard,2026-07-20T19:41:07.883,2026-09-26T15:01:52
Massachusetts,MA,Weymouth,Weymouth,city,10,0,10,1,42.2113,-70.9582,1.0,946,74,false,,,,SWTDashboard,2026-07-20T19:41:07.883,2026-09-26T15:01:52
Maine,ME,Northeast Harbor,Northeast Harbor,city,10,0,10,1,44.2941,-68.2849,1.0,946,55,false,,,,SWTDashboard,2026-07-20T19:41:07.883,2026-09-26T15:01:52
Maine,ME,South Portland,South Portland,city,9,1,10,2,43.6318,-70.2709,0.9,946,55,false,,,,SWTDashboard,2026-07-20T19:41:07.883,2026-09-26T15:01:52
Michigan,MI,Cadillac,Cadillac,city,9,1,10,2,44.2504,-85.43,0.9,946,40,false,,,,SWTDashboard,2026-07-20T19:41:07.883,2026-09-26T15:01:52
Michigan,MI,Grayling,Grayling,city,10,0,10,1,44.671,-84.6913,1.0,946,40,false,,,,SWTDashboard,2026-07-20T19:41:07.883,2026-09-26T15:01:52
Michigan,MI,Troy,Troy,city,10,0,10,2,42.5794,-83.14635,1.0,946,40,false,,,,SWTDashboard,2026-07-20T19:41:07.883,2026-09-26T15:01:52
Missouri,MO,Rolla,Rolla,city,10,0,10,1,37.9485,-91.7603,1.0,946,11,false,,,,SWTDashboard,2026-07-20T19:41:07.883,2026-09-26T15:01:52
Montana,MT,Hungry Horse,Hungry Horse,city,10,0,10,1,48.3858,-114.061,1.0,946,21,false,,,,SWTDashboard,2026-07-20T19:41:07.883,2026-09-26T15:01:52
Montana,MT,Pray,Pray,city,10,0,10,1,45.3331,-110.7137,1.0,946,21,false,,,,SWTDashboard,2026-07-20T19:41:07.883,2026-09-26T15:01:52
North Carolina,NC,Waves,Waves,city,10,0,10,1,35.565,-75.4663,1.0,946,30,false,,,,SWTDashboard,2026-07-20T19:41:07.883,2026-09-26T15:01:52
North Dakota,ND,Garrison,Garrison,city,10,0,10,1,47.6675,-101.6142,1.0,946,6,false,,,,SWTDashboard,2026-07-20T19:41:07.883,2026-09-26T15:01:52
Nebraska,NE,Columbus,Columbus,city,10,0,10,1,41.4297,-97.3684,1.0,946,2,false,,,,SWTDashboard,2026-07-20T19:41:07.883,2026-09-26T15:01:52
Nebraska,NE,North Platte,North Platte,city,10,0,10,1,41.1326,-100.7746,1.0,946,2,false,,,,SWTDashboard,2026-07-20T19:41:07.883,2026-09-26T15:01:52
New Hampshire,NH,Littleton,Littleton,city,9,1,10,2,44.3112,-71.7768,0.9,946,40,false,,,,SWTDashboard,2026-07-20T19:41:07.883,2026-09-26T15:01:52
New Jersey,NJ,Keansburg,Keansburg,city,10,0,10,1,40.4414,-74.1306,1.0,946,33,false,,,,SWTDashboard,2026-07-20T19:41:07.883,2026-09-26T15:01:52
New Jersey,NJ,Ventnor City,Ventnor City,city,10,0,10,1,39.346,-74.4723,1.0,946,33,false,,,,SWTDashboard,2026-07-20T19:41:07.883,2026-09-26T15:01:52
New Mexico,NM,Ruidoso,Ruidoso,city,10,0,10,1,33.3474,-105.651,1.0,946,6,false,,,,SWTDashboard,2026-07-20T19:41:07.883,2026-09-26T15:01:52
New York,NY,Ancramdale,Ancramdale,city,10,0,10,1,42.0381,-73.5819,1.0,946,95,false,,,,SWTDashboard,2026-07-20T19:41:07.883,2026-09-26T15:01:52
New York,NY,Burlingham,Burlingham,city,9,1,10,2,41.5901,-74.3821,0.9,946,95,false,,,,SWTDashboard,2026-07-20T19:41:07.883,2026-09-26T15:01:52
New York,NY,Keene Valley,Keene Valley,city,10,0,10,1,44.2024,-73.7731,1.0,946,95,false,,,,SWTDashboard,2026-07-20T19:41:07.883,2026-09-26T15:01:52
New York,NY,Lyon Mountain,Lyon Mountain,city,10,0,10,1,44.8043,-73.973,1.0,946,95,false,,,,SWTDashboard,2026-07-20T19:41:07.883,2026-09-26T15:01:52
New York,NY,Nyack,Nyack,city,10,0,10,1,41.0914,-73.9252,1.0,946,95,false,,,,SWTDashboard,2026-07-20T19:41:07.883,2026-09-26T15:01:52
New York,NY,Oyster Bay,Oyster Bay,city,10,0,10,1,40.866,-73.5272,1.0,946,95,false,,,,SWTDashboard,2026-07-20T19:41:07.883,2026-09-26T15:01:52
New York,NY,Rye,Rye,city,10,0,10,1,40.9734,-73.6907,1.0,946,95,false,,,,SWTDashboard,2026-07-20T19:41:07.883,2026-09-26T15:01:52
New York,NY,Water Mill,Water Mill,city,9,1,10,2,40.9209,-72.3491,0.9,946,95,false,,,,SWTDashboard,2026-07-20T19:41:07.883,2026-09-26T15:01:52
Ohio,OH,Oregonia,Oregonia,city,10,0,10,1,39.4145,-84.0511,1.0,946,15,false,,,,SWTDashboard,2026-07-20T19:41:07.883,2026-09-26T15:01:52
Oregon,OR,Hood River,Hood River,city,10,0,10,1,45.6711,-121.5391,1.0,946,9,false,,,,SWTDashboard,2026-07-20T19:41:07.883,2026-09-26T15:01:52
Pennsylvania,PA,Harrisburg,Harrisburg,city,10,0,10,2,40.28155,-76.811,1.0,946,40,false,,,,SWTDashboard,2026-07-20T19:41:07.883,2026-09-26T15:01:52
Pennsylvania,PA,South Sterling,South Sterling,city,10,0,10,1,41.2643,-75.348,1.0,946,40,false,,,,SWTDashboard,2026-07-20T19:41:07.883,2026-09-26T15:01:52
Texas,TX,Port Bolivar,Port Bolivar,city,10,0,10,1,29.4266,-94.6861,1.0,946,24,false,,,,SWTDashboard,2026-07-20T19:41:07.883,2026-09-26T15:01:52
Virginia,VA,Portsmouth,Portsmouth,city,10,0,10,2,36.8392,-76.377,1.0,946,42,false,,,,SWTDashboard,2026-07-20T19:41:07.883,2026-09-26T15:01:52
Virginia,VA,Suffolk,Suffolk,city,10,0,10,1,36.8544,-76.4664,1.0,946,42,false,,,,SWTDashboard,2026-07-20T19:41:07.883,2026-09-26T15:01:52
Vermont,VT,Newbury,Newbury,city,10,0,10,1,44.0683,-72.1187,1.0,946,21,false,,,,SWTDashboard,2026-07-20T19:41:07.883,2026-09-26T15:01:52
Vermont,VT,Rutland,Rutland,city,9,1,10,2,43.6141,-72.9708,0.9,946,21,false,,,,SWTDashboard,2026-07-20T19:41:07.883,2026-09-26T15:01:52
Washington,WA,Quinault,Quinault,city,10,0,10,1,47.4603,-123.8307,1.0,946,22,false,,,,SWTDashboard,2026-07-20T19:41:07.883,2026-09-26T15:01:52
Wisconsin,WI,Lake Nebagamon,Lake Nebagamon,city,10,0,10,1,46.5023,-91.7402,1.0,946,36,false,,,,SWTDashboard,2026-07-20T19:41:07.883,2026-09-26T15:01:52
West Virginia,WV,Marlinton,Marlinton,city,10,0,10,1,38.2586,-80.1046,1.0,946,8,false,,,,SWTDashboard,2026-07-20T19:41:07.883,2026-09-26T15:01:52
Wyoming,WY,Rock Springs,Rock Springs,city,10,0,10,1,41.606,-109.23,1.0,946,14,false,,,,SWTDashboard,2026-07-20T19:41:07.883,2026-09-26T15:01:52
Arkansas,AR,Jonesboro,Jonesboro,city,9,0,9,1,35.833,-90.6965,1.0,1000,3,false,,,,SWTDashboard,2026-07-20T19:41:07.883,2026-09-26T15:01:52
California,CA,Big Sur,Big Sur,city,9,0,9,1,36.2458,-121.7009,1.0,1000,45,false,,,,SWTDashboard,2026-07-20T19:41:07.883,2026-09-26T15:01:52
California,CA,Blairsden Graeagle,Blairsden Graeagle,city,9,0,9,1,40.1919,-120.1746,1.0,1000,45,false,,,,SWTDashboard,2026-07-20T19:41:07.883,2026-09-26T15:01:52
California,CA,San Simeon,San Simeon,city,9,0,9,1,35.6668,-121.144,1.0,1000,45,false,,,,SWTDashboard,2026-07-20T19:41:07.883,2026-09-26T15:01:52
California,CA,Shaver Lake,Shaver Lake,city,9,0,9,1,37.1397,-119.273,1.0,1000,45,false,,,,SWTDashboard,2026-07-20T19:41:07.883,2026-09-26T15:01:52
Colorado,CO,Bailey,Bailey,city,9,0,9,1,39.4482,-105.4693,1.0,1000,36,false,,,,SWTDashboard,2026-07-20T19:41:07.883,2026-09-26T15:01:52
Colorado,CO,Fort Collins,Fort Collins,city,9,0,9,2,40.5685,-105.0564,1.0,1000,36,false,,,,SWTDashboard,2026-07-20T19:41:07.883,2026-09-26T15:01:52
Colorado,CO,Frisco,Frisco,city,9,0,9,1,39.5589,-106.1332,1.0,1000,36,false,,,,SWTDashboard,2026-07-20T19:41:07.883,2026-09-26T15:01:52
Colorado,CO,Pagosa Springs,Pagosa Springs,city,9,0,9,1,37.2523,-107.0385,1.0,1000,36,false,,,,SWTDashboard,2026-07-20T19:41:07.883,2026-09-26T15:01:52
Connecticut,CT,Morris,Morris,city,8,1,9,2,41.6881,-73.1765,0.888889,1000,16,false,,,,SWTDashboard,2026-07-20T19:41:07.883,2026-09-26T15:01:52
Connecticut,CT,New Milford,New Milford,city,8,1,9,2,41.5817,-73.4128,0.888889,1000,16,false,,,,SWTDashboard,2026-07-20T19:41:07.883,2026-09-26T15:01:52
Connecticut,CT,Old Lyme,Old Lyme,city,9,0,9,1,41.3347,-72.3086,1.0,1000,16,false,,,,SWTDashboard,2026-07-20T19:41:07.883,2026-09-26T15:01:52
Florida,FL,Captiva,Captiva,city,9,0,9,1,26.5215,-82.1802,1.0,1000,22,false,,,,SWTDashboard,2026-07-20T19:41:07.883,2026-09-26T15:01:52
Florida,FL,River Ranch,River Ranch,city,9,0,9,1,27.7686,-81.1966,1.0,1000,22,false,,,,SWTDashboard,2026-07-20T19:41:07.883,2026-09-26T15:01:52
Georgia,GA,Jekyll Island,Jekyll Island,city,9,0,9,1,31.074,-81.4128,1.0,1000,9,false,,,,SWTDashboard,2026-07-20T19:41:07.883,2026-09-26T15:01:52
Idaho,ID,Meridian,Meridian,city,9,0,9,2,43.6324,-116.41405,1.0,1000,11,false,,,,SWTDashboard,2026-07-20T19:41:07.883,2026-09-26T15:01:52
Illinois,IL,Galena,Galena,city,9,0,9,1,42.4182,-90.4195,1.0,1000,11,false,,,,SWTDashboard,2026-07-20T19:41:07.883,2026-09-26T15:01:52
Kentucky,KY,Louisville,Louisville,city,8,1,9,3,38.2628,-85.6237,0.888889,1000,2,false,,,,SWTDashboard,2026-07-20T19:41:07.883,2026-09-26T15:01:52
Massachusetts,MA,Burlington,Burlington,city,8,1,9,2,42.5089,-71.2004,0.888889,1000,81,false,,,,SWTDashboard,2026-07-20T19:41:07.883,2026-09-26T15:01:52
Massachusetts,MA,Duxbury,Duxbury,city,9,0,9,1,42.0399,-70.7163,1.0,1000,81,false,,,,SWTDashboard,2026-07-20T19:41:07.883,2026-09-26T15:01:52
Massachusetts,MA,Marlborough,Marlborough,city,9,0,9,1,42.3509,-71.5434,1.0,1000,81,false,,,,SWTDashboard,2026-07-20T19:41:07.883,2026-09-26T15:01:52
Massachusetts,MA,Monterey,Monterey,city,9,0,9,1,42.1867,-73.2065,1.0,1000,81,false,,,,SWTDashboard,2026-07-20T19:41:07.883,2026-09-26T15:01:52
Massachusetts,MA,Westborough,Westborough,city,9,0,9,1,42.2679,-71.6176,1.0,1000,81,false,,,,SWTDashboard,2026-07-20T19:41:07.883,2026-09-26T15:01:52
Maryland,MD,Beltsville,Beltsville,city,9,0,9,1,39.0455,-76.9242,1.0,1000,40,false,,,,SWTDashboard,2026-07-20T19:41:07.883,2026-09-26T15:01:52
Maryland,MD,College Park,College Park,city,9,0,9,1,38.9963,-76.9299,1.0,1000,40,false,,,,SWTDashboard,2026-07-20T19:41:07.883,2026-09-26T15:01:52
Maryland,MD,Reisterstown,Reisterstown,city,9,0,9,1,39.46,-76.8135,1.0,1000,40,false,,,,SWTDashboard,2026-07-20T19:41:07.883,2026-09-26T15:01:52
Maine,ME,Buckfield,Buckfield,city,9,0,9,1,44.2877,-70.3683,1.0,1000,57,false,,,,SWTDashboard,2026-07-20T19:41:07.883,2026-09-26T15:01:52
Maine,ME,Jackman,Jackman,city,7,2,9,2,45.6351,-70.2492,0.777778,1000,57,false,,,,SWTDashboard,2026-07-20T19:41:07.883,2026-09-26T15:01:52
Maine,ME,Winthrop,Winthrop,city,9,0,9,1,44.3229,-69.9576,1.0,1000,57,false,,,,SWTDashboard,2026-07-20T19:41:07.883,2026-09-26T15:01:52
Michigan,MI,Jackson,Jackson,city,9,0,9,1,42.2545,-84.3875,1.0,1000,43,false,,,,SWTDashboard,2026-07-20T19:41:07.883,2026-09-26T15:01:52
Michigan,MI,Paradise,Paradise,city,8,1,9,2,46.5951,-85.0973,0.888889,1000,43,false,,,,SWTDashboard,2026-07-20T19:41:07.883,2026-09-26T15:01:52
Michigan,MI,Three Rivers,Three Rivers,city,9,0,9,1,41.9596,-85.6371,1.0,1000,43,false,,,,SWTDashboard,2026-07-20T19:41:07.883,2026-09-26T15:01:52
Michigan,MI,Wetmore,Wetmore,city,6,3,9,2,46.3535,-86.6345,0.666667,1000,43,false,,,,SWTDashboard,2026-07-20T19:41:07.883,2026-09-26T15:01:52
Minnesota,MN,Grand Portage,Grand Portage,city,9,0,9,1,47.9591,-89.6989,1.0,1000,23,false,,,,SWTDashboard,2026-07-20T19:41:07.883,2026-09-26T15:01:52
Minnesota,MN,Grand Rapids,Grand Rapids,city,9,0,9,1,47.2348,-93.5115,1.0,1000,23,false,,,,SWTDashboard,2026-07-20T19:41:07.883,2026-09-26T15:01:52
Minnesota,MN,Laporte,Laporte,city,8,1,9,2,47.2368,-94.7772,0.888889,1000,23,false,,,,SWTDashboard,2026-07-20T19:41:07.883,2026-09-26T15:01:52
Minnesota,MN,Tofte,Tofte,city,9,0,9,1,47.5738,-90.8363,1.0,1000,23,false,,,,SWTDashboard,2026-07-20T19:41:07.883,2026-09-26T15:01:52
Missouri,MO,Lesterville,Lesterville,city,9,0,9,1,37.482,-90.8425,1.0,1000,12,false,,,,SWTDashboard,2026-07-20T19:41:07.883,2026-09-26T15:01:52
Missouri,MO,Potosi,Potosi,city,9,0,9,1,37.9549,-90.8415,1.0,1000,12,false,,,,SWTDashboard,2026-07-20T19:41:07.883,2026-09-26T15:01:52
Montana,MT,Great Falls,Great Falls,city,9,0,9,2,47.5098,-111.30695,1.0,1000,23,false,,,,SWTDashboard,2026-07-20T19:41:07.883,2026-09-26T15:01:52
Montana,MT,Philipsburg,Philipsburg,city,9,0,9,1,46.3189,-113.3126,1.0,1000,23,false,,,,SWTDashboard,2026-07-20T19:41:07.883,2026-09-26T15:01:52
North Carolina,NC,Holly Ridge,Holly Ridge,city,9,0,9,1,34.4954,-77.555,1.0,1000,31,false,,,,SWTDashboard,2026-07-20T19:41:07.883,2026-09-26T15:01:52
North Carolina,NC,Lake Toxaway,Lake Toxaway,city,9,0,9,1,35.1451,-82.9191,1.0,1000,31,false,,,,SWTDashboard,2026-07-20T19:41:07.883,2026-09-26T15:01:52
North Carolina,NC,Ridgecrest,Ridgecrest,city,9,0,9,1,35.6186,-82.3005,1.0,1000,31,false,,,,SWTDashboard,2026-07-20T19:41:07.883,2026-09-26T15:01:52
North Carolina,NC,Sapphire,Sapphire,city,9,0,9,1,35.0666,-83.0019,1.0,1000,31,false,,,,SWTDashboard,2026-07-20T19:41:07.883,2026-09-26T15:01:52
New Jersey,NJ,Fort Lee,Fort Lee,city,9,0,9,1,40.8503,-73.9745,1.0,1000,35,false,,,,SWTDashboard,2026-07-20T19:41:07.883,2026-09-26T15:01:52
New Jersey,NJ,Spring Lake,Spring Lake,city,8,1,9,2,40.1542,-74.0379,0.888889,1000,35,false,,,,SWTDashboard,2026-07-20T19:41:07.883,2026-09-26T15:01:52
New Jersey,NJ,West Milford,West Milford,city,9,0,9,1,41.0915,-74.375,1.0,1000,35,false,,,,SWTDashboard,2026-07-20T19:41:07.883,2026-09-26T15:01:52
New Mexico,NM,Taos Ski Valley,Taos Ski Valley,city,6,3,9,2,36.596,-105.4545,0.666667,1000,7,false,,,,SWTDashboard,2026-07-20T19:41:07.883,2026-09-26T15:01:52
Nevada,NV,Las Vegas,Las Vegas,city,9,0,9,1,36.126,-115.1454,1.0,1000,8,false,,,,SWTDashboard,2026-07-20T19:41:07.883,2026-09-26T15:01:52
New York,NY,Babylon,Babylon,city,9,0,9,1,40.6957,-73.3257,1.0,1000,103,false,,,,SWTDashboard,2026-07-20T19:41:07.883,2026-09-26T15:01:52
New York,NY,Briarcliff Manor,Briarcliff Manor,city,9,0,9,1,41.1444,-73.835,1.0,1000,103,false,,,,SWTDashboard,2026-07-20T19:41:07.883,2026-09-26T15:01:52
New York,NY,Carmel,Carmel,city,9,0,9,1,41.4432,-73.6815,1.0,1000,103,false,,,,SWTDashboard,2026-07-20T19:41:07.883,2026-09-26T15:01:52
New York,NY,Clifton Park,Clifton Park,city,9,0,9,1,42.8499,-73.7851,1.0,1000,103,false,,,,SWTDashboard,2026-07-20T19:41:07.883,2026-09-26T15:01:52
New York,NY,Gilboa,Gilboa,city,9,0,9,1,42.4108,-74.4003,1.0,1000,103,false,,,,SWTDashboard,2026-07-20T19:41:07.883,2026-09-26T15:01:52
New York,NY,Kerhonkson,Kerhonkson,city,9,0,9,1,41.7939,-74.3035,1.0,1000,103,false,,,,SWTDashboard,2026-07-20T19:41:07.883,2026-09-26T15:01:52
Ohio,OH,Findlay,Findlay,city,9,0,9,1,41.0449,-83.6457,1.0,1000,16,false,,,,SWTDashboard,2026-07-20T19:41:07.883,2026-09-26T15:01:52
Ohio,OH,Kimbolton,Kimbolton,city,9,0,9,1,40.1589,-81.549,1.0,1000,16,false,,,,SWTDashboard,2026-07-20T19:41:07.883,2026-09-26T15:01:52
Oregon,OR,Gleneden Beach,Gleneden Beach,city,9,0,9,1,44.8812,-124.0343,1.0,1000,10,false,,,,SWTDashboard,2026-07-20T19:41:07.883,2026-09-26T15:01:52
Oregon,OR,Sisters,Sisters,city,9,0,9,1,44.3165,-121.5091,1.0,1000,10,false,,,,SWTDashboard,2026-07-20T19:41:07.883,2026-09-26T15:01:52
Oregon,OR,Welches,Welches,city,9,0,9,1,45.3399,-121.9598,1.0,1000,10,false,,,,SWTDashboard,2026-07-20T19:41:07.883,2026-09-26T15:01:52
Pennsylvania,PA,King Of Prussia,King Of Prussia,city,9,0,9,1,40.0956,-75.3737,1.0,1000,42,false,,,,SWTDashboard,2026-07-20T19:41:07.883,2026-09-26T15:01:52
South Carolina,SC,Cleveland,Cleveland,city,9,0,9,1,35.0654,-82.6093,1.0,1000,14,false,,,,SWTDashboard,2026-07-20T19:41:07.883,2026-09-26T15:01:52
South Carolina,SC,Mount Pleasant,Mount Pleasant,city,9,0,9,1,32.8674,-79.8049,1.0,1000,14,false,,,,SWTDashboard,2026-07-20T19:41:07.883,2026-09-26T15:01:52
South Dakota,SD,Kadoka,Kadoka,city,9,0,9,1,43.8446,-101.5523,1.0,1000,12,false,,,,SWTDashboard,2026-07-20T19:41:07.883,2026-09-26T15:01:52
Texas,TX,Bruceville,Bruceville,city,9,0,9,1,31.3267,-97.2342,1.0,1000,25,false,,,,SWTDashboard,2026-07-20T19:41:07.883,2026-09-26T15:01:52
Vermont,VT,Proctorsville,Proctorsville,city,5,4,9,2,43.3823,-72.6384,0.555556,1000,23,false,,,,SWTDashboard,2026-07-20T19:41:07.883,2026-09-26T15:01:52
Vermont,VT,Springfield,Springfield,city,8,1,9,2,43.3034,-72.4778,0.888889,1000,23,false,,,,SWTDashboard,2026-07-20T19:41:07.883,2026-09-26T15:01:52
Vermont,VT,Warren,Warren,city,0,9,9,1,44.111,-72.8609,0.0,1000,23,false,,,,SWTDashboard,2026-07-20T19:41:07.883,2026-09-26T15:01:52
Washington,WA,Ocean Shores,Ocean Shores,city,9,0,9,1,46.9737,-124.1563,1.0,1000,23,false,,,,SWTDashboard,2026-07-20T19:41:07.883,2026-09-26T15:01:52
Wisconsin,WI,Ellison Bay,Ellison Bay,city,9,0,9,1,45.2572,-87.0512,1.0,1000,37,false,,,,SWTDashboard,2026-07-20T19:41:07.883,2026-09-26T15:01:52
Wisconsin,WI,Lac Du Flambeau,Lac Du Flambeau,city,7,2,9,2,45.9718,-89.8901,0.777778,1000,37,false,,,,SWTDashboard,2026-07-20T19:41:07.883,2026-09-26T15:01:52
Wisconsin,WI,Plymouth,Plymouth,city,9,0,9,1,43.7526,-87.9779,1.0,1000,37,false,,,,SWTDashboard,2026-07-20T19:41:07.883,2026-09-26T15:01:52
Wisconsin,WI,Williams Bay,Williams Bay,city,9,0,9,1,42.5767,-88.5431,1.0,1000,37,false,,,,SWTDashboard,2026-07-20T19:41:07.883,2026-09-26T15:01:52
Alaska,AK,Wasilla,Wasilla,city,8,0,8,1,61.5923,-149.3959,1.0,1074,23,false,,,,SWTDashboard,2026-07-20T19:41:07.883,2026-09-26T15:01:52
Alabama,AL,Mobile,Mobile,city,8,0,8,2,30.63725,-88.24455,1.0,1074,5,false,,,,SWTDashboard,2026-07-20T19:41:07.883,2026-09-26T15:01:52
California,CA,Nevada City,Nevada City,city,8,0,8,1,39.3017,-120.9717,1.0,1074,49,false,,,,SWTDashboard,2026-07-20T19:41:07.883,2026-09-26T15:01:52
California,CA,Norden,Norden,city,8,0,8,1,39.318,-120.356,1.0,1074,49,false,,,,SWTDashboard,2026-07-20T19:41:07.883,2026-09-26T15:01:52
Colorado,CO,Lake George,Lake George,city,8,0,8,1,39.0342,-105.4347,1.0,1074,40,false,,,,SWTDashboard,2026-07-20T19:41:07.883,2026-09-26T15:01:52
Colorado,CO,Manitou Springs,Manitou Springs,city,7,1,8,2,38.855,-104.9058,0.875,1074,40,false,,,,SWTDashboard,2026-07-20T19:41:07.883,2026-09-26T15:01:52
Florida,FL,Palm Beach Gardens,Palm Beach Gardens,city,8,0,8,1,26.8234,-80.1387,1.0,1074,24,false,,,,SWTDashboard,2026-07-20T19:41:07.883,2026-09-26T15:01:52
Florida,FL,West Palm Beach,West Palm Beach,city,8,0,8,1,26.8055,-80.2482,1.0,1074,24,false,,,,SWTDashboard,2026-07-20T19:41:07.883,2026-09-26T15:01:52
Georgia,GA,Rutledge,Rutledge,city,8,0,8,1,33.6163,-83.6023,1.0,1074,10,false,,,,SWTDashboard,2026-07-20T19:41:07.883,2026-09-26T15:01:52
Iowa,IA,Cedar Rapids,Cedar Rapids,city,8,0,8,2,41.98545,-91.67325,1.0,1074,6,false,,,,SWTDashboard,2026-07-20T19:41:07.883,2026-09-26T15:01:52
Iowa,IA,Clear Lake,Clear Lake,city,8,0,8,1,43.1406,-93.385,1.0,1074,6,false,,,,SWTDashboard,2026-07-20T19:41:07.883,2026-09-26T15:01:52
Illinois,IL,Flossmoor,Flossmoor,city,8,0,8,1,41.5406,-87.6837,1.0,1074,12,false,,,,SWTDashboard,2026-07-20T19:41:07.883,2026-09-26T15:01:52
Massachusetts,MA,Billerica,Billerica,city,8,0,8,1,42.5519,-71.2518,1.0,1074,86,false,,,,SWTDashboard,2026-07-20T19:41:07.883,2026-09-26T15:01:52
Massachusetts,MA,Lee,Lee,city,8,0,8,1,42.299,-73.2317,1.0,1074,86,false,,,,SWTDashboard,2026-07-20T19:41:07.883,2026-09-26T15:01:52
Massachusetts,MA,South Weymouth,South Weymouth,city,8,0,8,1,42.1751,-70.9495,1.0,1074,86,false,,,,SWTDashboard,2026-07-20T19:41:07.883,2026-09-26T15:01:52
Maryland,MD,Abingdon,Abingdon,city,8,0,8,1,39.4744,-76.2997,1.0,1074,43,false,,,,SWTDashboard,2026-07-20T19:41:07.883,2026-09-26T15:01:52
Maryland,MD,District Heights,District Heights,city,8,0,8,1,38.8539,-76.8891,1.0,1074,43,false,,,,SWTDashboard,2026-07-20T19:41:07.883,2026-09-26T15:01:52
Maryland,MD,Nottingham,Nottingham,city,8,0,8,1,39.3914,-76.4871,1.0,1074,43,false,,,,SWTDashboard,2026-07-20T19:41:07.883,2026-09-26T15:01:52
Maryland,MD,Potomac,Potomac,city,8,0,8,1,39.0388,-77.1922,1.0,1074,43,false,,,,SWTDashboard,2026-07-20T19:41:07.883,2026-09-26T15:01:52
Maine,ME,Bernard,Bernard,city,8,0,8,1,44.2415,-68.358,1.0,1074,60,false,,,,SWTDashboard,2026-07-20T19:41:07.883,2026-09-26T15:01:52
Michigan,MI,Benzonia,Benzonia,city,8,0,8,1,44.5955,-86.0961,1.0,1074,47,false,,,,SWTDashboard,2026-07-20T19:41:07.883,2026-09-26T15:01:52
Michigan,MI,Harsens Island,Harsens Island,city,8,0,8,1,42.585,-82.586,1.0,1074,47,false,,,,SWTDashboard,2026-07-20T19:41:07.883,2026-09-26T15:01:52
Michigan,MI,Holly,Holly,city,8,0,8,1,42.7905,-83.6127,1.0,1074,47,false,,,,SWTDashboard,2026-07-20T19:41:07.883,2026-09-26T15:01:52
Michigan,MI,Saugatuck,Saugatuck,city,8,0,8,1,42.6456,-86.1655,1.0,1074,47,false,,,,SWTDashboard,2026-07-20T19:41:07.883,2026-09-26T15:01:52
Minnesota,MN,Hinckley,Hinckley,city,4,4,8,2,46.0189,-92.8993,0.5,1074,27,false,,,,SWTDashboard,2026-07-20T19:41:07.883,2026-09-26T15:01:52
Minnesota,MN,Mcgregor,Mcgregor,city,8,0,8,1,46.6072,-93.3076,1.0,1074,27,false,,,,SWTDashboard,2026-07-20T19:41:07.883,2026-09-26T15:01:52
Missouri,MO,Wentzville,Wentzville,city,8,0,8,1,38.802,-90.8534,1.0,1074,14,false,,,,SWTDashboard,2026-07-20T19:41:07.883,2026-09-26T15:01:52
Montana,MT,Sidney,Sidney,city,7,1,8,2,47.713,-104.1634,0.875,1074,25,false,,,,SWTDashboard,2026-07-20T19:41:07.883,2026-09-26T15:01:52
North Carolina,NC,Supply,Supply,city,8,0,8,1,34.0231,-78.2884,1.0,1074,35,false,,,,SWTDashboard,2026-07-20T19:41:07.883,2026-09-26T15:01:52
Nebraska,NE,Ogallala,Ogallala,city,8,0,8,1,41.1275,-101.7107,1.0,1074,4,false,,,,SWTDashboard,2026-07-20T19:41:07.883,2026-09-26T15:01:52
New Hampshire,NH,Antrim,Antrim,city,8,0,8,1,43.0595,-71.9387,1.0,1074,41,false,,,,SWTDashboard,2026-07-20T19:41:07.883,2026-09-26T15:01:52
New Hampshire,NH,Bedford,Bedford,city,8,0,8,1,42.9403,-71.5213,1.0,1074,41,false,,,,SWTDashboard,2026-07-20T19:41:07.883,2026-09-26T15:01:52
New Hampshire,NH,Warren,Warren,city,8,0,8,1,43.9447,-71.8901,1.0,1074,41,false,,,,SWTDashboard,2026-07-20T19:41:07.883,2026-09-26T15:01:52
New Jersey,NJ,Blairstown,Blairstown,city,8,0,8,1,40.9674,-74.9651,1.0,1074,38,false,,,,SWTDashboard,2026-07-20T19:41:07.883,2026-09-26T15:01:52
New Jersey,NJ,Cherry Hill,Cherry Hill,city,8,0,8,3,39.9074,-75.0008,1.0,1074,38,false,,,,SWTDashboard,2026-07-20T19:41:07.883,2026-09-26T15:01:52
New Jersey,NJ,Cliffside Park,Cliffside Park,city,8,0,8,1,40.8222,-73.988,1.0,1074,38,false,,,,SWTDashboard,2026-07-20T19:41:07.883,2026-09-26T15:01:52
New Jersey,NJ,Edison,Edison,city,8,0,8,3,40.5325,-74.3589,1.0,1074,38,false,,,,SWTDashboard,2026-07-20T19:41:07.883,2026-09-26T15:01:52
New Jersey,NJ,Little Falls,Little Falls,city,8,0,8,1,40.8835,-74.2144,1.0,1074,38,false,,,,SWTDashboard,2026-07-20T19:41:07.883,2026-09-26T15:01:52
New Jersey,NJ,Marlton,Marlton,city,8,0,8,1,39.8845,-74.9067,1.0,1074,38,false,,,,SWTDashboard,2026-07-20T19:41:07.883,2026-09-26T15:01:52
New Jersey,NJ,Newton,Newton,city,8,0,8,1,41.0695,-74.8069,1.0,1074,38,false,,,,SWTDashboard,2026-07-20T19:41:07.883,2026-09-26T15:01:52
New Jersey,NJ,Oakhurst,Oakhurst,city,7,1,8,2,40.2648,-74.0184,0.875,1074,38,false,,,,SWTDashboard,2026-07-20T19:41:07.883,2026-09-26T15:01:52
New Mexico,NM,Bernalillo,Bernalillo,city,8,0,8,1,35.3285,-106.5309,1.0,1074,8,false,,,,SWTDashboard,2026-07-20T19:41:07.883,2026-09-26T15:01:52
New York,NY,Cutchogue,Cutchogue,city,8,0,8,1,41.0139,-72.4803,1.0,1074,109,false,,,,SWTDashboard,2026-07-20T19:41:07.883,2026-09-26T15:01:52
New York,NY,Middletown,Middletown,city,4,4,8,2,41.4512,-74.4701,0.5,1074,109,false,,,,SWTDashboard,2026-07-20T19:41:07.883,2026-09-26T15:01:52
New York,NY,Orient,Orient,city,7,1,8,2,41.1437,-72.2879,0.875,1074,109,false,,,,SWTDashboard,2026-07-20T19:41:07.883,2026-09-26T15:01:52
New York,NY,Putnam Station,Putnam Station,city,8,0,8,1,43.756,-73.4123,1.0,1074,109,false,,,,SWTDashboard,2026-07-20T19:41:07.883,2026-09-26T15:01:52
New York,NY,Southold,Southold,city,8,0,8,1,41.0555,-72.429,1.0,1074,109,false,,,,SWTDashboard,2026-07-20T19:41:07.883,2026-09-26T15:01:52
New York,NY,Stony Creek,Stony Creek,city,8,0,8,1,43.4214,-73.9495,1.0,1074,109,false,,,,SWTDashboard,2026-07-20T19:41:07.883,2026-09-26T15:01:52
New York,NY,Windham,Windham,city,8,0,8,1,42.3175,-74.262,1.0,1074,109,false,,,,SWTDashboard,2026-07-20T19:41:07.883,2026-09-26T15:01:52
Ohio,OH,Independence,Independence,city,8,0,8,1,41.3809,-81.6642,1.0,1074,18,false,,,,SWTDashboard,2026-07-20T19:41:07.883,2026-09-26T15:01:52
Oregon,OR,Portland,Portland,city,8,0,8,4,45.492,-122.68755,1.0,1074,13,false,,,,SWTDashboard,2026-07-20T19:41:07.883,2026-09-26T15:01:52
Oregon,OR,Springfield,Springfield,city,8,0,8,2,44.0586,-122.9662,1.0,1074,13,false,,,,SWTDashboard,2026-07-20T19:41:07.883,2026-09-26T15:01:52
Pennsylvania,PA,Dingmans Ferry,Dingmans Ferry,city,8,0,8,1,41.24,-74.938,1.0,1074,43,false,,,,SWTDashboard,2026-07-20T19:41:07.883,2026-09-26T15:01:52
Pennsylvania,PA,Hummelstown,Hummelstown,city,8,0,8,1,40.2782,-76.7094,1.0,1074,43,false,,,,SWTDashboard,2026-07-20T19:41:07.883,2026-09-26T15:01:52
Pennsylvania,PA,Norristown,Norristown,city,8,0,8,2,40.13705,-75.355,1.0,1074,43,false,,,,SWTDashboard,2026-07-20T19:41:07.883,2026-09-26T15:01:52
Pennsylvania,PA,Pocono Summit,Pocono Summit,city,8,0,8,1,41.1353,-75.4079,1.0,1074,43,false,,,,SWTDashboard,2026-07-20T19:41:07.883,2026-09-26T15:01:52
Pennsylvania,PA,Reinholds,Reinholds,city,8,0,8,1,40.2688,-76.1013,1.0,1074,43,false,,,,SWTDashboard,2026-07-20T19:41:07.883,2026-09-26T15:01:52
Pennsylvania,PA,Schwenksville,Schwenksville,city,8,0,8,1,40.2471,-75.4602,1.0,1074,43,false,,,,SWTDashboard,2026-07-20T19:41:07.883,2026-09-26T15:01:52
Pennsylvania,PA,Tipton,Tipton,city,8,0,8,1,40.6367,-78.3036,1.0,1074,43,false,,,,SWTDashboard,2026-07-20T19:41:07.883,2026-09-26T15:01:52
Tennessee,TN,Chattanooga,Chattanooga,city,8,0,8,2,35.0537,-85.2902,1.0,1074,8,false,,,,SWTDashboard,2026-07-20T19:41:07.883,2026-09-26T15:01:52
Texas,TX,New Braunfels,New Braunfels,city,8,0,8,1,29.7229,-98.0742,1.0,1074,26,false,,,,SWTDashboard,2026-07-20T19:41:07.883,2026-09-26T15:01:52
Vermont,VT,Bennington,Bennington,city,8,0,8,1,42.8827,-73.1923,1.0,1074,26,false,,,,SWTDashboard,2026-07-20T19:41:07.883,2026-09-26T15:01:52
Washington,WA,Bellevue,Bellevue,city,8,0,8,1,47.6155,-122.2072,1.0,1074,24,false,,,,SWTDashboard,2026-07-20T19:41:07.883,2026-09-26T15:01:52
Washington,WA,Everett,Everett,city,8,0,8,3,47.9017,-122.2218,1.0,1074,24,false,,,,SWTDashboard,2026-07-20T19:41:07.883,2026-09-26T15:01:52
Washington,WA,Renton,Renton,city,8,0,8,2,47.48935,-122.2011,1.0,1074,24,false,,,,SWTDashboard,2026-07-20T19:41:07.883,2026-09-26T15:01:52
Wisconsin,WI,Waukesha,Waukesha,city,8,0,8,1,42.9993,-88.2196,1.0,1074,41,false,,,,SWTDashboard,2026-07-20T19:41:07.883,2026-09-26T15:01:52
Wisconsin,WI,Wautoma,Wautoma,city,7,1,8,2,44.0656,-89.2666,0.875,1074,41,false,,,,SWTDashboard,2026-07-20T19:41:07.883,2026-09-26T15:01:52
West Virginia,WV,Oak Hill,Oak Hill,city,8,0,8,1,37.9723,-81.1487,1.0,1074,9,false,,,,SWTDashboard,2026-07-20T19:41:07.883,2026-09-26T15:01:52
Wyoming,WY,Riverton,Riverton,city,5,3,8,2,43.0351,-108.2024,0.625,1074,15,false,,,,SWTDashboard,2026-07-20T19:41:07.883,2026-09-26T15:01:52
Alaska,AK,Palmer,Palmer,city,7,0,7,1,61.6303,-148.9872,1.0,1143,24,false,,,,SWTDashboard,2026-07-20T19:41:07.883,2026-09-26T15:01:52
Alabama,AL,Madison,Madison,city,7,0,7,2,34.7445,-86.74335,1.0,1143,6,false,,,,SWTDashboard,2026-07-20T19:41:07.883,2026-09-26T15:01:52
California,CA,Cazadero,Cazadero,city,7,0,7,1,38.5918,-123.1965,1.0,1143,51,false,,,,SWTDashboard,2026-07-20T19:41:07.883,2026-09-26T15:01:52
California,CA,Petaluma,Petaluma,city,7,0,7,1,38.2403,-122.6777,1.0,1143,51,false,,,,SWTDashboard,2026-07-20T19:41:07.883,2026-09-26T15:01:52
Colorado,CO,Greeley,Greeley,city,7,0,7,1,40.4109,-104.7541,1.0,1143,42,false,,,,SWTDashboard,2026-07-20T19:41:07.883,2026-09-26T15:01:52
Colorado,CO,Littleton,Littleton,city,6,1,7,3,39.6206,-105.0901,0.857143,1143,42,false,,,,SWTDashboard,2026-07-20T19:41:07.883,2026-09-26T15:01:52
Connecticut,CT,Groton,Groton,city,6,1,7,2,41.3572,-72.0579,0.857143,1143,19,false,,,,SWTDashboard,2026-07-20T19:41:07.883,2026-09-26T15:01:52
Connecticut,CT,Washington,Washington,city,7,0,7,1,41.6296,-73.2884,1.0,1143,19,false,,,,SWTDashboard,2026-07-20T19:41:07.883,2026-09-26T15:01:52
Florida,FL,Miami Beach,Miami Beach,city,7,0,7,1,25.7873,-80.1564,1.0,1143,26,false,,,,SWTDashboard,2026-07-20T19:41:07.883,2026-09-26T15:01:52
Hawaii,HI,Kapaa,Kapaa,city,7,0,7,1,22.0868,-159.3448,1.0,1143,10,false,,,,SWTDashboard,2026-07-20T19:41:07.883,2026-09-26T15:01:52
Iowa,IA,Boone,Boone,city,7,0,7,1,42.0694,-93.8781,1.0,1143,8,false,,,,SWTDashboard,2026-07-20T19:41:07.883,2026-09-26T15:01:52
Iowa,IA,Sioux City,Sioux City,city,7,0,7,2,42.48695,-96.39115,1.0,1143,8,false,,,,SWTDashboard,2026-07-20T19:41:07.883,2026-09-26T15:01:52
Illinois,IL,Des Plaines,Des Plaines,city,7,0,7,1,42.0155,-87.8687,1.0,1143,13,false,,,,SWTDashboard,2026-07-20T19:41:07.883,2026-09-26T15:01:52
Illinois,IL,Peoria,Peoria,city,7,0,7,2,40.7325,-89.6286,1.0,1143,13,false,,,,SWTDashboard,2026-07-20T19:41:07.883,2026-09-26T15:01:52
Kentucky,KY,Cave City,Cave City,city,7,0,7,1,37.117,-85.9443,1.0,1143,3,false,,,,SWTDashboard,2026-07-20T19:41:07.883,2026-09-26T15:01:52
Massachusetts,MA,Allston,Allston,city,7,0,7,1,42.3535,-71.1329,1.0,1143,89,false,,,,SWTDashboard,2026-07-20T19:41:07.883,2026-09-26T15:01:52
Massachusetts,MA,Beverly,Beverly,city,7,0,7,1,42.5608,-70.8759,1.0,1143,89,false,,,,SWTDashboard,2026-07-20T19:41:07.883,2026-09-26T15:01:52
Massachusetts,MA,Brockton,Brockton,city,7,0,7,1,42.0794,-71.04,1.0,1143,89,false,,,,SWTDashboard,2026-07-20T19:41:07.883,2026-09-26T15:01:52
Massachusetts,MA,Canton,Canton,city,7,0,7,1,42.1645,-71.1355,1.0,1143,89,false,,,,SWTDashboard,2026-07-20T19:41:07.883,2026-09-26T15:01:52
Massachusetts,MA,Danvers,Danvers,city,7,0,7,1,42.5694,-70.9425,1.0,1143,89,false,,,,SWTDashboard,2026-07-20T19:41:07.883,2026-09-26T15:01:52
Massachusetts,MA,Stockbridge,Stockbridge,city,7,0,7,1,42.301,-73.3223,1.0,1143,89,false,,,,SWTDashboard,2026-07-20T19:41:07.883,2026-09-26T15:01:52
Massachusetts,MA,Stoughton,Stoughton,city,7,0,7,1,42.1253,-71.1074,1.0,1143,89,false,,,,SWTDashboard,2026-07-20T19:41:07.883,2026-09-26T15:01:52
Massachusetts,MA,Williamstown,Williamstown,city,7,0,7,1,42.7089,-73.2036,1.0,1143,89,false,,,,SWTDashboard,2026-07-20T19:41:07.883,2026-09-26T15:01:52
Massachusetts,MA,Worcester,Worcester,city,7,0,7,3,42.2624,-71.7958,1.0,1143,89,false,,,,SWTDashboard,2026-07-20T19:41:07.883,2026-09-26T15:01:52
Maryland,MD,Lanham,Lanham,city,7,0,7,1,38.9675,-76.8551,1.0,1143,47,false,,,,SWTDashboard,2026-07-20T19:41:07.883,2026-09-26T15:01:52
Maryland,MD,Lexington Park,Lexington Park,city,7,0,7,1,38.2495,-76.4529,1.0,1143,47,false,,,,SWTDashboard,2026-07-20T19:41:07.883,2026-09-26T15:01:52
Maryland,MD,Newburg,Newburg,city,7,0,7,1,38.3298,-76.9175,1.0,1143,47,false,,,,SWTDashboard,2026-07-20T19:41:07.883,2026-09-26T15:01:52
Maryland,MD,Oxon Hill,Oxon Hill,city,7,0,7,1,38.8108,-76.9898,1.0,1143,47,false,,,,SWTDashboard,2026-07-20T19:41:07.883,2026-09-26T15:01:52
Maryland,MD,Pasadena,Pasadena,city,7,0,7,1,39.1206,-76.495,1.0,1143,47,false,,,,SWTDashboard,2026-07-20T19:41:07.883,2026-09-26T15:01:52
Maryland,MD,Temple Hills,Temple Hills,city,7,0,7,1,38.8222,-76.9478,1.0,1143,47,false,,,,SWTDashboard,2026-07-20T19:41:07.883,2026-09-26T15:01:52
Maine,ME,Cape Neddick,Cape Neddick,city,7,0,7,1,43.2133,-70.6397,1.0,1143,61,false,,,,SWTDashboard,2026-07-20T19:41:07.883,2026-09-26T15:01:52
Maine,ME,Weld,Weld,city,7,0,7,1,44.7016,-70.4249,1.0,1143,61,false,,,,SWTDashboard,2026-07-20T19:41:07.883,2026-09-26T15:01:52
Michigan,MI,Ann Arbor,Ann Arbor,city,4,3,7,2,42.2328,-83.7015,0.571429,1143,51,false,,,,SWTDashboard,2026-07-20T19:41:07.883,2026-09-26T15:01:52
Michigan,MI,Kalamazoo,Kalamazoo,city,6,1,7,2,42.2809,-85.6863,0.857143,1143,51,false,,,,SWTDashboard,2026-07-20T19:41:07.883,2026-09-26T15:01:52
Michigan,MI,Kalkaska,Kalkaska,city,7,0,7,1,44.7355,-85.1207,1.0,1143,51,false,,,,SWTDashboard,2026-07-20T19:41:07.883,2026-09-26T15:01:52
Michigan,MI,Marquette,Marquette,city,4,3,7,2,46.5786,-87.4545,0.571429,1143,51,false,,,,SWTDashboard,2026-07-20T19:41:07.883,2026-09-26T15:01:52
Michigan,MI,Saint Joseph,Saint Joseph,city,7,0,7,1,42.064,-86.4783,1.0,1143,51,false,,,,SWTDashboard,2026-07-20T19:41:07.883,2026-09-26T15:01:52
Michigan,MI,Suttons Bay,Suttons Bay,city,7,0,7,1,44.9656,-85.6423,1.0,1143,51,false,,,,SWTDashboard,2026-07-20T19:41:07.883,2026-09-26T15:01:52
Minnesota,MN,Crosslake,Crosslake,city,7,0,7,1,46.6773,-94.1128,1.0,1143,29,false,,,,SWTDashboard,2026-07-20T19:41:07.883,2026-09-26T15:01:52
Minnesota,MN,Osseo,Osseo,city,7,0,7,1,45.1284,-93.4589,1.0,1143,29,false,,,,SWTDashboard,2026-07-20T19:41:07.883,2026-09-26T15:01:52
Minnesota,MN,Park Rapids,Park Rapids,city,7,0,7,1,46.9377,-95.0383,1.0,1143,29,false,,,,SWTDashboard,2026-07-20T19:41:07.883,2026-09-26T15:01:52
Minnesota,MN,Perham,Perham,city,7,0,7,1,46.6031,-95.5818,1.0,1143,29,false,,,,SWTDashboard,2026-07-20T19:41:07.883,2026-09-26T15:01:52
Minnesota,MN,Rochester,Rochester,city,7,0,7,2,44.00685,-92.4404,1.0,1143,29,false,,,,SWTDashboard,2026-07-20T19:41:07.883,2026-09-26T15:01:52
Minnesota,MN,Side Lake,Side Lake,city,7,0,7,1,47.6671,-93.0424,1.0,1143,29,false,,,,SWTDashboard,2026-07-20T19:41:07.883,2026-09-26T15:01:52
Missouri,MO,Chesterfield,Chesterfield,city,7,0,7,2,38.64045,-90.575,1.0,1143,15,false,,,,SWTDashboard,2026-07-20T19:41:07.883,2026-09-26T15:01:52
Missouri,MO,Fenton,Fenton,city,7,0,7,1,38.5015,-90.4683,1.0,1143,15,false,,,,SWTDashboard,2026-07-20T19:41:07.883,2026-09-26T15:01:52
Missouri,MO,Rocky Mount,Rocky Mount,city,7,0,7,1,38.2911,-92.7059,1.0,1143,15,false,,,,SWTDashboard,2026-07-20T19:41:07.883,2026-09-26T15:01:52
Montana,MT,Ennis,Ennis,city,7,0,7,1,45.3545,-111.687,1.0,1143,26,false,,,,SWTDashboard,2026-07-20T19:41:07.883,2026-09-26T15:01:52
North Carolina,NC,Highlands,Highlands,city,5,2,7,2,35.0705,-83.216,0.714286,1143,36,false,,,,SWTDashboard,2026-07-20T19:41:07.883,2026-09-26T15:01:52
North Carolina,NC,Marion,Marion,city,7,0,7,1,35.6819,-82.018,1.0,1143,36,false,,,,SWTDashboard,2026-07-20T19:41:07.883,2026-09-26T15:01:52
New Hampshire,NH,Center Conway,Center Conway,city,7,0,7,1,43.9878,-71.0607,1.0,1143,44,false,,,,SWTDashboard,2026-07-20T19:41:07.883,2026-09-26T15:01:52
New Hampshire,NH,Center Tuftonboro,Center Tuftonboro,city,7,0,7,1,43.6849,-71.2551,1.0,1143,44,false,,,,SWTDashboard,2026-07-20T19:41:07.883,2026-09-26T15:01:52
New Hampshire,NH,Conway,Conway,city,7,0,7,1,43.9742,-71.1503,1.0,1143,44,false,,,,SWTDashboard,2026-07-20T19:41:07.883,2026-09-26T15:01:52
New Hampshire,NH,Dublin,Dublin,city,7,0,7,1,42.8972,-72.0505,1.0,1143,44,false,,,,SWTDashboard,2026-07-20T19:41:07.883,2026-09-26T15:01:52
New Hampshire,NH,Sanbornton,Sanbornton,city,7,0,7,1,43.5496,-71.6003,1.0,1143,44,false,,,,SWTDashboard,2026-07-20T19:41:07.883,2026-09-26T15:01:52
New Jersey,NJ,Flemington,Flemington,city,7,0,7,1,40.518,-74.8453,1.0,1143,46,false,,,,SWTDashboard,2026-07-20T19:41:07.883,2026-09-26T15:01:52
New Jersey,NJ,Lumberton,Lumberton,city,7,0,7,1,39.9651,-74.8067,1.0,1143,46,false,,,,SWTDashboard,2026-07-20T19:41:07.883,2026-09-26T15:01:52
New Jersey,NJ,Mount Holly,Mount Holly,city,7,0,7,1,40.0086,-74.7896,1.0,1143,46,false,,,,SWTDashboard,2026-07-20T19:41:07.883,2026-09-26T15:01:52
New Jersey,NJ,Pittstown,Pittstown,city,7,0,7,1,40.5992,-74.9576,1.0,1143,46,false,,,,SWTDashboard,2026-07-20T19:41:07.883,2026-09-26T15:01:52
New Jersey,NJ,Pompton Lakes,Pompton Lakes,city,7,0,7,1,40.9993,-74.2876,1.0,1143,46,false,,,,SWTDashboard,2026-07-20T19:41:07.883,2026-09-26T15:01:52
Nevada,NV,Minden,Minden,city,7,0,7,1,39.0218,-119.7314,1.0,1143,9,false,,,,SWTDashboard,2026-07-20T19:41:07.883,2026-09-26T15:01:52
New York,NY,Bear Mountain,Bear Mountain,city,7,0,7,1,41.1609,-74.0608,1.0,1143,116,false,,,,SWTDashboard,2026-07-20T19:41:07.883,2026-09-26T15:01:52
New York,NY,Gardiner,Gardiner,city,7,0,7,1,41.6576,-74.1672,1.0,1143,116,false,,,,SWTDashboard,2026-07-20T19:41:07.883,2026-09-26T15:01:52
New York,NY,Huntington,Huntington,city,7,0,7,1,40.8676,-73.4102,1.0,1143,116,false,,,,SWTDashboard,2026-07-20T19:41:07.883,2026-09-26T15:01:52
New York,NY,Old Westbury,Old Westbury,city,7,0,7,1,40.7882,-73.5875,1.0,1143,116,false,,,,SWTDashboard,2026-07-20T19:41:07.883,2026-09-26T15:01:52
New York,NY,Riverhead,Riverhead,city,7,0,7,1,40.9262,-72.652,1.0,1143,116,false,,,,SWTDashboard,2026-07-20T19:41:07.883,2026-09-26T15:01:52
New York,NY,Round Top,Round Top,city,5,2,7,2,42.2678,-74.0523,0.714286,1143,116,false,,,,SWTDashboard,2026-07-20T19:41:07.883,2026-09-26T15:01:52
New York,NY,Stony Point,Stony Point,city,7,0,7,1,41.2292,-73.9962,1.0,1143,116,false,,,,SWTDashboard,2026-07-20T19:41:07.883,2026-09-26T15:01:52
New York,NY,Tupper Lake,Tupper Lake,city,7,0,7,1,44.232,-74.4905,1.0,1143,116,false,,,,SWTDashboard,2026-07-20T19:41:07.883,2026-09-26T15:01:52
New York,NY,Walden,Walden,city,7,0,7,1,41.5596,-74.1764,1.0,1143,116,false,,,,SWTDashboard,2026-07-20T19:41:07.883,2026-09-26T15:01:52
Ohio,OH,Akron,Akron,city,6,1,7,4,41.13135,-81.566,0.857143,1143,19,false,,,,SWTDashboard,2026-07-20T19:41:07.883,2026-09-26T15:01:52
Ohio,OH,College Corner,College Corner,city,7,0,7,1,39.5755,-84.805,1.0,1143,19,false,,,,SWTDashboard,2026-07-20T19:41:07.883,2026-09-26T15:01:52
Ohio,OH,Cuyahoga Falls,Cuyahoga Falls,city,5,2,7,2,41.1401,-81.479,0.714286,1143,19,false,,,,SWTDashboard,2026-07-20T19:41:07.883,2026-09-26T15:01:52
Ohio,OH,Mount Sterling,Mount Sterling,city,7,0,7,1,39.7175,-83.2806,1.0,1143,19,false,,,,SWTDashboard,2026-07-20T19:41:07.883,2026-09-26T15:01:52
Oregon,OR,Gold Beach,Gold Beach,city,6,1,7,2,42.4073,-124.4218,0.857143,1143,15,false,,,,SWTDashboard,2026-07-20T19:41:07.883,2026-09-26T15:01:52
Pennsylvania,PA,Erie,Erie,city,7,0,7,2,42.10395,-80.0766,1.0,1143,50,false,,,,SWTDashboard,2026-07-20T19:41:07.883,2026-09-26T15:01:52
Pennsylvania,PA,Gettysburg,Gettysburg,city,7,0,7,1,39.832,-77.2223,1.0,1143,50,false,,,,SWTDashboard,2026-07-20T19:41:07.883,2026-09-26T15:01:52
Pennsylvania,PA,Horsham,Horsham,city,7,0,7,1,40.1821,-75.1479,1.0,1143,50,false,,,,SWTDashboard,2026-07-20T19:41:07.883,2026-09-26T15:01:52
Pennsylvania,PA,Mill Run,Mill Run,city,7,0,7,1,39.968,-79.4622,1.0,1143,50,false,,,,SWTDashboard,2026-07-20T19:41:07.883,2026-09-26T15:01:52
Tennessee,TN,Memphis,Memphis,city,6,1,7,4,35.1497,-90.0108,0.857143,1143,9,false,,,,SWTDashboard,2026-07-20T19:41:07.883,2026-09-26T15:01:52
Texas,TX,Comfort,Comfort,city,7,0,7,1,29.9677,-98.905,1.0,1143,27,false,,,,SWTDashboard,2026-07-20T19:41:07.883,2026-09-26T15:01:52
Texas,TX,Denton,Denton,city,7,0,7,2,33.16655,-97.10045,1.0,1143,27,false,,,,SWTDashboard,2026-07-20T19:41:07.883,2026-09-26T15:01:52
Utah,UT,Kamas,Kamas,city,7,0,7,1,40.6414,-111.2619,1.0,1143,14,false,,,,SWTDashboard,2026-07-20T19:41:07.883,2026-09-26T15:01:52
Utah,UT,Lindon,Lindon,city,7,0,7,1,40.3412,-111.7144,1.0,1143,14,false,,,,SWTDashboard,2026-07-20T19:41:07.883,2026-09-26T15:01:52
Utah,UT,Ogden,Ogden,city,6,1,7,4,41.2627,-111.9763,0.857143,1143,14,false,,,,SWTDashboard,2026-07-20T19:41:07.883,2026-09-26T15:01:52
Utah,UT,Saint George,Saint George,city,7,0,7,1,37.1041,-113.5841,1.0,1143,14,false,,,,SWTDashboard,2026-07-20T19:41:07.883,2026-09-26T15:01:52
Virginia,VA,Bedford,Bedford,city,7,0,7,1,37.3153,-79.5331,1.0,1143,44,false,,,,SWTDashboard,2026-07-20T19:41:07.883,2026-09-26T15:01:52
Washington,WA,Manson,Manson,city,7,0,7,1,47.8958,-120.149,1.0,1143,27,false,,,,SWTDashboard,2026-07-20T19:41:07.883,2026-09-26T15:01:52
Washington,WA,Olympia,Olympia,city,7,0,7,2,47.027,-122.9456,1.0,1143,27,false,,,,SWTDashboard,2026-07-20T19:41:07.883,2026-09-26T15:01:52
Wisconsin,WI,Ashland,Ashland,city,7,0,7,1,46.5586,-90.7388,1.0,1143,43,false,,,,SWTDashboard,2026-07-20T19:41:07.883,2026-09-26T15:01:52
Wisconsin,WI,Fifield,Fifield,city,7,0,7,1,45.8143,-90.453,1.0,1143,43,false,,,,SWTDashboard,2026-07-20T19:41:07.883,2026-09-26T15:01:52
Wisconsin,WI,Madison,Madison,city,7,0,7,3,43.0775,-89.3831,1.0,1143,43,false,,,,SWTDashboard,2026-07-20T19:41:07.883,2026-09-26T15:01:52
Wisconsin,WI,Merrimac,Merrimac,city,3,4,7,2,43.3855,-89.6323,0.428571,1143,43,false,,,,SWTDashboard,2026-07-20T19:41:07.883,2026-09-26T15:01:52
Wisconsin,WI,Washington Island,Washington Island,city,7,0,7,1,45.3738,-86.8975,1.0,1143,43,false,,,,SWTDashboard,2026-07-20T19:41:07.883,2026-09-26T15:01:52
Wisconsin,WI,Waupaca,Waupaca,city,7,0,7,1,44.3481,-89.1101,1.0,1143,43,false,,,,SWTDashboard,2026-07-20T19:41:07.883,2026-09-26T15:01:52
West Virginia,WV,Bartow,Bartow,city,7,0,7,1,38.5513,-79.7952,1.0,1143,10,false,,,,SWTDashboard,2026-07-20T19:41:07.883,2026-09-26T15:01:52
Alaska,AK,Haines,Haines,city,6,0,6,1,59.2519,-135.542,1.0,1239,25,false,,,,SWTDashboard,2026-07-20T19:41:07.883,2026-09-26T15:01:52
California,CA,Anaheim,Anaheim,city,6,0,6,1,33.8085,-117.9228,1.0,1239,53,false,,,,SWTDashboard,2026-07-20T19:41:07.883,2026-09-26T15:01:52
California,CA,Goleta,Goleta,city,6,0,6,1,34.4296,-119.8612,1.0,1239,53,false,,,,SWTDashboard,2026-07-20T19:41:07.883,2026-09-26T15:01:52
California,CA,Napa,Napa,city,6,0,6,2,38.37265,-122.27025,1.0,1239,53,false,,,,SWTDashboard,2026-07-20T19:41:07.883,2026-09-26T15:01:52
California,CA,Paso Robles,Paso Robles,city,6,0,6,1,35.6406,-120.7003,1.0,1239,53,false,,,,SWTDashboard,2026-07-20T19:41:07.883,2026-09-26T15:01:52
California,CA,Susanville,Susanville,city,6,0,6,1,40.3983,-120.6464,1.0,1239,53,false,,,,SWTDashboard,2026-07-20T19:41:07.883,2026-09-26T15:01:52
Colorado,CO,Aurora,Aurora,city,6,0,6,1,39.6987,-104.8377,1.0,1239,44,false,,,,SWTDashboard,2026-07-20T19:41:07.883,2026-09-26T15:01:52
Colorado,CO,Clark,Clark,city,6,0,6,1,40.7268,-106.9215,1.0,1239,44,false,,,,SWTDashboard,2026-07-20T19:41:07.883,2026-09-26T15:01:52
Colorado,CO,Empire,Empire,city,6,0,6,1,39.7614,-105.6844,1.0,1239,44,false,,,,SWTDashboard,2026-07-20T19:41:07.883,2026-09-26T15:01:52
Colorado,CO,Leadville,Leadville,city,6,0,6,1,39.2497,-106.3015,1.0,1239,44,false,,,,SWTDashboard,2026-07-20T19:41:07.883,2026-09-26T15:01:52
Connecticut,CT,Bantam,Bantam,city,6,0,6,1,41.7215,-73.252,1.0,1239,21,false,,,,SWTDashboard,2026-07-20T19:41:07.883,2026-09-26T15:01:52
Connecticut,CT,Litchfield,Litchfield,city,5,1,6,2,41.7541,-73.2,0.833333,1239,21,false,,,,SWTDashboard,2026-07-20T19:41:07.883,2026-09-26T15:01:52
Florida,FL,Cocoa Beach,Cocoa Beach,city,3,3,6,2,28.3325,-80.6121,0.5,1239,27,false,,,,SWTDashboard,2026-07-20T19:41:07.883,2026-09-26T15:01:52
Florida,FL,Homestead,Homestead,city,5,1,6,2,25.2846,-80.6246,0.833333,1239,27,false,,,,SWTDashboard,2026-07-20T19:41:07.883,2026-09-26T15:01:52
Georgia,GA,Helen,Helen,city,6,0,6,1,34.6866,-83.7399,1.0,1239,11,false,,,,SWTDashboard,2026-07-20T19:41:07.883,2026-09-26T15:01:52
Hawaii,HI,Lihue,Lihue,city,6,0,6,1,21.9816,-159.3683,1.0,1239,11,false,,,,SWTDashboard,2026-07-20T19:41:07.883,2026-09-26T15:01:52
Iowa,IA,Davenport,Davenport,city,6,0,6,2,41.53855,-90.5864,1.0,1239,10,false,,,,SWTDashboard,2026-07-20T19:41:07.883,2026-09-26T15:01:52
Iowa,IA,Des Moines,Des Moines,city,6,0,6,3,41.5476,-93.6203,1.0,1239,10,false,,,,SWTDashboard,2026-07-20T19:41:07.883,2026-09-26T15:01:52
Iowa,IA,Milford,Milford,city,5,1,6,2,43.3196,-95.1615,0.833333,1239,10,false,,,,SWTDashboard,2026-07-20T19:41:07.883,2026-09-26T15:01:52
Illinois,IL,Evanston,Evanston,city,6,0,6,1,42.0546,-87.6943,1.0,1239,15,false,,,,SWTDashboard,2026-07-20T19:41:07.883,2026-09-26T15:01:52
Illinois,IL,Prospect Heights,Prospect Heights,city,0,6,6,1,42.1058,-87.9395,0.0,1239,15,false,,,,SWTDashboard,2026-07-20T19:41:07.883,2026-09-26T15:01:52
Indiana,IN,Bennington,Bennington,city,6,0,6,1,38.876,-85.0719,1.0,1239,7,false,,,,SWTDashboard,2026-07-20T19:41:07.883,2026-09-26T15:01:52
Indiana,IN,La Porte,La Porte,city,2,4,6,2,41.5994,-86.7077,0.333333,1239,7,false,,,,SWTDashboard,2026-07-20T19:41:07.883,2026-09-26T15:01:52
Kentucky,KY,Mammoth Cave,Mammoth Cave,city,6,0,6,1,37.2802,-86.1688,1.0,1239,4,false,,,,SWTDashboard,2026-07-20T19:41:07.883,2026-09-26T15:01:52
Louisiana,LA,New Orleans,New Orleans,city,6,0,6,3,29.9504,-90.0753,1.0,1239,1,false,,,,SWTDashboard,2026-07-20T19:41:07.883,2026-09-26T15:01:52
Massachusetts,MA,Chelmsford,Chelmsford,city,6,0,6,1,42.5911,-71.3556,1.0,1239,98,false,,,,SWTDashboard,2026-07-20T19:41:07.883,2026-09-26T15:01:52
Massachusetts,MA,East Weymouth,East Weymouth,city,6,0,6,1,42.214,-70.9203,1.0,1239,98,false,,,,SWTDashboard,2026-07-20T19:41:07.883,2026-09-26T15:01:52
Massachusetts,MA,Mattapoisett,Mattapoisett,city,6,0,6,1,41.6618,-70.8164,1.0,1239,98,false,,,,SWTDashboard,2026-07-20T19:41:07.883,2026-09-26T15:01:52
Massachusetts,MA,North Andover,North Andover,city,6,0,6,1,42.6826,-71.109,1.0,1239,98,false,,,,SWTDashboard,2026-07-20T19:41:07.883,2026-09-26T15:01:52
Massachusetts,MA,Rockport,Rockport,city,6,0,6,1,42.658,-70.6194,1.0,1239,98,false,,,,SWTDashboard,2026-07-20T19:41:07.883,2026-09-26T15:01:52
Massachusetts,MA,West Tisbury,West Tisbury,city,2,4,6,2,41.4213,-70.6428,0.333333,1239,98,false,,,,SWTDashboard,2026-07-20T19:41:07.883,2026-09-26T15:01:52
Maryland,MD,Aberdeen,Aberdeen,city,6,0,6,1,39.5109,-76.1805,1.0,1239,53,false,,,,SWTDashboard,2026-07-20T19:41:07.883,2026-09-26T15:01:52
Maryland,MD,Middle River,Middle River,city,6,0,6,1,39.3401,-76.4153,1.0,1239,53,false,,,,SWTDashboard,2026-07-20T19:41:07.883,2026-09-26T15:01:52
Maryland,MD,Millersville,Millersville,city,6,0,6,1,39.1041,-76.619,1.0,1239,53,false,,,,SWTDashboard,2026-07-20T19:41:07.883,2026-09-26T15:01:52
Maryland,MD,Riverdale,Riverdale,city,6,0,6,1,38.9601,-76.9147,1.0,1239,53,false,,,,SWTDashboard,2026-07-20T19:41:07.883,2026-09-26T15:01:52
Maryland,MD,Salisbury,Salisbury,city,6,0,6,1,38.3508,-75.5338,1.0,1239,53,false,,,,SWTDashboard,2026-07-20T19:41:07.883,2026-09-26T15:01:52
Maine,ME,Freedom,Freedom,city,6,0,6,1,44.4633,-69.319,1.0,1239,63,false,,,,SWTDashboard,2026-07-20T19:41:07.883,2026-09-26T15:01:52
Maine,ME,Lincolnville,Lincolnville,city,4,2,6,2,44.3048,-69.0824,0.666667,1239,63,false,,,,SWTDashboard,2026-07-20T19:41:07.883,2026-09-26T15:01:52
Maine,ME,Tenants Harbor,Tenants Harbor,city,6,0,6,1,43.9555,-69.2315,1.0,1239,63,false,,,,SWTDashboard,2026-07-20T19:41:07.883,2026-09-26T15:01:52
Michigan,MI,Central Lake,Central Lake,city,6,0,6,1,45.0748,-85.2673,1.0,1239,57,false,,,,SWTDashboard,2026-07-20T19:41:07.883,2026-09-26T15:01:52
Michigan,MI,Croswell,Croswell,city,6,0,6,1,43.2622,-82.6337,1.0,1239,57,false,,,,SWTDashboard,2026-07-20T19:41:07.883,2026-09-26T15:01:52
Michigan,MI,Leonard,Leonard,city,6,0,6,1,42.8437,-83.1406,1.0,1239,57,false,,,,SWTDashboard,2026-07-20T19:41:07.883,2026-09-26T15:01:52
Michigan,MI,Shelby,Shelby,city,6,0,6,1,43.6079,-86.3615,1.0,1239,57,false,,,,SWTDashboard,2026-07-20T19:41:07.883,2026-09-26T15:01:52
Michigan,MI,Tawas City,Tawas City,city,6,0,6,1,44.2675,-83.5449,1.0,1239,57,false,,,,SWTDashboard,2026-07-20T19:41:07.883,2026-09-26T15:01:52
Minnesota,MN,Beaver Bay,Beaver Bay,city,6,0,6,1,47.256,-91.3566,1.0,1239,35,false,,,,SWTDashboard,2026-07-20T19:41:07.883,2026-09-26T15:01:52
Minnesota,MN,Longville,Longville,city,6,0,6,1,47.0248,-94.1982,1.0,1239,35,false,,,,SWTDashboard,2026-07-20T19:41:07.883,2026-09-26T15:01:52
Minnesota,MN,Owatonna,Owatonna,city,6,0,6,1,44.0805,-93.2191,1.0,1239,35,false,,,,SWTDashboard,2026-07-20T19:41:07.883,2026-09-26T15:01:52
Montana,MT,Belgrade,Belgrade,city,6,0,6,1,45.7801,-111.1439,1.0,1239,27,false,,,,SWTDashboard,2026-07-20T19:41:07.883,2026-09-26T15:01:52
Montana,MT,Polebridge,Polebridge,city,6,0,6,1,48.8206,-114.3836,1.0,1239,27,false,,,,SWTDashboard,2026-07-20T19:41:07.883,2026-09-26T15:01:52
Montana,MT,Virginia City,Virginia City,city,6,0,6,1,45.2938,-111.9461,1.0,1239,27,false,,,,SWTDashboard,2026-07-20T19:41:07.883,2026-09-26T15:01:52
North Carolina,NC,Leland,Leland,city,6,0,6,1,34.268,-78.0578,1.0,1239,38,false,,,,SWTDashboard,2026-07-20T19:41:07.883,2026-09-26T15:01:52
North Carolina,NC,Littleton,Littleton,city,6,0,6,1,36.4169,-77.8528,1.0,1239,38,false,,,,SWTDashboard,2026-07-20T19:41:07.883,2026-09-26T15:01:52
North Dakota,ND,Grand Forks,Grand Forks,city,6,0,6,1,47.9272,-97.0672,1.0,1239,7,false,,,,SWTDashboard,2026-07-20T19:41:07.883,2026-09-26T15:01:52
Nebraska,NE,Omaha,Omaha,city,6,0,6,1,41.2656,-96.0493,1.0,1239,5,false,,,,SWTDashboard,2026-07-20T19:41:07.883,2026-09-26T15:01:52
New Hampshire,NH,Center Ossipee,Center Ossipee,city,6,0,6,1,43.7682,-71.1349,1.0,1239,49,false,,,,SWTDashboard,2026-07-20T19:41:07.883,2026-09-26T15:01:52
New Hampshire,NH,Lyme,Lyme,city,6,0,6,1,43.7913,-72.162,1.0,1239,49,false,,,,SWTDashboard,2026-07-20T19:41:07.883,2026-09-26T15:01:52
New Hampshire,NH,Strafford,Strafford,city,5,1,6,2,43.2506,-71.1625,0.833333,1239,49,false,,,,SWTDashboard,2026-07-20T19:41:07.883,2026-09-26T15:01:52
New Hampshire,NH,Tilton,Tilton,city,6,0,6,1,43.4603,-71.5774,1.0,1239,49,false,,,,SWTDashboard,2026-07-20T19:41:07.883,2026-09-26T15:01:52
New Jersey,NJ,Blackwood,Blackwood,city,6,0,6,1,39.7901,-75.0367,1.0,1239,51,false,,,,SWTDashboard,2026-07-20T19:41:07.883,2026-09-26T15:01:52
New Jersey,NJ,Maple Shade,Maple Shade,city,6,0,6,1,39.9511,-74.9946,1.0,1239,51,false,,,,SWTDashboard,2026-07-20T19:41:07.883,2026-09-26T15:01:52
New Jersey,NJ,Middleville,Middleville,city,6,0,6,1,41.0559,-74.8629,1.0,1239,51,false,,,,SWTDashboard,2026-07-20T19:41:07.883,2026-09-26T15:01:52
New Jersey,NJ,Normandy Beach,Normandy Beach,city,6,0,6,1,40.0026,-74.0604,1.0,1239,51,false,,,,SWTDashboard,2026-07-20T19:41:07.883,2026-09-26T15:01:52
New Jersey,NJ,Nutley,Nutley,city,6,0,6,1,40.8185,-74.1589,1.0,1239,51,false,,,,SWTDashboard,2026-07-20T19:41:07.883,2026-09-26T15:01:52
New York,NY,Andes,Andes,city,6,0,6,1,42.1569,-74.7887,1.0,1239,125,false,,,,SWTDashboard,2026-07-20T19:41:07.883,2026-09-26T15:01:52
New York,NY,Bemus Point,Bemus Point,city,6,0,6,1,42.1513,-79.3581,1.0,1239,125,false,,,,SWTDashboard,2026-07-20T19:41:07.883,2026-09-26T15:01:52
New York,NY,Bohemia,Bohemia,city,6,0,6,1,40.7678,-73.1163,1.0,1239,125,false,,,,SWTDashboard,2026-07-20T19:41:07.883,2026-09-26T15:01:52
New York,NY,Center Moriches,Center Moriches,city,6,0,6,1,40.7997,-72.797,1.0,1239,125,false,,,,SWTDashboard,2026-07-20T19:41:07.883,2026-09-26T15:01:52
New York,NY,Chestertown,Chestertown,city,5,1,6,2,43.6451,-73.8066,0.833333,1239,125,false,,,,SWTDashboard,2026-07-20T19:41:07.883,2026-09-26T15:01:52
New York,NY,Highmount,Highmount,city,0,6,6,1,42.1443,-74.4899,0.0,1239,125,false,,,,SWTDashboard,2026-07-20T19:41:07.883,2026-09-26T15:01:52
New York,NY,Livonia,Livonia,city,6,0,6,1,42.8135,-77.6635,1.0,1239,125,false,,,,SWTDashboard,2026-07-20T19:41:07.883,2026-09-26T15:01:52
New York,NY,Manhasset,Manhasset,city,6,0,6,1,40.7934,-73.6888,1.0,1239,125,false,,,,SWTDashboard,2026-07-20T19:41:07.883,2026-09-26T15:01:52
New York,NY,Monroe,Monroe,city,6,0,6,1,41.3286,-74.1885,1.0,1239,125,false,,,,SWTDashboard,2026-07-20T19:41:07.883,2026-09-26T15:01:52
New York,NY,Saugerties,Saugerties,city,6,0,6,1,42.0738,-73.9797,1.0,1239,125,false,,,,SWTDashboard,2026-07-20T19:41:07.883,2026-09-26T15:01:52
New York,NY,Taberg,Taberg,city,6,0,6,1,43.3366,-75.6027,1.0,1239,125,false,,,,SWTDashboard,2026-07-20T19:41:07.883,2026-09-26T15:01:52
New York,NY,Westport,Westport,city,6,0,6,1,44.205,-73.4702,1.0,1239,125,false,,,,SWTDashboard,2026-07-20T19:41:07.883,2026-09-26T15:01:52
Ohio,OH,Middle Bass,Middle Bass,city,5,1,6,2,41.6835,-82.8047,0.833333,1239,23,false,,,,SWTDashboard,2026-07-20T19:41:07.883,2026-09-26T15:01:52
Ohio,OH,Vermilion,Vermilion,city,6,0,6,1,41.41,-82.3554,1.0,1239,23,false,,,,SWTDashboard,2026-07-20T19:41:07.883,2026-09-26T15:01:52
Oregon,OR,Roseburg,Roseburg,city,6,0,6,2,43.22835,-123.37505,1.0,1239,16,false,,,,SWTDashboard,2026-07-20T19:41:07.883,2026-09-26T15:01:52
Oregon,OR,Wedderburn,Wedderburn,city,5,1,6,2,42.6093,-124.3886,0.833333,1239,16,false,,,,SWTDashboard,2026-07-20T19:41:07.883,2026-09-26T15:01:52
Pennsylvania,PA,Bensalem,Bensalem,city,6,0,6,1,40.1109,-74.9378,1.0,1239,54,false,,,,SWTDashboard,2026-07-20T19:41:07.883,2026-09-26T15:01:52
Pennsylvania,PA,Downingtown,Downingtown,city,6,0,6,1,40.0161,-75.7183,1.0,1239,54,false,,,,SWTDashboard,2026-07-20T19:41:07.883,2026-09-26T15:01:52
Pennsylvania,PA,Lancaster,Lancaster,city,6,0,6,2,40.04285,-76.3389,1.0,1239,54,false,,,,SWTDashboard,2026-07-20T19:41:07.883,2026-09-26T15:01:52
Texas,TX,Coldspring,Coldspring,city,6,0,6,1,30.6027,-95.1086,1.0,1239,29,false,,,,SWTDashboard,2026-07-20T19:41:07.883,2026-09-26T15:01:52
Texas,TX,Kyle,Kyle,city,6,0,6,1,29.9966,-97.8335,1.0,1239,29,false,,,,SWTDashboard,2026-07-20T19:41:07.883,2026-09-26T15:01:52
Texas,TX,Spring,Spring,city,6,0,6,2,30.0909,-95.50145,1.0,1239,29,false,,,,SWTDashboard,2026-07-20T19:41:07.883,2026-09-26T15:01:52
Virginia,VA,Basye,Basye,city,6,0,6,1,38.8089,-78.7776,1.0,1239,45,false,,,,SWTDashboard,2026-07-20T19:41:07.883,2026-09-26T15:01:52
Virginia,VA,Hiwassee,Hiwassee,city,6,0,6,1,36.9756,-80.6695,1.0,1239,45,false,,,,SWTDashboard,2026-07-20T19:41:07.883,2026-09-26T15:01:52
Virginia,VA,Jamesville,Jamesville,city,6,0,6,1,37.5151,-75.9305,1.0,1239,45,false,,,,SWTDashboard,2026-07-20T19:41:07.883,2026-09-26T15:01:52
Virginia,VA,Millboro,Millboro,city,6,0,6,1,38.0553,-79.7464,1.0,1239,45,false,,,,SWTDashboard,2026-07-20T19:41:07.883,2026-09-26T15:01:52
Virginia,VA,Topping,Topping,city,6,0,6,1,37.6009,-76.4575,1.0,1239,45,false,,,,SWTDashboard,2026-07-20T19:41:07.883,2026-09-26T15:01:52
Vermont,VT,Bradford,Bradford,city,4,2,6,2,44.0006,-72.1406,0.666667,1239,27,false,,,,SWTDashboard,2026-07-20T19:41:07.883,2026-09-26T15:01:52
Vermont,VT,Brownsville,Brownsville,city,6,0,6,1,43.4646,-72.4944,1.0,1239,27,false,,,,SWTDashboard,2026-07-20T19:41:07.883,2026-09-26T15:01:52
Washington,WA,Clinton,Clinton,city,6,0,6,1,47.9508,-122.3916,1.0,1239,29,false,,,,SWTDashboard,2026-07-20T19:41:07.883,2026-09-26T15:01:52
Washington,WA,Roslyn,Roslyn,city,6,0,6,1,47.2233,-121.0025,1.0,1239,29,false,,,,SWTDashboard,2026-07-20T19:41:07.883,2026-09-26T15:01:52
Wisconsin,WI,Athelstane,Athelstane,city,6,0,6,1,45.4228,-88.1753,1.0,1239,49,false,,,,SWTDashboard,2026-07-20T19:41:07.883,2026-09-26T15:01:52
Wisconsin,WI,Milwaukee,Milwaukee,city,6,0,6,2,43.0906,-87.91135,1.0,1239,49,false,,,,SWTDashboard,2026-07-20T19:41:07.883,2026-09-26T15:01:52
Wisconsin,WI,Spooner,Spooner,city,6,0,6,1,45.8505,-91.9155,1.0,1239,49,false,,,,SWTDashboard,2026-07-20T19:41:07.883,2026-09-26T15:01:52
Wisconsin,WI,Superior,Superior,city,6,0,6,1,46.7016,-92.0912,1.0,1239,49,false,,,,SWTDashboard,2026-07-20T19:41:07.883,2026-09-26T15:01:52
Wyoming,WY,Casper,Casper,city,6,0,6,2,42.8432,-106.2986,1.0,1239,16,false,,,,SWTDashboard,2026-07-20T19:41:07.883,2026-09-26T15:01:52
Wyoming,WY,Rawlins,Rawlins,city,6,0,6,1,41.7951,-107.2349,1.0,1239,16,false,,,,SWTDashboard,2026-07-20T19:41:07.883,2026-09-26T15:01:52
Alaska,AK,Eagle River,Eagle River,city,5,0,5,1,61.3114,-149.5085,1.0,1339,26,false,,,,SWTDashboard,2026-07-20T19:41:07.883,2026-09-26T15:01:52
Alaska,AK,Seldovia,Seldovia,city,5,0,5,1,59.4495,-151.7009,1.0,1339,26,false,,,,SWTDashboard,2026-07-20T19:41:07.883,2026-09-26T15:01:52
California,CA,Chico,Chico,city,5,0,5,2,39.7745,-121.85585,1.0,1339,58,false,,,,SWTDashboard,2026-07-20T19:41:07.883,2026-09-26T15:01:52
California,CA,Cupertino,Cupertino,city,5,0,5,1,37.318,-122.0449,1.0,1339,58,false,,,,SWTDashboard,2026-07-20T19:41:07.883,2026-09-26T15:01:52
California,CA,Fairfax,Fairfax,city,5,0,5,1,37.9883,-122.5937,1.0,1339,58,false,,,,SWTDashboard,2026-07-20T19:41:07.883,2026-09-26T15:01:52
Colorado,CO,Elbert,Elbert,city,5,0,5,1,39.0969,-104.5746,1.0,1339,48,false,,,,SWTDashboard,2026-07-20T19:41:07.883,2026-09-26T15:01:52
Colorado,CO,Grand Junction,Grand Junction,city,5,0,5,2,39.09075,-108.5474,1.0,1339,48,false,,,,SWTDashboard,2026-07-20T19:41:07.883,2026-09-26T15:01:52
Connecticut,CT,Old Saybrook,Old Saybrook,city,3,2,5,2,41.2913,-72.385,0.6,1339,23,false,,,,SWTDashboard,2026-07-20T19:41:07.883,2026-09-26T15:01:52
Delaware,DE,Lincoln,Lincoln,city,5,0,5,1,38.8613,-75.4,1.0,1339,11,false,,,,SWTDashboard,2026-07-20T19:41:07.883,2026-09-26T15:01:52
Delaware,DE,Wilmington,Wilmington,city,5,0,5,2,39.77735,-75.58555,1.0,1339,11,false,,,,SWTDashboard,2026-07-20T19:41:07.883,2026-09-26T15:01:52
Florida,FL,Daytona Beach,Daytona Beach,city,5,0,5,1,29.2219,-81.0095,1.0,1339,29,false,,,,SWTDashboard,2026-07-20T19:41:07.883,2026-09-26T15:01:52
Illinois,IL,Medinah,Medinah,city,4,1,5,2,41.9814,-88.0512,0.8,1339,17,false,,,,SWTDashboard,2026-07-20T19:41:07.883,2026-09-26T15:01:52
Illinois,IL,Zion,Zion,city,5,0,5,1,42.4442,-87.8389,1.0,1339,17,false,,,,SWTDashboard,2026-07-20T19:41:07.883,2026-09-26T15:01:52
Kansas,KS,Lawrence,Lawrence,city,5,0,5,2,38.9388,-95.25995,1.0,1339,3,false,,,,SWTDashboard,2026-07-20T19:41:07.883,2026-09-26T15:01:52
Massachusetts,MA,Brighton,Brighton,city,4,1,5,2,42.3478,-71.1566,0.8,1339,104,false,,,,SWTDashboard,2026-07-20T19:41:07.883,2026-09-26T15:01:52
Massachusetts,MA,Chestnut Hill,Chestnut Hill,city,5,0,5,1,42.3164,-71.1612,1.0,1339,104,false,,,,SWTDashboard,2026-07-20T19:41:07.883,2026-09-26T15:01:52
Massachusetts,MA,Gloucester,Gloucester,city,5,0,5,1,42.6208,-70.6721,1.0,1339,104,false,,,,SWTDashboard,2026-07-20T19:41:07.883,2026-09-26T15:01:52
Massachusetts,MA,Granville,Granville,city,5,0,5,1,42.1127,-72.952,1.0,1339,104,false,,,,SWTDashboard,2026-07-20T19:41:07.883,2026-09-26T15:01:52
Massachusetts,MA,Hingham,Hingham,city,5,0,5,1,42.2245,-70.8911,1.0,1339,104,false,,,,SWTDashboard,2026-07-20T19:41:07.883,2026-09-26T15:01:52
Massachusetts,MA,Hyannis Port,Hyannis Port,city,5,0,5,1,41.635,-70.3063,1.0,1339,104,false,,,,SWTDashboard,2026-07-20T19:41:07.883,2026-09-26T15:01:52
Massachusetts,MA,Medford,Medford,city,5,0,5,1,42.4173,-71.1087,1.0,1339,104,false,,,,SWTDashboard,2026-07-20T19:41:07.883,2026-09-26T15:01:52
Massachusetts,MA,Newbury,Newbury,city,5,0,5,1,42.7835,-70.8474,1.0,1339,104,false,,,,SWTDashboard,2026-07-20T19:41:07.883,2026-09-26T15:01:52
Massachusetts,MA,North Billerica,North Billerica,city,5,0,5,1,42.5757,-71.2902,1.0,1339,104,false,,,,SWTDashboard,2026-07-20T19:41:07.883,2026-09-26T15:01:52
Massachusetts,MA,Salisbury,Salisbury,city,5,0,5,1,42.8507,-70.8588,1.0,1339,104,false,,,,SWTDashboard,2026-07-20T19:41:07.883,2026-09-26T15:01:52
Massachusetts,MA,Shrewsbury,Shrewsbury,city,5,0,5,1,42.2848,-71.7205,1.0,1339,104,false,,,,SWTDashboard,2026-07-20T19:41:07.883,2026-09-26T15:01:52
Massachusetts,MA,Swampscott,Swampscott,city,5,0,5,1,42.4746,-70.9098,1.0,1339,104,false,,,,SWTDashboard,2026-07-20T19:41:07.883,2026-09-26T15:01:52
Massachusetts,MA,Wilmington,Wilmington,city,5,0,5,1,42.5581,-71.1723,1.0,1339,104,false,,,,SWTDashboard,2026-07-20T19:41:07.883,2026-09-26T15:01:52
Massachusetts,MA,Yarmouth Port,Yarmouth Port,city,5,0,5,1,41.7051,-70.227,1.0,1339,104,false,,,,SWTDashboard,2026-07-20T19:41:07.883,2026-09-26T15:01:52
Maryland,MD,Burtonsville,Burtonsville,city,5,0,5,1,39.0922,-76.9339,1.0,1339,58,false,,,,SWTDashboard,2026-07-20T19:41:07.883,2026-09-26T15:01:52
Maryland,MD,Capitol Heights,Capitol Heights,city,5,0,5,1,38.8897,-76.8925,1.0,1339,58,false,,,,SWTDashboard,2026-07-20T19:41:07.883,2026-09-26T15:01:52
Maryland,MD,Derwood,Derwood,city,5,0,5,1,39.1345,-77.1477,1.0,1339,58,false,,,,SWTDashboard,2026-07-20T19:41:07.883,2026-09-26T15:01:52
Maryland,MD,Flintstone,Flintstone,city,5,0,5,1,39.6993,-78.5739,1.0,1339,58,false,,,,SWTDashboard,2026-07-20T19:41:07.883,2026-09-26T15:01:52
Maryland,MD,Lothian,Lothian,city,5,0,5,1,38.8029,-76.6628,1.0,1339,58,false,,,,SWTDashboard,2026-07-20T19:41:07.883,2026-09-26T15:01:52
Maryland,MD,Parkville,Parkville,city,5,0,5,1,39.3876,-76.5418,1.0,1339,58,false,,,,SWTDashboard,2026-07-20T19:41:07.883,2026-09-26T15:01:52
Maryland,MD,Taneytown,Taneytown,city,5,0,5,1,39.6658,-77.1691,1.0,1339,58,false,,,,SWTDashboard,2026-07-20T19:41:07.883,2026-09-26T15:01:52
Maine,ME,Freeport,Freeport,city,5,0,5,1,43.857,-70.1031,1.0,1339,66,false,,,,SWTDashboard,2026-07-20T19:41:07.883,2026-09-26T15:01:52
Maine,ME,Lovell,Lovell,city,5,0,5,1,44.1614,-70.93,1.0,1339,66,false,,,,SWTDashboard,2026-07-20T19:41:07.883,2026-09-26T15:01:52
Maine,ME,North Haven,North Haven,city,4,1,5,2,44.1436,-68.8667,0.8,1339,66,false,,,,SWTDashboard,2026-07-20T19:41:07.883,2026-09-26T15:01:52
Maine,ME,Parsonsfield,Parsonsfield,city,5,0,5,1,43.745,-70.9092,1.0,1339,66,false,,,,SWTDashboard,2026-07-20T19:41:07.883,2026-09-26T15:01:52
Maine,ME,Surry,Surry,city,4,1,5,2,44.4883,-68.5063,0.8,1339,66,false,,,,SWTDashboard,2026-07-20T19:41:07.883,2026-09-26T15:01:52
Michigan,MI,East Tawas,East Tawas,city,2,3,5,2,44.3008,-83.4776,0.4,1339,62,false,,,,SWTDashboard,2026-07-20T19:41:07.883,2026-09-26T15:01:52
Michigan,MI,Frankfort,Frankfort,city,5,0,5,1,44.6311,-86.2212,1.0,1339,62,false,,,,SWTDashboard,2026-07-20T19:41:07.883,2026-09-26T15:01:52
Michigan,MI,Monroe,Monroe,city,3,2,5,2,41.9293,-83.4448,0.6,1339,62,false,,,,SWTDashboard,2026-07-20T19:41:07.883,2026-09-26T15:01:52
Michigan,MI,Oscoda,Oscoda,city,5,0,5,1,44.4465,-83.3619,1.0,1339,62,false,,,,SWTDashboard,2026-07-20T19:41:07.883,2026-09-26T15:01:52
Minnesota,MN,Battle Lake,Battle Lake,city,5,0,5,1,46.3142,-95.7144,1.0,1339,38,false,,,,SWTDashboard,2026-07-20T19:41:07.883,2026-09-26T15:01:52
Minnesota,MN,Excelsior,Excelsior,city,4,1,5,2,44.9007,-93.5791,0.8,1339,38,false,,,,SWTDashboard,2026-07-20T19:41:07.883,2026-09-26T15:01:52
Minnesota,MN,Maple Lake,Maple Lake,city,5,0,5,1,45.2202,-93.9638,1.0,1339,38,false,,,,SWTDashboard,2026-07-20T19:41:07.883,2026-09-26T15:01:52
Missouri,MO,Lake Saint Louis,Lake Saint Louis,city,5,0,5,1,38.7936,-90.7854,1.0,1339,18,false,,,,SWTDashboard,2026-07-20T19:41:07.883,2026-09-26T15:01:52
Montana,MT,Miles City,Miles City,city,5,0,5,1,46.4075,-105.8332,1.0,1339,30,false,,,,SWTDashboard,2026-07-20T19:41:07.883,2026-09-26T15:01:52
North Carolina,NC,Bryson City,Bryson City,city,4,1,5,2,35.4241,-83.4392,0.8,1339,40,false,,,,SWTDashboard,2026-07-20T19:41:07.883,2026-09-26T15:01:52
North Carolina,NC,Carthage,Carthage,city,5,0,5,1,35.3061,-79.3969,1.0,1339,40,false,,,,SWTDashboard,2026-07-20T19:41:07.883,2026-09-26T15:01:52
North Carolina,NC,Morehead City,Morehead City,city,5,0,5,1,34.7253,-76.7531,1.0,1339,40,false,,,,SWTDashboard,2026-07-20T19:41:07.883,2026-09-26T15:01:52
North Carolina,NC,Sunset Beach,Sunset Beach,city,5,0,5,1,33.8836,-78.52,1.0,1339,40,false,,,,SWTDashboard,2026-07-20T19:41:07.883,2026-09-26T15:01:52
North Dakota,ND,Beulah,Beulah,city,5,0,5,1,47.2707,-101.8075,1.0,1339,8,false,,,,SWTDashboard,2026-07-20T19:41:07.883,2026-09-26T15:01:52
Nebraska,NE,Valentine,Valentine,city,5,0,5,1,42.8062,-100.6215,1.0,1339,6,false,,,,SWTDashboard,2026-07-20T19:41:07.883,2026-09-26T15:01:52
New Hampshire,NH,Center Sandwich,Center Sandwich,city,5,0,5,1,43.8162,-71.4506,1.0,1339,53,false,,,,SWTDashboard,2026-07-20T19:41:07.883,2026-09-26T15:01:52
New Hampshire,NH,Keene,Keene,city,5,0,5,1,42.9627,-72.2955,1.0,1339,53,false,,,,SWTDashboard,2026-07-20T19:41:07.883,2026-09-26T15:01:52
New Hampshire,NH,Wentworth,Wentworth,city,4,1,5,2,43.8685,-71.9097,0.8,1339,53,false,,,,SWTDashboard,2026-07-20T19:41:07.883,2026-09-26T15:01:52
New Hampshire,NH,Woodsville,Woodsville,city,5,0,5,1,44.1523,-72.0373,1.0,1339,53,false,,,,SWTDashboard,2026-07-20T19:41:07.883,2026-09-26T15:01:52
New Jersey,NJ,Basking Ridge,Basking Ridge,city,5,0,5,1,40.6789,-74.5605,1.0,1339,56,false,,,,SWTDashboard,2026-07-20T19:41:07.883,2026-09-26T15:01:52
New Jersey,NJ,Bloomfield,Bloomfield,city,5,0,5,1,40.8035,-74.1891,1.0,1339,56,false,,,,SWTDashboard,2026-07-20T19:41:07.883,2026-09-26T15:01:52
New Jersey,NJ,Lawrence Township,Lawrence Township,other,5,0,5,1,40.2171,-74.7429,1.0,1339,56,false,,,,SWTDashboard,2026-07-20T19:41:07.883,2026-09-26T15:01:52
Nevada,NV,Glenbrook,Glenbrook,city,5,0,5,1,39.0509,-119.9428,1.0,1339,10,false,,,,SWTDashboard,2026-07-20T19:41:07.883,2026-09-26T15:01:52
New York,NY,Auburn,Auburn,city,3,2,5,2,42.93,-76.5626,0.6,1339,137,false,,,,SWTDashboard,2026-07-20T19:41:07.883,2026-09-26T15:01:52
New York,NY,Corfu,Corfu,city,5,0,5,1,42.9777,-78.3929,1.0,1339,137,false,,,,SWTDashboard,2026-07-20T19:41:07.883,2026-09-26T15:01:52
New York,NY,Corning,Corning,city,5,0,5,1,42.1383,-77.0475,1.0,1339,137,false,,,,SWTDashboard,2026-07-20T19:41:07.883,2026-09-26T15:01:52
New York,NY,Inwood,Inwood,city,5,0,5,1,40.6205,-73.7474,1.0,1339,137,false,,,,SWTDashboard,2026-07-20T19:41:07.883,2026-09-26T15:01:52
New York,NY,Kingston,Kingston,city,5,0,5,1,41.9697,-74.0668,1.0,1339,137,false,,,,SWTDashboard,2026-07-20T19:41:07.883,2026-09-26T15:01:52
New York,NY,Patterson,Patterson,city,5,0,5,1,41.4888,-73.5815,1.0,1339,137,false,,,,SWTDashboard,2026-07-20T19:41:07.883,2026-09-26T15:01:52
New York,NY,Sayville,Sayville,city,5,0,5,1,40.7459,-73.0859,1.0,1339,137,false,,,,SWTDashboard,2026-07-20T19:41:07.883,2026-09-26T15:01:52
Ohio,OH,Defiance,Defiance,city,5,0,5,1,41.2799,-84.3626,1.0,1339,25,false,,,,SWTDashboard,2026-07-20T19:41:07.883,2026-09-26T15:01:52
Ohio,OH,Loveland,Loveland,city,5,0,5,1,39.2445,-84.2588,1.0,1339,25,false,,,,SWTDashboard,2026-07-20T19:41:07.883,2026-09-26T15:01:52
Ohio,OH,Morrow,Morrow,city,5,0,5,1,39.3476,-84.1181,1.0,1339,25,false,,,,SWTDashboard,2026-07-20T19:41:07.883,2026-09-26T15:01:52
Oklahoma,OK,Broken Arrow,Broken Arrow,city,5,0,5,1,36.0447,-95.8079,1.0,1339,2,false,,,,SWTDashboard,2026-07-20T19:41:07.883,2026-09-26T15:01:52
Oregon,OR,Agness,Agness,city,4,1,5,2,42.5748,-124.0648,0.8,1339,18,false,,,,SWTDashboard,2026-07-20T19:41:07.883,2026-09-26T15:01:52
Oregon,OR,Florence,Florence,city,5,0,5,1,43.9881,-124.0993,1.0,1339,18,false,,,,SWTDashboard,2026-07-20T19:41:07.883,2026-09-26T15:01:52
Oregon,OR,Salem,Salem,city,5,0,5,1,44.9039,-123.0445,1.0,1339,18,false,,,,SWTDashboard,2026-07-20T19:41:07.883,2026-09-26T15:01:52
Pennsylvania,PA,Bloomsburg,Bloomsburg,city,5,0,5,1,41.0115,-76.4384,1.0,1339,57,false,,,,SWTDashboard,2026-07-20T19:41:07.883,2026-09-26T15:01:52
Pennsylvania,PA,Narvon,Narvon,city,5,0,5,1,40.1252,-75.9756,1.0,1339,57,false,,,,SWTDashboard,2026-07-20T19:41:07.883,2026-09-26T15:01:52
Pennsylvania,PA,Wexford,Wexford,city,5,0,5,1,40.612,-80.0649,1.0,1339,57,false,,,,SWTDashboard,2026-07-20T19:41:07.883,2026-09-26T15:01:52
Rhode Island,RI,Warwick,Warwick,city,5,0,5,1,41.7141,-71.3901,1.0,1339,8,false,,,,SWTDashboard,2026-07-20T19:41:07.883,2026-09-26T15:01:52
South Dakota,SD,Black Hawk,Black Hawk,city,5,0,5,1,44.1512,-103.3486,1.0,1339,13,false,,,,SWTDashboard,2026-07-20T19:41:07.883,2026-09-26T15:01:52
Texas,TX,Fort Stockton,Fort Stockton,city,2,3,5,2,30.8908,-102.8799,0.4,1339,32,false,,,,SWTDashboard,2026-07-20T19:41:07.883,2026-09-26T15:01:52
Texas,TX,Friendswood,Friendswood,city,5,0,5,1,29.5224,-95.1879,1.0,1339,32,false,,,,SWTDashboard,2026-07-20T19:41:07.883,2026-09-26T15:01:52
Texas,TX,Lubbock,Lubbock,city,5,0,5,2,33.53125,-101.91075,1.0,1339,32,false,,,,SWTDashboard,2026-07-20T19:41:07.883,2026-09-26T15:01:52
Texas,TX,Midland,Midland,city,5,0,5,2,32.0008,-102.1142,1.0,1339,32,false,,,,SWTDashboard,2026-07-20T19:41:07.883,2026-09-26T15:01:52
Utah,UT,West Jordan,West Jordan,city,5,0,5,1,40.5959,-111.9644,1.0,1339,18,false,,,,SWTDashboard,2026-07-20T19:41:07.883,2026-09-26T15:01:52
Virginia,VA,Cape Charles,Cape Charles,city,5,0,5,1,37.2799,-75.9721,1.0,1339,50,false,,,,SWTDashboard,2026-07-20T19:41:07.883,2026-09-26T15:01:52
Virginia,VA,Carrollton,Carrollton,city,5,0,5,1,36.955,-76.543,1.0,1339,50,false,,,,SWTDashboard,2026-07-20T19:41:07.883,2026-09-26T15:01:52
Virginia,VA,Fairfax Station,Fairfax Station,city,5,0,5,1,38.7602,-77.3064,1.0,1339,50,false,,,,SWTDashboard,2026-07-20T19:41:07.883,2026-09-26T15:01:52
Virginia,VA,Smithfield,Smithfield,city,5,0,5,1,36.9811,-76.6368,1.0,1339,50,false,,,,SWTDashboard,2026-07-20T19:41:07.883,2026-09-26T15:01:52
Virginia,VA,Swoope,Swoope,city,5,0,5,1,38.1591,-79.1873,1.0,1339,50,false,,,,SWTDashboard,2026-07-20T19:41:07.883,2026-09-26T15:01:52
Virginia,VA,Warm Springs,Warm Springs,city,5,0,5,1,38.1437,-79.8207,1.0,1339,50,false,,,,SWTDashboard,2026-07-20T19:41:07.883,2026-09-26T15:01:52
Virginia,VA,Washington,Washington,city,5,0,5,1,38.7078,-78.1566,1.0,1339,50,false,,,,SWTDashboard,2026-07-20T19:41:07.883,2026-09-26T15:01:52
Virginia,VA,Yorktown,Yorktown,city,4,1,5,3,37.1256,-76.4469,0.8,1339,50,false,,,,SWTDashboard,2026-07-20T19:41:07.883,2026-09-26T15:01:52
Vermont,VT,Craftsbury Common,Craftsbury Common,city,5,0,5,1,44.6788,-72.3594,1.0,1339,29,false,,,,SWTDashboard,2026-07-20T19:41:07.883,2026-09-26T15:01:52
Vermont,VT,Derby,Derby,city,5,0,5,1,44.9502,-72.1376,1.0,1339,29,false,,,,SWTDashboard,2026-07-20T19:41:07.883,2026-09-26T15:01:52
Vermont,VT,North Hero,North Hero,city,5,0,5,1,44.8353,-73.2778,1.0,1339,29,false,,,,SWTDashboard,2026-07-20T19:41:07.883,2026-09-26T15:01:52
Vermont,VT,Quechee,Quechee,city,5,0,5,1,43.6462,-72.4184,1.0,1339,29,false,,,,SWTDashboard,2026-07-20T19:41:07.883,2026-09-26T15:01:52
Washington,WA,Eatonville,Eatonville,city,5,0,5,1,46.8708,-122.2696,1.0,1339,31,false,,,,SWTDashboard,2026-07-20T19:41:07.883,2026-09-26T15:01:52
Washington,WA,Kennewick,Kennewick,city,5,0,5,1,46.2109,-119.168,1.0,1339,31,false,,,,SWTDashboard,2026-07-20T19:41:07.883,2026-09-26T15:01:52
Washington,WA,Port Townsend,Port Townsend,city,3,2,5,2,48.104,-122.7945,0.6,1339,31,false,,,,SWTDashboard,2026-07-20T19:41:07.883,2026-09-26T15:01:52
Wisconsin,WI,Tomahawk,Tomahawk,city,5,0,5,1,45.4963,-89.7273,1.0,1339,53,false,,,,SWTDashboard,2026-07-20T19:41:07.883,2026-09-26T15:01:52
Wisconsin,WI,Wild Rose,Wild Rose,city,0,5,5,1,44.1834,-89.1953,0.0,1339,53,false,,,,SWTDashboard,2026-07-20T19:41:07.883,2026-09-26T15:01:52
Wisconsin,WI,Winter,Winter,city,5,0,5,1,45.8327,-91.0144,1.0,1339,53,false,,,,SWTDashboard,2026-07-20T19:41:07.883,2026-09-26T15:01:52
West Virginia,WV,Cabins,Cabins,city,4,1,5,2,38.9512,-79.2783,0.8,1339,11,false,,,,SWTDashboard,2026-07-20T19:41:07.883,2026-09-26T15:01:52
Alabama,AL,Spanish Fort,Spanish Fort,city,4,0,4,1,30.6959,-87.8867,1.0,1445,7,false,,,,SWTDashboard,2026-07-20T19:41:07.883,2026-09-26T15:01:52
Arkansas,AR,Judsonia,Judsonia,city,4,0,4,1,35.325,-91.6491,1.0,1445,4,false,,,,SWTDashboard,2026-07-20T19:41:07.883,2026-09-26T15:01:52
Arkansas,AR,Lowell,Lowell,city,4,0,4,1,36.2554,-94.1308,1.0,1445,4,false,,,,SWTDashboard,2026-07-20T19:41:07.883,2026-09-26T15:01:52
California,CA,Encinitas,Encinitas,city,4,0,4,1,33.0535,-117.2689,1.0,1445,61,false,,,,SWTDashboard,2026-07-20T19:41:07.883,2026-09-26T15:01:52
California,CA,Eureka,Eureka,city,4,0,4,1,40.7938,-124.1573,1.0,1445,61,false,,,,SWTDashboard,2026-07-20T19:41:07.883,2026-09-26T15:01:52
California,CA,Homewood,Homewood,city,4,0,4,1,39.0786,-120.1734,1.0,1445,61,false,,,,SWTDashboard,2026-07-20T19:41:07.883,2026-09-26T15:01:52
California,CA,Lodi,Lodi,city,4,0,4,1,38.1308,-121.3345,1.0,1445,61,false,,,,SWTDashboard,2026-07-20T19:41:07.883,2026-09-26T15:01:52
California,CA,Millbrae,Millbrae,city,4,0,4,1,37.6004,-122.402,1.0,1445,61,false,,,,SWTDashboard,2026-07-20T19:41:07.883,2026-09-26T15:01:52
California,CA,Pinecrest,Pinecrest,city,4,0,4,1,38.1889,-119.9924,1.0,1445,61,false,,,,SWTDashboard,2026-07-20T19:41:07.883,2026-09-26T15:01:52
California,CA,San Marcos,San Marcos,city,4,0,4,1,33.1193,-117.185,1.0,1445,61,false,,,,SWTDashboard,2026-07-20T19:41:07.883,2026-09-26T15:01:52
California,CA,Yucaipa,Yucaipa,city,4,0,4,1,34.0282,-117.0489,1.0,1445,61,false,,,,SWTDashboard,2026-07-20T19:41:07.883,2026-09-26T15:01:52
Colorado,CO,Dillon,Dillon,city,4,0,4,1,39.5952,-105.9741,1.0,1445,50,false,,,,SWTDashboard,2026-07-20T19:41:07.883,2026-09-26T15:01:52
Connecticut,CT,Ivoryton,Ivoryton,city,4,0,4,1,41.3421,-72.4404,1.0,1445,24,false,,,,SWTDashboard,2026-07-20T19:41:07.883,2026-09-26T15:01:52
Connecticut,CT,North Stonington,North Stonington,city,4,0,4,1,41.4531,-71.8727,1.0,1445,24,false,,,,SWTDashboard,2026-07-20T19:41:07.883,2026-09-26T15:01:52
Connecticut,CT,Riverside,Riverside,city,4,0,4,1,41.038,-73.5811,1.0,1445,24,false,,,,SWTDashboard,2026-07-20T19:41:07.883,2026-09-26T15:01:52
Connecticut,CT,Wilton,Wilton,city,4,0,4,1,41.2018,-73.4383,1.0,1445,24,false,,,,SWTDashboard,2026-07-20T19:41:07.883,2026-09-26T15:01:52
Connecticut,CT,Woodstock Valley,Woodstock Valley,city,4,0,4,1,41.9153,-72.0937,1.0,1445,24,false,,,,SWTDashboard,2026-07-20T19:41:07.883,2026-09-26T15:01:52
Delaware,DE,Bear,Bear,city,4,0,4,1,39.6102,-75.6747,1.0,1445,13,false,,,,SWTDashboard,2026-07-20T19:41:07.883,2026-09-26T15:01:52
Delaware,DE,Claymont,Claymont,city,4,0,4,1,39.8044,-75.4649,1.0,1445,13,false,,,,SWTDashboard,2026-07-20T19:41:07.883,2026-09-26T15:01:52
Florida,FL,Lake Wales,Lake Wales,city,4,0,4,1,27.8643,-81.5719,1.0,1445,30,false,,,,SWTDashboard,2026-07-20T19:41:07.883,2026-09-26T15:01:52
Hawaii,HI,Eleele,Eleele,city,4,0,4,1,21.9074,-159.5832,1.0,1445,12,false,,,,SWTDashboard,2026-07-20T19:41:07.883,2026-09-26T15:01:52
Iowa,IA,Ames,Ames,city,4,0,4,1,42.0379,-93.6003,1.0,1445,13,false,,,,SWTDashboard,2026-07-20T19:41:07.883,2026-09-26T15:01:52
Idaho,ID,Pocatello,Pocatello,city,4,0,4,2,42.91165,-112.453,1.0,1445,12,false,,,,SWTDashboard,2026-07-20T19:41:07.883,2026-09-26T15:01:52
Idaho,ID,Priest River,Priest River,city,4,0,4,1,48.1664,-116.9066,1.0,1445,12,false,,,,SWTDashboard,2026-07-20T19:41:07.883,2026-09-26T15:01:52
Idaho,ID,Rigby,Rigby,city,4,0,4,1,43.6715,-111.9005,1.0,1445,12,false,,,,SWTDashboard,2026-07-20T19:41:07.883,2026-09-26T15:01:52
Idaho,ID,Swan Valley,Swan Valley,city,3,1,4,2,43.456,-111.3416,0.75,1445,12,false,,,,SWTDashboard,2026-07-20T19:41:07.883,2026-09-26T15:01:52
Illinois,IL,Galesburg,Galesburg,city,4,0,4,1,40.9521,-90.3698,1.0,1445,19,false,,,,SWTDashboard,2026-07-20T19:41:07.883,2026-09-26T15:01:52
Illinois,IL,Hinsdale,Hinsdale,city,4,0,4,1,41.8001,-87.9287,1.0,1445,19,false,,,,SWTDashboard,2026-07-20T19:41:07.883,2026-09-26T15:01:52
Illinois,IL,Lemont,Lemont,city,4,0,4,1,41.7074,-87.9756,1.0,1445,19,false,,,,SWTDashboard,2026-07-20T19:41:07.883,2026-09-26T15:01:52
Illinois,IL,Morton,Morton,city,4,0,4,1,40.6148,-89.4604,1.0,1445,19,false,,,,SWTDashboard,2026-07-20T19:41:07.883,2026-09-26T15:01:52
Illinois,IL,Wilmette,Wilmette,city,4,0,4,1,42.0765,-87.7246,1.0,1445,19,false,,,,SWTDashboard,2026-07-20T19:41:07.883,2026-09-26T15:01:52
Indiana,IN,Michigan City,Michigan City,city,4,0,4,1,41.698,-86.8699,1.0,1445,9,false,,,,SWTDashboard,2026-07-20T19:41:07.883,2026-09-26T15:01:52
Kansas,KS,Olathe,Olathe,city,4,0,4,1,38.8733,-94.7752,1.0,1445,4,false,,,,SWTDashboard,2026-07-20T19:41:07.883,2026-09-26T15:01:52
Kansas,KS,Shawnee,Shawnee,city,2,2,4,2,39.0417,-94.7202,0.5,1445,4,false,,,,SWTDashboard,2026-07-20T19:41:07.883,2026-09-26T15:01:52
Massachusetts,MA,Ashby,Ashby,city,4,0,4,1,42.6745,-71.8174,1.0,1445,118,false,,,,SWTDashboard,2026-07-20T19:41:07.883,2026-09-26T15:01:52
Massachusetts,MA,Chelsea,Chelsea,city,4,0,4,1,42.3963,-71.0325,1.0,1445,118,false,,,,SWTDashboard,2026-07-20T19:41:07.883,2026-09-26T15:01:52
Massachusetts,MA,Hopkinton,Hopkinton,city,4,0,4,1,42.219,-71.5302,1.0,1445,118,false,,,,SWTDashboard,2026-07-20T19:41:07.883,2026-09-26T15:01:52
Massachusetts,MA,Lynn,Lynn,city,4,0,4,1,42.4694,-70.9728,1.0,1445,118,false,,,,SWTDashboard,2026-07-20T19:41:07.883,2026-09-26T15:01:52
Massachusetts,MA,Peabody,Peabody,city,4,0,4,1,42.5326,-70.9612,1.0,1445,118,false,,,,SWTDashboard,2026-07-20T19:41:07.883,2026-09-26T15:01:52
Massachusetts,MA,Tewksbury,Tewksbury,city,4,0,4,1,42.6028,-71.2232,1.0,1445,118,false,,,,SWTDashboard,2026-07-20T19:41:07.883,2026-09-26T15:01:52
Massachusetts,MA,Wakefield,Wakefield,city,3,1,4,2,42.5009,-71.0685,0.75,1445,118,false,,,,SWTDashboard,2026-07-20T19:41:07.883,2026-09-26T15:01:52
Massachusetts,MA,Walpole,Walpole,city,4,0,4,1,42.1444,-71.2544,1.0,1445,118,false,,,,SWTDashboard,2026-07-20T19:41:07.883,2026-09-26T15:01:52
Massachusetts,MA,Wareham,Wareham,city,4,0,4,1,41.7541,-70.7116,1.0,1445,118,false,,,,SWTDashboard,2026-07-20T19:41:07.883,2026-09-26T15:01:52
Maryland,MD,Aberdeen Proving Ground,Aberdeen Proving Ground,city,4,0,4,1,39.4771,-76.1208,1.0,1445,65,false,,,,SWTDashboard,2026-07-20T19:41:07.883,2026-09-26T15:01:52
Maryland,MD,Bel Air,Bel Air,city,4,0,4,2,39.53485,-76.33585,1.0,1445,65,false,,,,SWTDashboard,2026-07-20T19:41:07.883,2026-09-26T15:01:52
Maryland,MD,Crofton,Crofton,city,4,0,4,1,39.0112,-76.6802,1.0,1445,65,false,,,,SWTDashboard,2026-07-20T19:41:07.883,2026-09-26T15:01:52
Maryland,MD,Edgewood,Edgewood,city,4,0,4,1,39.4277,-76.3055,1.0,1445,65,false,,,,SWTDashboard,2026-07-20T19:41:07.883,2026-09-26T15:01:52
Maryland,MD,Essex,Essex,city,4,0,4,1,39.3086,-76.4533,1.0,1445,65,false,,,,SWTDashboard,2026-07-20T19:41:07.883,2026-09-26T15:01:52
Maryland,MD,Phoenix,Phoenix,city,4,0,4,1,39.4833,-76.5776,1.0,1445,65,false,,,,SWTDashboard,2026-07-20T19:41:07.883,2026-09-26T15:01:52
Maryland,MD,Severn,Severn,city,4,0,4,1,39.1275,-76.698,1.0,1445,65,false,,,,SWTDashboard,2026-07-20T19:41:07.883,2026-09-26T15:01:52
Maryland,MD,Takoma Park,Takoma Park,city,4,0,4,1,38.9832,-77.0007,1.0,1445,65,false,,,,SWTDashboard,2026-07-20T19:41:07.883,2026-09-26T15:01:52
Maryland,MD,Waldorf,Waldorf,city,4,0,4,1,38.6294,-76.9769,1.0,1445,65,false,,,,SWTDashboard,2026-07-20T19:41:07.883,2026-09-26T15:01:52
Maryland,MD,White Plains,White Plains,city,4,0,4,1,38.5974,-76.9903,1.0,1445,65,false,,,,SWTDashboard,2026-07-20T19:41:07.883,2026-09-26T15:01:52
Maryland,MD,Williamsport,Williamsport,city,4,0,4,1,39.593,-77.8087,1.0,1445,65,false,,,,SWTDashboard,2026-07-20T19:41:07.883,2026-09-26T15:01:52
Maine,ME,Boothbay,Boothbay,city,4,0,4,1,43.8945,-69.6273,1.0,1445,71,false,,,,SWTDashboard,2026-07-20T19:41:07.883,2026-09-26T15:01:52
Maine,ME,Caratunk,Caratunk,city,4,0,4,1,45.241,-69.9386,1.0,1445,71,false,,,,SWTDashboard,2026-07-20T19:41:07.883,2026-09-26T15:01:52
Maine,ME,Eastport,Eastport,city,4,0,4,1,44.92,-67.0074,1.0,1445,71,false,,,,SWTDashboard,2026-07-20T19:41:07.883,2026-09-26T15:01:52
Maine,ME,Newcastle,Newcastle,city,4,0,4,1,44.0499,-69.5331,1.0,1445,71,false,,,,SWTDashboard,2026-07-20T19:41:07.883,2026-09-26T15:01:52
Maine,ME,Spruce Head,Spruce Head,city,4,0,4,1,44.0104,-69.1707,1.0,1445,71,false,,,,SWTDashboard,2026-07-20T19:41:07.883,2026-09-26T15:01:52
Maine,ME,York Harbor,York Harbor,city,2,2,4,2,43.1368,-70.6456,0.5,1445,71,false,,,,SWTDashboard,2026-07-20T19:41:07.883,2026-09-26T15:01:52
Michigan,MI,Beulah,Beulah,city,4,0,4,1,44.6306,-86.0025,1.0,1445,66,false,,,,SWTDashboard,2026-07-20T19:41:07.883,2026-09-26T15:01:52
Michigan,MI,Drummond Island,Drummond Island,city,4,0,4,1,46.0055,-83.7367,1.0,1445,66,false,,,,SWTDashboard,2026-07-20T19:41:07.883,2026-09-26T15:01:52
Michigan,MI,Fremont,Fremont,city,4,0,4,1,43.4652,-85.9626,1.0,1445,66,false,,,,SWTDashboard,2026-07-20T19:41:07.883,2026-09-26T15:01:52
Michigan,MI,Lake Leelanau,Lake Leelanau,city,4,0,4,1,44.9856,-85.7329,1.0,1445,66,false,,,,SWTDashboard,2026-07-20T19:41:07.883,2026-09-26T15:01:52
Michigan,MI,Middleville,Middleville,city,4,0,4,1,42.6932,-85.4759,1.0,1445,66,false,,,,SWTDashboard,2026-07-20T19:41:07.883,2026-09-26T15:01:52
Michigan,MI,New Baltimore,New Baltimore,city,1,3,4,2,42.6938,-82.8207,0.25,1445,66,false,,,,SWTDashboard,2026-07-20T19:41:07.883,2026-09-26T15:01:52
Michigan,MI,Saginaw,Saginaw,city,2,2,4,2,43.4732,-83.9514,0.5,1445,66,false,,,,SWTDashboard,2026-07-20T19:41:07.883,2026-09-26T15:01:52
Michigan,MI,Ypsilanti,Ypsilanti,city,3,1,4,2,42.2325,-83.6336,0.75,1445,66,false,,,,SWTDashboard,2026-07-20T19:41:07.883,2026-09-26T15:01:52
Minnesota,MN,Aitkin,Aitkin,city,4,0,4,1,46.4799,-93.6454,1.0,1445,41,false,,,,SWTDashboard,2026-07-20T19:41:07.883,2026-09-26T15:01:52
Minnesota,MN,Cambridge,Cambridge,city,4,0,4,1,45.5576,-93.2889,1.0,1445,41,false,,,,SWTDashboard,2026-07-20T19:41:07.883,2026-09-26T15:01:52
Minnesota,MN,Hamel,Hamel,city,4,0,4,1,45.08,-93.576,1.0,1445,41,false,,,,SWTDashboard,2026-07-20T19:41:07.883,2026-09-26T15:01:52
Minnesota,MN,Paynesville,Paynesville,city,4,0,4,1,45.3988,-94.7157,1.0,1445,41,false,,,,SWTDashboard,2026-07-20T19:41:07.883,2026-09-26T15:01:52
Minnesota,MN,Rogers,Rogers,city,4,0,4,1,45.1715,-93.5814,1.0,1445,41,false,,,,SWTDashboard,2026-07-20T19:41:07.883,2026-09-26T15:01:52
Minnesota,MN,Saint Cloud,Saint Cloud,city,4,0,4,1,45.5713,-94.2036,1.0,1445,41,false,,,,SWTDashboard,2026-07-20T19:41:07.883,2026-09-26T15:01:52
Minnesota,MN,Wahkon,Wahkon,city,4,0,4,1,46.1121,-93.4972,1.0,1445,41,false,,,,SWTDashboard,2026-07-20T19:41:07.883,2026-09-26T15:01:52
Missouri,MO,Reeds Spring,Reeds Spring,city,4,0,4,1,36.6907,-93.3447,1.0,1445,19,false,,,,SWTDashboard,2026-07-20T19:41:07.883,2026-09-26T15:01:52
Missouri,MO,Rocheport,Rocheport,city,4,0,4,1,38.9756,-92.5079,1.0,1445,19,false,,,,SWTDashboard,2026-07-20T19:41:07.883,2026-09-26T15:01:52
Montana,MT,Hamilton,Hamilton,city,4,0,4,1,46.2395,-114.1679,1.0,1445,31,false,,,,SWTDashboard,2026-07-20T19:41:07.883,2026-09-26T15:01:52
Montana,MT,Hilger,Hilger,city,4,0,4,1,47.2539,-109.3599,1.0,1445,31,false,,,,SWTDashboard,2026-07-20T19:41:07.883,2026-09-26T15:01:52
Montana,MT,White Sulphur Springs,White Sulphur Springs,city,4,0,4,1,46.6332,-111.0506,1.0,1445,31,false,,,,SWTDashboard,2026-07-20T19:41:07.883,2026-09-26T15:01:52
North Carolina,NC,Camden,Camden,city,4,0,4,1,36.325,-76.15,1.0,1445,44,false,,,,SWTDashboard,2026-07-20T19:41:07.883,2026-09-26T15:01:52
North Carolina,NC,Horse Shoe,Horse Shoe,city,4,0,4,1,35.3432,-82.5565,1.0,1445,44,false,,,,SWTDashboard,2026-07-20T19:41:07.883,2026-09-26T15:01:52
North Carolina,NC,Ocracoke,Ocracoke,city,3,1,4,2,35.1397,-75.8931,0.75,1445,44,false,,,,SWTDashboard,2026-07-20T19:41:07.883,2026-09-26T15:01:52
North Carolina,NC,Wilmington,Wilmington,city,4,0,4,1,34.3033,-77.8039,1.0,1445,44,false,,,,SWTDashboard,2026-07-20T19:41:07.883,2026-09-26T15:01:52
Nebraska,NE,Lemoyne,Lemoyne,city,4,0,4,1,41.3236,-101.7673,1.0,1445,7,false,,,,SWTDashboard,2026-07-20T19:41:07.883,2026-09-26T15:01:52
New Hampshire,NH,Barnstead,Barnstead,city,2,2,4,2,43.3349,-71.2887,0.5,1445,57,false,,,,SWTDashboard,2026-07-20T19:41:07.883,2026-09-26T15:01:52
New Hampshire,NH,Gorham,Gorham,city,4,0,4,1,44.4048,-71.1548,1.0,1445,57,false,,,,SWTDashboard,2026-07-20T19:41:07.883,2026-09-26T15:01:52
New Hampshire,NH,New Hampton,New Hampton,city,4,0,4,1,43.6184,-71.6435,1.0,1445,57,false,,,,SWTDashboard,2026-07-20T19:41:07.883,2026-09-26T15:01:52
New Hampshire,NH,Newport,Newport,city,4,0,4,1,43.3532,-72.1838,1.0,1445,57,false,,,,SWTDashboard,2026-07-20T19:41:07.883,2026-09-26T15:01:52
New Hampshire,NH,Plymouth,Plymouth,city,4,0,4,1,43.757,-71.6881,1.0,1445,57,false,,,,SWTDashboard,2026-07-20T19:41:07.883,2026-09-26T15:01:52
New Hampshire,NH,Rindge,Rindge,city,4,0,4,1,42.7544,-72.019,1.0,1445,57,false,,,,SWTDashboard,2026-07-20T19:41:07.883,2026-09-26T15:01:52
New Jersey,NJ,Cedar Knolls,Cedar Knolls,city,4,0,4,1,40.8223,-74.4569,1.0,1445,59,false,,,,SWTDashboard,2026-07-20T19:41:07.883,2026-09-26T15:01:52
New Jersey,NJ,Deptford,Deptford,city,4,0,4,1,39.7539,-74.996,1.0,1445,59,false,,,,SWTDashboard,2026-07-20T19:41:07.883,2026-09-26T15:01:52
New Jersey,NJ,Hillsborough,Hillsborough,city,4,0,4,1,40.4775,-74.6272,1.0,1445,59,false,,,,SWTDashboard,2026-07-20T19:41:07.883,2026-09-26T15:01:52
New Jersey,NJ,Manchester Township,Manchester Township,other,4,0,4,1,39.9515,-74.1521,1.0,1445,59,false,,,,SWTDashboard,2026-07-20T19:41:07.883,2026-09-26T15:01:52
New Jersey,NJ,Ocean Grove,Ocean Grove,city,4,0,4,1,40.2116,-74.0093,1.0,1445,59,false,,,,SWTDashboard,2026-07-20T19:41:07.883,2026-09-26T15:01:52
New Jersey,NJ,Wayne,Wayne,city,4,0,4,1,40.9471,-74.2466,1.0,1445,59,false,,,,SWTDashboard,2026-07-20T19:41:07.883,2026-09-26T15:01:52
New York,NY,East Syracuse,East Syracuse,city,4,0,4,1,43.0734,-76.0558,1.0,1445,144,false,,,,SWTDashboard,2026-07-20T19:41:07.883,2026-09-26T15:01:52
New York,NY,Fallsburg,Fallsburg,city,4,0,4,1,41.7273,-74.6154,1.0,1445,144,false,,,,SWTDashboard,2026-07-20T19:41:07.883,2026-09-26T15:01:52
New York,NY,Ferndale,Ferndale,city,4,0,4,1,41.7349,-74.7345,1.0,1445,144,false,,,,SWTDashboard,2026-07-20T19:41:07.883,2026-09-26T15:01:52
New York,NY,Glen Cove,Glen Cove,city,4,0,4,1,40.865,-73.6277,1.0,1445,144,false,,,,SWTDashboard,2026-07-20T19:41:07.883,2026-09-26T15:01:52
New York,NY,Greenville,Greenville,city,4,0,4,1,42.4113,-74.0222,1.0,1445,144,false,,,,SWTDashboard,2026-07-20T19:41:07.883,2026-09-26T15:01:52
New York,NY,Holmes,Holmes,city,3,1,4,2,41.5325,-73.6628,0.75,1445,144,false,,,,SWTDashboard,2026-07-20T19:41:07.883,2026-09-26T15:01:52
New York,NY,Middle Island,Middle Island,city,4,0,4,1,40.8782,-72.9525,1.0,1445,144,false,,,,SWTDashboard,2026-07-20T19:41:07.883,2026-09-26T15:01:52
New York,NY,North Creek,North Creek,city,4,0,4,1,43.6978,-73.986,1.0,1445,144,false,,,,SWTDashboard,2026-07-20T19:41:07.883,2026-09-26T15:01:52
New York,NY,North Hudson,North Hudson,city,4,0,4,1,43.9869,-73.7121,1.0,1445,144,false,,,,SWTDashboard,2026-07-20T19:41:07.883,2026-09-26T15:01:52
New York,NY,Northport,Northport,city,4,0,4,1,40.9051,-73.3309,1.0,1445,144,false,,,,SWTDashboard,2026-07-20T19:41:07.883,2026-09-26T15:01:52
New York,NY,Ridge,Ridge,city,4,0,4,1,40.9018,-72.8881,1.0,1445,144,false,,,,SWTDashboard,2026-07-20T19:41:07.883,2026-09-26T15:01:52
New York,NY,Rosedale,Rosedale,city,4,0,4,1,40.6621,-73.7353,1.0,1445,144,false,,,,SWTDashboard,2026-07-20T19:41:07.883,2026-09-26T15:01:52
New York,NY,Smithtown,Smithtown,city,4,0,4,1,40.8542,-73.2138,1.0,1445,144,false,,,,SWTDashboard,2026-07-20T19:41:07.883,2026-09-26T15:01:52
New York,NY,Spencer,Spencer,city,4,0,4,1,42.2467,-76.4899,1.0,1445,144,false,,,,SWTDashboard,2026-07-20T19:41:07.883,2026-09-26T15:01:52
New York,NY,Warwick,Warwick,city,4,0,4,1,41.2656,-74.3604,1.0,1445,144,false,,,,SWTDashboard,2026-07-20T19:41:07.883,2026-09-26T15:01:52
New York,NY,Wellesley Island,Wellesley Island,city,1,3,4,2,44.3213,-76.0172,0.25,1445,144,false,,,,SWTDashboard,2026-07-20T19:41:07.883,2026-09-26T15:01:52
New York,NY,Willsboro,Willsboro,city,4,0,4,1,44.3604,-73.3963,1.0,1445,144,false,,,,SWTDashboard,2026-07-20T19:41:07.883,2026-09-26T15:01:52
Ohio,OH,Columbus,Columbus,city,3,1,4,3,40.0201,-83.0118,0.75,1445,28,false,,,,SWTDashboard,2026-07-20T19:41:07.883,2026-09-26T15:01:52
Ohio,OH,Galena,Galena,city,4,0,4,1,40.2011,-82.8749,1.0,1445,28,false,,,,SWTDashboard,2026-07-20T19:41:07.883,2026-09-26T15:01:52
Ohio,OH,Lewis Center,Lewis Center,city,3,1,4,2,40.1879,-82.9878,0.75,1445,28,false,,,,SWTDashboard,2026-07-20T19:41:07.883,2026-09-26T15:01:52
Ohio,OH,Lima,Lima,city,4,0,4,1,40.7641,-84.0973,1.0,1445,28,false,,,,SWTDashboard,2026-07-20T19:41:07.883,2026-09-26T15:01:52
Ohio,OH,Newbury,Newbury,city,4,0,4,1,41.475,-81.2345,1.0,1445,28,false,,,,SWTDashboard,2026-07-20T19:41:07.883,2026-09-26T15:01:52
Ohio,OH,North Lawrence,North Lawrence,city,4,0,4,1,40.8387,-81.6299,1.0,1445,28,false,,,,SWTDashboard,2026-07-20T19:41:07.883,2026-09-26T15:01:52
Ohio,OH,Springfield,Springfield,city,4,0,4,1,39.9242,-83.8088,1.0,1445,28,false,,,,SWTDashboard,2026-07-20T19:41:07.883,2026-09-26T15:01:52
Oklahoma,OK,Edmond,Edmond,city,4,0,4,1,35.6215,-97.4733,1.0,1445,3,false,,,,SWTDashboard,2026-07-20T19:41:07.883,2026-09-26T15:01:52
Oregon,OR,Brookings,Brookings,city,4,0,4,1,42.0526,-124.284,1.0,1445,21,false,,,,SWTDashboard,2026-07-20T19:41:07.883,2026-09-26T15:01:52
Oregon,OR,Redmond,Redmond,city,4,0,4,1,44.2767,-121.1896,1.0,1445,21,false,,,,SWTDashboard,2026-07-20T19:41:07.883,2026-09-26T15:01:52
Pennsylvania,PA,Bolivar,Bolivar,city,3,1,4,2,40.3673,-79.1605,0.75,1445,60,false,,,,SWTDashboard,2026-07-20T19:41:07.883,2026-09-26T15:01:52
Pennsylvania,PA,Cranberry Township,Cranberry Township,other,4,0,4,1,40.685,-80.1071,1.0,1445,60,false,,,,SWTDashboard,2026-07-20T19:41:07.883,2026-09-26T15:01:52
Pennsylvania,PA,Phoenixville,Phoenixville,city,4,0,4,1,40.1267,-75.5272,1.0,1445,60,false,,,,SWTDashboard,2026-07-20T19:41:07.883,2026-09-26T15:01:52
Pennsylvania,PA,Quarryville,Quarryville,city,4,0,4,1,39.8949,-76.1465,1.0,1445,60,false,,,,SWTDashboard,2026-07-20T19:41:07.883,2026-09-26T15:01:52
Pennsylvania,PA,Rockwood,Rockwood,city,4,0,4,1,39.9373,-79.1865,1.0,1445,60,false,,,,SWTDashboard,2026-07-20T19:41:07.883,2026-09-26T15:01:52
Pennsylvania,PA,Warminster,Warminster,city,4,0,4,1,40.2067,-75.0905,1.0,1445,60,false,,,,SWTDashboard,2026-07-20T19:41:07.883,2026-09-26T15:01:52
Pennsylvania,PA,Willow Grove,Willow Grove,city,4,0,4,1,40.1567,-75.1269,1.0,1445,60,false,,,,SWTDashboard,2026-07-20T19:41:07.883,2026-09-26T15:01:52
Rhode Island,RI,North Scituate,North Scituate,city,4,0,4,1,41.8439,-71.6242,1.0,1445,9,false,,,,SWTDashboard,2026-07-20T19:41:07.883,2026-09-26T15:01:52
Rhode Island,RI,Portsmouth,Portsmouth,city,4,0,4,1,41.5944,-71.252,1.0,1445,9,false,,,,SWTDashboard,2026-07-20T19:41:07.883,2026-09-26T15:01:52
South Carolina,SC,Santee,Santee,city,4,0,4,1,33.4835,-80.4805,1.0,1445,16,false,,,,SWTDashboard,2026-07-20T19:41:07.883,2026-09-26T15:01:52
South Dakota,SD,Miller,Miller,city,4,0,4,1,44.4966,-98.9894,1.0,1445,14,false,,,,SWTDashboard,2026-07-20T19:41:07.883,2026-09-26T15:01:52
Tennessee,TN,Elizabethton,Elizabethton,city,4,0,4,1,36.3445,-82.2015,1.0,1445,10,false,,,,SWTDashboard,2026-07-20T19:41:07.883,2026-09-26T15:01:52
Texas,TX,Angleton,Angleton,city,4,0,4,1,29.181,-95.4467,1.0,1445,36,false,,,,SWTDashboard,2026-07-20T19:41:07.883,2026-09-26T15:01:52
Texas,TX,Center Point,Center Point,city,4,0,4,1,29.9441,-99.0364,1.0,1445,36,false,,,,SWTDashboard,2026-07-20T19:41:07.883,2026-09-26T15:01:52
Texas,TX,Hale Center,Hale Center,city,4,0,4,1,34.0669,-101.8736,1.0,1445,36,false,,,,SWTDashboard,2026-07-20T19:41:07.883,2026-09-26T15:01:52
Texas,TX,Odessa,Odessa,city,4,0,4,1,31.8579,-102.3523,1.0,1445,36,false,,,,SWTDashboard,2026-07-20T19:41:07.883,2026-09-26T15:01:52
Texas,TX,Rosenberg,Rosenberg,city,4,0,4,1,29.5497,-95.7982,1.0,1445,36,false,,,,SWTDashboard,2026-07-20T19:41:07.883,2026-09-26T15:01:52
Texas,TX,Smithville,Smithville,city,4,0,4,1,30.0178,-97.1494,1.0,1445,36,false,,,,SWTDashboard,2026-07-20T19:41:07.883,2026-09-26T15:01:52
Texas,TX,Wolfe City,Wolfe City,city,4,0,4,1,33.3605,-96.0691,1.0,1445,36,false,,,,SWTDashboard,2026-07-20T19:41:07.883,2026-09-26T15:01:52
Utah,UT,Green River,Green River,city,4,0,4,1,39.0002,-110.1598,1.0,1445,19,false,,,,SWTDashboard,2026-07-20T19:41:07.883,2026-09-26T15:01:52
Utah,UT,Torrey,Torrey,city,4,0,4,1,38.2969,-111.4138,1.0,1445,19,false,,,,SWTDashboard,2026-07-20T19:41:07.883,2026-09-26T15:01:52
Virginia,VA,Bristow,Bristow,city,4,0,4,1,38.7343,-77.5474,1.0,1445,58,false,,,,SWTDashboard,2026-07-20T19:41:07.883,2026-09-26T15:01:52
Virginia,VA,Great Falls,Great Falls,city,4,0,4,1,39.0039,-77.3083,1.0,1445,58,false,,,,SWTDashboard,2026-07-20T19:41:07.883,2026-09-26T15:01:52
Virginia,VA,New Castle,New Castle,city,4,0,4,1,37.4871,-80.1704,1.0,1445,58,false,,,,SWTDashboard,2026-07-20T19:41:07.883,2026-09-26T15:01:52
Virginia,VA,Oakton,Oakton,city,4,0,4,1,38.8852,-77.3233,1.0,1445,58,false,,,,SWTDashboard,2026-07-20T19:41:07.883,2026-09-26T15:01:52
Virginia,VA,Pembroke,Pembroke,city,4,0,4,1,37.3312,-80.5975,1.0,1445,58,false,,,,SWTDashboard,2026-07-20T19:41:07.883,2026-09-26T15:01:52
Virginia,VA,Riner,Riner,city,4,0,4,1,37.0322,-80.4353,1.0,1445,58,false,,,,SWTDashboard,2026-07-20T19:41:07.883,2026-09-26T15:01:52
Virginia,VA,Spotsylvania,Spotsylvania,city,4,0,4,2,38.2165,-77.66505,1.0,1445,58,false,,,,SWTDashboard,2026-07-20T19:41:07.883,2026-09-26T15:01:52
Vermont,VT,Montpelier,Montpelier,city,4,0,4,1,44.2641,-72.577,1.0,1445,33,false,,,,SWTDashboard,2026-07-20T19:41:07.883,2026-09-26T15:01:52
Vermont,VT,Morrisville,Morrisville,city,4,0,4,1,44.5543,-72.6026,1.0,1445,33,false,,,,SWTDashboard,2026-07-20T19:41:07.883,2026-09-26T15:01:52
Washington,WA,Anacortes,Anacortes,city,3,1,4,2,48.5004,-122.6309,0.75,1445,34,false,,,,SWTDashboard,2026-07-20T19:41:07.883,2026-09-26T15:01:52
Washington,WA,Sequim,Sequim,city,4,0,4,1,48.0881,-123.1198,1.0,1445,34,false,,,,SWTDashboard,2026-07-20T19:41:07.883,2026-09-26T15:01:52
Washington,WA,Vashon,Vashon,city,4,0,4,1,47.4259,-122.4644,1.0,1445,34,false,,,,SWTDashboard,2026-07-20T19:41:07.883,2026-09-26T15:01:52
Washington,WA,Veradale,Veradale,city,4,0,4,1,47.6421,-117.1977,1.0,1445,34,false,,,,SWTDashboard,2026-07-20T19:41:07.883,2026-09-26T15:01:52
Wisconsin,WI,Antigo,Antigo,city,4,0,4,1,45.1314,-89.1419,1.0,1445,56,false,,,,SWTDashboard,2026-07-20T19:41:07.883,2026-09-26T15:01:52
Wisconsin,WI,Appleton,Appleton,city,4,0,4,1,44.271,-88.4326,1.0,1445,56,false,,,,SWTDashboard,2026-07-20T19:41:07.883,2026-09-26T15:01:52
Wisconsin,WI,Brookfield,Brookfield,city,4,0,4,1,43.0622,-88.098,1.0,1445,56,false,,,,SWTDashboard,2026-07-20T19:41:07.883,2026-09-26T15:01:52
Wisconsin,WI,Marshfield,Marshfield,city,4,0,4,1,44.6615,-90.1784,1.0,1445,56,false,,,,SWTDashboard,2026-07-20T19:41:07.883,2026-09-26T15:01:52
Wisconsin,WI,Onalaska,Onalaska,city,4,0,4,1,43.8974,-91.2314,1.0,1445,56,false,,,,SWTDashboard,2026-07-20T19:41:07.883,2026-09-26T15:01:52
Wisconsin,WI,Oshkosh,Oshkosh,city,3,1,4,2,43.9946,-88.526,0.75,1445,56,false,,,,SWTDashboard,2026-07-20T19:41:07.883,2026-09-26T15:01:52
Wisconsin,WI,Ripon,Ripon,city,4,0,4,1,43.8454,-88.8424,1.0,1445,56,false,,,,SWTDashboard,2026-07-20T19:41:07.883,2026-09-26T15:01:52
Wisconsin,WI,Stockholm,Stockholm,city,4,0,4,1,44.5084,-92.2326,1.0,1445,56,false,,,,SWTDashboard,2026-07-20T19:41:07.883,2026-09-26T15:01:52
Wisconsin,WI,Walworth,Walworth,city,1,3,4,2,42.535,-88.6027,0.25,1445,56,false,,,,SWTDashboard,2026-07-20T19:41:07.883,2026-09-26T15:01:52
Wyoming,WY,Evanston,Evanston,city,4,0,4,1,41.2609,-110.9631,1.0,1445,18,false,,,,SWTDashboard,2026-07-20T19:41:07.883,2026-09-26T15:01:52
Wyoming,WY,Lander,Lander,city,3,1,4,2,42.9208,-108.5913,0.75,1445,18,false,,,,SWTDashboard,2026-07-20T19:41:07.883,2026-09-26T15:01:52
Alaska,AK,Cordova,Cordova,city,3,0,3,1,60.5362,-145.7534,1.0,1614,28,false,,,,SWTDashboard,2026-07-20T19:41:07.883,2026-09-26T15:01:52
Alaska,AK,Glennallen,Glennallen,city,2,1,3,2,62.1039,-145.6617,0.666667,1614,28,false,,,,SWTDashboard,2026-07-20T19:41:07.883,2026-09-26T15:01:52
Alaska,AK,Sutton,Sutton,city,3,0,3,1,61.7327,-148.7837,1.0,1614,28,false,,,,SWTDashboard,2026-07-20T19:41:07.883,2026-09-26T15:01:52
Alabama,AL,Henagar,Henagar,city,3,0,3,1,34.6186,-85.7274,1.0,1614,8,false,,,,SWTDashboard,2026-07-20T19:41:07.883,2026-09-26T15:01:52
Arkansas,AR,Fort Smith,Fort Smith,city,3,0,3,1,35.3427,-94.3784,1.0,1614,6,false,,,,SWTDashboard,2026-07-20T19:41:07.883,2026-09-26T15:01:52
Arkansas,AR,Little Rock,Little Rock,city,3,0,3,1,34.7076,-92.466,1.0,1614,6,false,,,,SWTDashboard,2026-07-20T19:41:07.883,2026-09-26T15:01:52
Arkansas,AR,North Little Rock,North Little Rock,city,3,0,3,1,34.7658,-92.1524,1.0,1614,6,false,,,,SWTDashboard,2026-07-20T19:41:07.883,2026-09-26T15:01:52
Arizona,AZ,Lakeside,Lakeside,city,3,0,3,1,34.1662,-109.9869,1.0,1614,7,false,,,,SWTDashboard,2026-07-20T19:41:07.883,2026-09-26T15:01:52
Arizona,AZ,Paradise Valley,Paradise Valley,city,3,0,3,1,33.5494,-111.9565,1.0,1614,7,false,,,,SWTDashboard,2026-07-20T19:41:07.883,2026-09-26T15:01:52
California,CA,Aliso Viejo,Aliso Viejo,city,3,0,3,1,33.5701,-117.7086,1.0,1614,69,false,,,,SWTDashboard,2026-07-20T19:41:07.883,2026-09-26T15:01:52
California,CA,Frazier Park,Frazier Park,city,3,0,3,1,34.8265,-119.0355,1.0,1614,69,false,,,,SWTDashboard,2026-07-20T19:41:07.883,2026-09-26T15:01:52
California,CA,Glendale,Glendale,city,3,0,3,1,34.1921,-118.235,1.0,1614,69,false,,,,SWTDashboard,2026-07-20T19:41:07.883,2026-09-26T15:01:52
California,CA,Hayfork,Hayfork,city,3,0,3,1,40.5504,-123.1634,1.0,1614,69,false,,,,SWTDashboard,2026-07-20T19:41:07.883,2026-09-26T15:01:52
California,CA,Los Angeles,Los Angeles,city,3,0,3,2,34.06065,-118.35665,1.0,1614,69,false,,,,SWTDashboard,2026-07-20T19:41:07.883,2026-09-26T15:01:52
California,CA,Novato,Novato,city,3,0,3,1,38.0618,-122.5404,1.0,1614,69,false,,,,SWTDashboard,2026-07-20T19:41:07.883,2026-09-26T15:01:52
California,CA,Rancho Mirage,Rancho Mirage,city,2,1,3,2,33.7643,-116.4225,0.666667,1614,69,false,,,,SWTDashboard,2026-07-20T19:41:07.883,2026-09-26T15:01:52
California,CA,Tahoma,Tahoma,city,3,0,3,1,39.0644,-120.1357,1.0,1614,69,false,,,,SWTDashboard,2026-07-20T19:41:07.883,2026-09-26T15:01:52
California,CA,Trinity Center,Trinity Center,city,3,0,3,1,41.0615,-122.7239,1.0,1614,69,false,,,,SWTDashboard,2026-07-20T19:41:07.883,2026-09-26T15:01:52
Colorado,CO,Boulder,Boulder,city,3,0,3,2,40.02055,-105.22675,1.0,1614,51,false,,,,SWTDashboard,2026-07-20T19:41:07.883,2026-09-26T15:01:52
Colorado,CO,Broomfield,Broomfield,city,3,0,3,1,39.9245,-105.0609,1.0,1614,51,false,,,,SWTDashboard,2026-07-20T19:41:07.883,2026-09-26T15:01:52
Colorado,CO,Red Feather Lakes,Red Feather Lakes,city,3,0,3,1,40.8659,-105.6893,1.0,1614,51,false,,,,SWTDashboard,2026-07-20T19:41:07.883,2026-09-26T15:01:52
Colorado,CO,Walden,Walden,city,0,3,3,1,40.71,-106.2767,0.0,1614,51,false,,,,SWTDashboard,2026-07-20T19:41:07.883,2026-09-26T15:01:52
Connecticut,CT,Deep River,Deep River,city,3,0,3,1,41.3765,-72.4486,1.0,1614,29,false,,,,SWTDashboard,2026-07-20T19:41:07.883,2026-09-26T15:01:52
Connecticut,CT,Ellington,Ellington,city,3,0,3,1,41.9114,-72.4626,1.0,1614,29,false,,,,SWTDashboard,2026-07-20T19:41:07.883,2026-09-26T15:01:52
Connecticut,CT,Westbrook,Westbrook,city,3,0,3,1,41.2927,-72.4563,1.0,1614,29,false,,,,SWTDashboard,2026-07-20T19:41:07.883,2026-09-26T15:01:52
Delaware,DE,Camden Wyoming,Camden Wyoming,city,3,0,3,1,39.0991,-75.5966,1.0,1614,15,false,,,,SWTDashboard,2026-07-20T19:41:07.883,2026-09-26T15:01:52
Delaware,DE,Middletown,Middletown,city,3,0,3,1,39.4815,-75.6832,1.0,1614,15,false,,,,SWTDashboard,2026-07-20T19:41:07.883,2026-09-26T15:01:52
Florida,FL,Apopka,Apopka,city,3,0,3,1,28.712,-81.5136,1.0,1614,31,false,,,,SWTDashboard,2026-07-20T19:41:07.883,2026-09-26T15:01:52
Florida,FL,Miami,Miami,city,3,0,3,2,25.7748,-80.18475,1.0,1614,31,false,,,,SWTDashboard,2026-07-20T19:41:07.883,2026-09-26T15:01:52
Florida,FL,Niceville,Niceville,city,3,0,3,1,30.5169,-86.4822,1.0,1614,31,false,,,,SWTDashboard,2026-07-20T19:41:07.883,2026-09-26T15:01:52
Florida,FL,Saint Augustine,Saint Augustine,city,3,0,3,2,29.81245,-81.2943,1.0,1614,31,false,,,,SWTDashboard,2026-07-20T19:41:07.883,2026-09-26T15:01:52
Georgia,GA,Atlanta,Atlanta,city,3,0,3,2,33.7374,-84.42345,1.0,1614,12,false,,,,SWTDashboard,2026-07-20T19:41:07.883,2026-09-26T15:01:52
Georgia,GA,Duluth,Duluth,city,3,0,3,1,34.026,-84.147,1.0,1614,12,false,,,,SWTDashboard,2026-07-20T19:41:07.883,2026-09-26T15:01:52
Georgia,GA,Mountain City,Mountain City,city,3,0,3,1,34.9181,-83.3854,1.0,1614,12,false,,,,SWTDashboard,2026-07-20T19:41:07.883,2026-09-26T15:01:52
Hawaii,HI,Hilo,Hilo,city,3,0,3,1,19.7025,-155.0939,1.0,1614,13,false,,,,SWTDashboard,2026-07-20T19:41:07.883,2026-09-26T15:01:52
Iowa,IA,Fairfield,Fairfield,city,3,0,3,1,41.0039,-91.9576,1.0,1614,14,false,,,,SWTDashboard,2026-07-20T19:41:07.883,2026-09-26T15:01:52
Iowa,IA,Iowa City,Iowa City,city,3,0,3,1,41.6438,-91.5669,1.0,1614,14,false,,,,SWTDashboard,2026-07-20T19:41:07.883,2026-09-26T15:01:52
Iowa,IA,Waterloo,Waterloo,city,3,0,3,1,42.4731,-92.3365,1.0,1614,14,false,,,,SWTDashboard,2026-07-20T19:41:07.883,2026-09-26T15:01:52
Iowa,IA,West Des Moines,West Des Moines,city,3,0,3,1,41.5695,-93.7994,1.0,1614,14,false,,,,SWTDashboard,2026-07-20T19:41:07.883,2026-09-26T15:01:52
Idaho,ID,Caldwell,Caldwell,city,3,0,3,1,43.6186,-116.7501,1.0,1614,16,false,,,,SWTDashboard,2026-07-20T19:41:07.883,2026-09-26T15:01:52
Idaho,ID,Idaho Falls,Idaho Falls,city,3,0,3,1,43.5518,-111.8919,1.0,1614,16,false,,,,SWTDashboard,2026-07-20T19:41:07.883,2026-09-26T15:01:52
Idaho,ID,Kellogg,Kellogg,city,3,0,3,1,47.5431,-116.1253,1.0,1614,16,false,,,,SWTDashboard,2026-07-20T19:41:07.883,2026-09-26T15:01:52
Idaho,ID,Ketchum,Ketchum,city,3,0,3,1,43.6692,-114.4858,1.0,1614,16,false,,,,SWTDashboard,2026-07-20T19:41:07.883,2026-09-26T15:01:52
Idaho,ID,Post Falls,Post Falls,city,3,0,3,1,47.7205,-116.9353,1.0,1614,16,false,,,,SWTDashboard,2026-07-20T19:41:07.883,2026-09-26T15:01:52
Idaho,ID,Rexburg,Rexburg,city,3,0,3,1,43.81,-111.789,1.0,1614,16,false,,,,SWTDashboard,2026-07-20T19:41:07.883,2026-09-26T15:01:52
Illinois,IL,Oak Brook,Oak Brook,city,3,0,3,1,41.8371,-87.9638,1.0,1614,24,false,,,,SWTDashboard,2026-07-20T19:41:07.883,2026-09-26T15:01:52
Illinois,IL,Roodhouse,Roodhouse,city,3,0,3,1,39.4846,-90.3498,1.0,1614,24,false,,,,SWTDashboard,2026-07-20T19:41:07.883,2026-09-26T15:01:52
Illinois,IL,Woodridge,Woodridge,city,3,0,3,1,41.7518,-88.0489,1.0,1614,24,false,,,,SWTDashboard,2026-07-20T19:41:07.883,2026-09-26T15:01:52
Indiana,IN,Fort Wayne,Fort Wayne,city,3,0,3,2,41.1086,-85.13875,1.0,1614,10,false,,,,SWTDashboard,2026-07-20T19:41:07.883,2026-09-26T15:01:52
Indiana,IN,Nashville,Nashville,city,3,0,3,1,39.2367,-86.222,1.0,1614,10,false,,,,SWTDashboard,2026-07-20T19:41:07.883,2026-09-26T15:01:52
Kansas,KS,Overland Park,Overland Park,city,3,0,3,1,38.8636,-94.7103,1.0,1614,6,false,,,,SWTDashboard,2026-07-20T19:41:07.883,2026-09-26T15:01:52
Kansas,KS,Topeka,Topeka,city,3,0,3,1,39.0405,-95.7178,1.0,1614,6,false,,,,SWTDashboard,2026-07-20T19:41:07.883,2026-09-26T15:01:52
Massachusetts,MA,Jamaica Plain,Jamaica Plain,city,3,0,3,1,42.3126,-71.1115,1.0,1614,127,false,,,,SWTDashboard,2026-07-20T19:41:07.883,2026-09-26T15:01:52
Massachusetts,MA,Lexington,Lexington,city,3,0,3,1,42.4426,-71.2265,1.0,1614,127,false,,,,SWTDashboard,2026-07-20T19:41:07.883,2026-09-26T15:01:52
Massachusetts,MA,Marshfield,Marshfield,city,3,0,3,1,42.1062,-70.6993,1.0,1614,127,false,,,,SWTDashboard,2026-07-20T19:41:07.883,2026-09-26T15:01:52
Massachusetts,MA,Milford,Milford,city,3,0,3,1,42.1511,-71.5274,1.0,1614,127,false,,,,SWTDashboard,2026-07-20T19:41:07.883,2026-09-26T15:01:52
Massachusetts,MA,Newburyport,Newburyport,city,3,0,3,1,42.813,-70.8847,1.0,1614,127,false,,,,SWTDashboard,2026-07-20T19:41:07.883,2026-09-26T15:01:52
Massachusetts,MA,North Chelmsford,North Chelmsford,city,3,0,3,1,42.6347,-71.3908,1.0,1614,127,false,,,,SWTDashboard,2026-07-20T19:41:07.883,2026-09-26T15:01:52
Massachusetts,MA,Oakham,Oakham,city,3,0,3,1,42.348,-72.0513,1.0,1614,127,false,,,,SWTDashboard,2026-07-20T19:41:07.883,2026-09-26T15:01:52
Massachusetts,MA,Revere,Revere,city,3,0,3,1,42.4138,-71.0052,1.0,1614,127,false,,,,SWTDashboard,2026-07-20T19:41:07.883,2026-09-26T15:01:52
Massachusetts,MA,Salem,Salem,city,3,0,3,1,42.5151,-70.9003,1.0,1614,127,false,,,,SWTDashboard,2026-07-20T19:41:07.883,2026-09-26T15:01:52
Massachusetts,MA,Saugus,Saugus,city,3,0,3,1,42.4633,-71.0111,1.0,1614,127,false,,,,SWTDashboard,2026-07-20T19:41:07.883,2026-09-26T15:01:52
Massachusetts,MA,Watertown,Watertown,city,3,0,3,1,42.37,-71.1773,1.0,1614,127,false,,,,SWTDashboard,2026-07-20T19:41:07.883,2026-09-26T15:01:52
Massachusetts,MA,Westwood,Westwood,city,3,0,3,1,42.2148,-71.2104,1.0,1614,127,false,,,,SWTDashboard,2026-07-20T19:41:07.883,2026-09-26T15:01:52
Massachusetts,MA,Winthrop,Winthrop,city,3,0,3,1,42.3763,-70.98,1.0,1614,127,false,,,,SWTDashboard,2026-07-20T19:41:07.883,2026-09-26T15:01:52
Maryland,MD,Brooklyn,Brooklyn,city,3,0,3,1,39.2259,-76.6153,1.0,1614,76,false,,,,SWTDashboard,2026-07-20T19:41:07.883,2026-09-26T15:01:52
Maryland,MD,Delmar,Delmar,city,3,0,3,1,38.4445,-75.5583,1.0,1614,76,false,,,,SWTDashboard,2026-07-20T19:41:07.883,2026-09-26T15:01:52
Maryland,MD,Elkton,Elkton,city,3,0,3,1,39.6264,-75.8458,1.0,1614,76,false,,,,SWTDashboard,2026-07-20T19:41:07.883,2026-09-26T15:01:52
Maryland,MD,Gambrills,Gambrills,city,3,0,3,1,39.0407,-76.6819,1.0,1614,76,false,,,,SWTDashboard,2026-07-20T19:41:07.883,2026-09-26T15:01:52
Maryland,MD,Gwynn Oak,Gwynn Oak,city,3,0,3,1,39.3296,-76.7341,1.0,1614,76,false,,,,SWTDashboard,2026-07-20T19:41:07.883,2026-09-26T15:01:52
Maryland,MD,Hughesville,Hughesville,city,3,0,3,1,38.5207,-76.7817,1.0,1614,76,false,,,,SWTDashboard,2026-07-20T19:41:07.883,2026-09-26T15:01:52
Maryland,MD,Lutherville Timonium,Lutherville Timonium,city,3,0,3,1,39.4332,-76.6546,1.0,1614,76,false,,,,SWTDashboard,2026-07-20T19:41:07.883,2026-09-26T15:01:52
Maryland,MD,Monkton,Monkton,city,3,0,3,1,39.5662,-76.5979,1.0,1614,76,false,,,,SWTDashboard,2026-07-20T19:41:07.883,2026-09-26T15:01:52
Maryland,MD,Stevensville,Stevensville,city,3,0,3,1,38.9394,-76.3371,1.0,1614,76,false,,,,SWTDashboard,2026-07-20T19:41:07.883,2026-09-26T15:01:52
Maryland,MD,Sykesville,Sykesville,city,3,0,3,1,39.4567,-76.9696,1.0,1614,76,false,,,,SWTDashboard,2026-07-20T19:41:07.883,2026-09-26T15:01:52
Maine,ME,Augusta,Augusta,city,3,0,3,1,44.3232,-69.7665,1.0,1614,77,false,,,,SWTDashboard,2026-07-20T19:41:07.883,2026-09-26T15:01:52
Maine,ME,Belgrade Lakes,Belgrade Lakes,city,3,0,3,1,44.5265,-69.887,1.0,1614,77,false,,,,SWTDashboard,2026-07-20T19:41:07.883,2026-09-26T15:01:52
Maine,ME,Biddeford,Biddeford,city,3,0,3,1,43.4935,-70.4883,1.0,1614,77,false,,,,SWTDashboard,2026-07-20T19:41:07.883,2026-09-26T15:01:52
Maine,ME,Castine,Castine,city,3,0,3,1,44.4156,-68.7929,1.0,1614,77,false,,,,SWTDashboard,2026-07-20T19:41:07.883,2026-09-26T15:01:52
Maine,ME,Eliot,Eliot,city,3,0,3,1,43.1309,-70.7822,1.0,1614,77,false,,,,SWTDashboard,2026-07-20T19:41:07.883,2026-09-26T15:01:52
Maine,ME,Hollis Center,Hollis Center,city,3,0,3,1,43.5946,-70.6051,1.0,1614,77,false,,,,SWTDashboard,2026-07-20T19:41:07.883,2026-09-26T15:01:52
Maine,ME,Long Island,Long Island,city,2,1,3,2,43.692,-70.1551,0.666667,1614,77,false,,,,SWTDashboard,2026-07-20T19:41:07.883,2026-09-26T15:01:52
Maine,ME,Lubec,Lubec,city,3,0,3,1,44.9043,-67.0408,1.0,1614,77,false,,,,SWTDashboard,2026-07-20T19:41:07.883,2026-09-26T15:01:52
Maine,ME,West Boothbay Harbor,West Boothbay Harbor,city,3,0,3,1,43.849,-69.6434,1.0,1614,77,false,,,,SWTDashboard,2026-07-20T19:41:07.883,2026-09-26T15:01:52
Michigan,MI,Au Train,Au Train,city,3,0,3,1,46.4446,-86.9115,1.0,1614,74,false,,,,SWTDashboard,2026-07-20T19:41:07.883,2026-09-26T15:01:52
Michigan,MI,Battle Creek,Battle Creek,city,1,2,3,2,42.303,-85.1304,0.333333,1614,74,false,,,,SWTDashboard,2026-07-20T19:41:07.883,2026-09-26T15:01:52
Michigan,MI,Fenton,Fenton,city,3,0,3,1,42.7851,-83.7294,1.0,1614,74,false,,,,SWTDashboard,2026-07-20T19:41:07.883,2026-09-26T15:01:52
Michigan,MI,Muskegon,Muskegon,city,2,1,3,2,43.1791,-86.1989,0.666667,1614,74,false,,,,SWTDashboard,2026-07-20T19:41:07.883,2026-09-26T15:01:52
Michigan,MI,Northport,Northport,city,3,0,3,1,45.1157,-85.6173,1.0,1614,74,false,,,,SWTDashboard,2026-07-20T19:41:07.883,2026-09-26T15:01:52
Michigan,MI,Romulus,Romulus,city,3,0,3,1,42.2223,-83.3966,1.0,1614,74,false,,,,SWTDashboard,2026-07-20T19:41:07.883,2026-09-26T15:01:52
Michigan,MI,Sault Sainte Marie,Sault Sainte Marie,city,2,1,3,2,46.4151,-84.2854,0.666667,1614,74,false,,,,SWTDashboard,2026-07-20T19:41:07.883,2026-09-26T15:01:52
Michigan,MI,West Branch,West Branch,city,3,0,3,1,44.279,-84.2286,1.0,1614,74,false,,,,SWTDashboard,2026-07-20T19:41:07.883,2026-09-26T15:01:52
Minnesota,MN,Crosby,Crosby,city,3,0,3,1,46.5091,-93.9874,1.0,1614,48,false,,,,SWTDashboard,2026-07-20T19:41:07.883,2026-09-26T15:01:52
Minnesota,MN,Eden Prairie,Eden Prairie,city,3,0,3,1,44.8574,-93.4376,1.0,1614,48,false,,,,SWTDashboard,2026-07-20T19:41:07.883,2026-09-26T15:01:52
Minnesota,MN,Hopkins,Hopkins,city,3,0,3,1,44.914,-93.4481,1.0,1614,48,false,,,,SWTDashboard,2026-07-20T19:41:07.883,2026-09-26T15:01:52
Minnesota,MN,Lake Elmo,Lake Elmo,city,3,0,3,1,44.9946,-92.9056,1.0,1614,48,false,,,,SWTDashboard,2026-07-20T19:41:07.883,2026-09-26T15:01:52
Minnesota,MN,Mankato,Mankato,city,3,0,3,1,44.1538,-93.996,1.0,1614,48,false,,,,SWTDashboard,2026-07-20T19:41:07.883,2026-09-26T15:01:52
Minnesota,MN,Pelican Rapids,Pelican Rapids,city,3,0,3,1,46.5994,-96.0662,1.0,1614,48,false,,,,SWTDashboard,2026-07-20T19:41:07.883,2026-09-26T15:01:52
Minnesota,MN,Spicer,Spicer,city,3,0,3,1,45.2241,-94.9116,1.0,1614,48,false,,,,SWTDashboard,2026-07-20T19:41:07.883,2026-09-26T15:01:52
Minnesota,MN,Stillwater,Stillwater,city,3,0,3,1,45.0614,-92.8474,1.0,1614,48,false,,,,SWTDashboard,2026-07-20T19:41:07.883,2026-09-26T15:01:52
Missouri,MO,Blue Springs,Blue Springs,city,3,0,3,1,39.0152,-94.2604,1.0,1614,21,false,,,,SWTDashboard,2026-07-20T19:41:07.883,2026-09-26T15:01:52
Missouri,MO,Columbia,Columbia,city,3,0,3,1,38.9382,-92.3049,1.0,1614,21,false,,,,SWTDashboard,2026-07-20T19:41:07.883,2026-09-26T15:01:52
Missouri,MO,Nixa,Nixa,city,3,0,3,1,37.0512,-93.2972,1.0,1614,21,false,,,,SWTDashboard,2026-07-20T19:41:07.883,2026-09-26T15:01:52
Missouri,MO,Pevely,Pevely,city,2,1,3,2,38.2799,-90.4111,0.666667,1614,21,false,,,,SWTDashboard,2026-07-20T19:41:07.883,2026-09-26T15:01:52
Missouri,MO,Springfield,Springfield,city,3,0,3,1,37.1136,-93.2896,1.0,1614,21,false,,,,SWTDashboard,2026-07-20T19:41:07.883,2026-09-26T15:01:52
Missouri,MO,Troy,Troy,city,3,0,3,1,39.0012,-90.9624,1.0,1614,21,false,,,,SWTDashboard,2026-07-20T19:41:07.883,2026-09-26T15:01:52
Montana,MT,Big Arm,Big Arm,city,3,0,3,1,47.7952,-114.302,1.0,1614,34,false,,,,SWTDashboard,2026-07-20T19:41:07.883,2026-09-26T15:01:52
Montana,MT,Helena,Helena,city,3,0,3,1,46.6131,-112.0213,1.0,1614,34,false,,,,SWTDashboard,2026-07-20T19:41:07.883,2026-09-26T15:01:52
Montana,MT,Lake Mc Donald,Lake Mc Donald,city,2,1,3,2,48.2989,-113.9497,0.666667,1614,34,false,,,,SWTDashboard,2026-07-20T19:41:07.883,2026-09-26T15:01:52
North Carolina,NC,Cedar Mountain,Cedar Mountain,city,3,0,3,1,35.1508,-82.6374,1.0,1614,48,false,,,,SWTDashboard,2026-07-20T19:41:07.883,2026-09-26T15:01:52
North Carolina,NC,Harkers Island,Harkers Island,city,2,1,3,2,34.6966,-76.5583,0.666667,1614,48,false,,,,SWTDashboard,2026-07-20T19:41:07.883,2026-09-26T15:01:52
North Carolina,NC,Hatteras,Hatteras,city,3,0,3,1,35.2193,-75.6902,1.0,1614,48,false,,,,SWTDashboard,2026-07-20T19:41:07.883,2026-09-26T15:01:52
North Carolina,NC,Sophia,Sophia,city,3,0,3,1,35.8298,-79.8986,1.0,1614,48,false,,,,SWTDashboard,2026-07-20T19:41:07.883,2026-09-26T15:01:52
North Carolina,NC,Weaverville,Weaverville,city,2,1,3,2,35.7126,-82.5491,0.666667,1614,48,false,,,,SWTDashboard,2026-07-20T19:41:07.883,2026-09-26T15:01:52
North Dakota,ND,Jamestown,Jamestown,city,3,0,3,1,46.921,-98.7455,1.0,1614,9,false,,,,SWTDashboard,2026-07-20T19:41:07.883,2026-09-26T15:01:52
North Dakota,ND,West Fargo,West Fargo,city,3,0,3,1,46.8907,-96.9258,1.0,1614,9,false,,,,SWTDashboard,2026-07-20T19:41:07.883,2026-09-26T15:01:52
Nebraska,NE,Grand Island,Grand Island,city,3,0,3,1,40.9219,-98.3411,1.0,1614,8,false,,,,SWTDashboard,2026-07-20T19:41:07.883,2026-09-26T15:01:52
New Hampshire,NH,Alton Bay,Alton Bay,city,3,0,3,1,43.4845,-71.2489,1.0,1614,63,false,,,,SWTDashboard,2026-07-20T19:41:07.883,2026-09-26T15:01:52
New Hampshire,NH,Bristol,Bristol,city,3,0,3,1,43.612,-71.7507,1.0,1614,63,false,,,,SWTDashboard,2026-07-20T19:41:07.883,2026-09-26T15:01:52
New Hampshire,NH,Center Harbor,Center Harbor,city,3,0,3,1,43.7107,-71.4797,1.0,1614,63,false,,,,SWTDashboard,2026-07-20T19:41:07.883,2026-09-26T15:01:52
New Hampshire,NH,Gilmanton,Gilmanton,city,3,0,3,1,43.4175,-71.4121,1.0,1614,63,false,,,,SWTDashboard,2026-07-20T19:41:07.883,2026-09-26T15:01:52
New Hampshire,NH,Hanover,Hanover,city,3,0,3,1,43.7045,-72.285,1.0,1614,63,false,,,,SWTDashboard,2026-07-20T19:41:07.883,2026-09-26T15:01:52
New Jersey,NJ,Belle Mead,Belle Mead,city,3,0,3,1,40.4483,-74.6557,1.0,1614,65,false,,,,SWTDashboard,2026-07-20T19:41:07.883,2026-09-26T15:01:52
New Jersey,NJ,Belmar,Belmar,city,3,0,3,1,40.1688,-74.072,1.0,1614,65,false,,,,SWTDashboard,2026-07-20T19:41:07.883,2026-09-26T15:01:52
New Jersey,NJ,Branchville,Branchville,city,3,0,3,1,41.1705,-74.75,1.0,1614,65,false,,,,SWTDashboard,2026-07-20T19:41:07.883,2026-09-26T15:01:52
New Jersey,NJ,Elmer,Elmer,city,3,0,3,1,39.5691,-75.163,1.0,1614,65,false,,,,SWTDashboard,2026-07-20T19:41:07.883,2026-09-26T15:01:52
New Jersey,NJ,Elmwood Park,Elmwood Park,city,3,0,3,1,40.9069,-74.1209,1.0,1614,65,false,,,,SWTDashboard,2026-07-20T19:41:07.883,2026-09-26T15:01:52
New Jersey,NJ,Haskell,Haskell,city,3,0,3,1,41.0301,-74.2965,1.0,1614,65,false,,,,SWTDashboard,2026-07-20T19:41:07.883,2026-09-26T15:01:52
New Jersey,NJ,Hoboken,Hoboken,city,3,0,3,1,40.7445,-74.0329,1.0,1614,65,false,,,,SWTDashboard,2026-07-20T19:41:07.883,2026-09-26T15:01:52
New Jersey,NJ,Montague,Montague,city,3,0,3,1,41.3023,-74.754,1.0,1614,65,false,,,,SWTDashboard,2026-07-20T19:41:07.883,2026-09-26T15:01:52
New Jersey,NJ,Norwood,Norwood,city,3,0,3,1,40.9952,-73.9582,1.0,1614,65,false,,,,SWTDashboard,2026-07-20T19:41:07.883,2026-09-26T15:01:52
New Jersey,NJ,Plainsboro,Plainsboro,city,3,0,3,1,40.3324,-74.5688,1.0,1614,65,false,,,,SWTDashboard,2026-07-20T19:41:07.883,2026-09-26T15:01:52
New Jersey,NJ,Port Murray,Port Murray,city,3,0,3,1,40.7906,-74.9167,1.0,1614,65,false,,,,SWTDashboard,2026-07-20T19:41:07.883,2026-09-26T15:01:52
New Jersey,NJ,Williamstown,Williamstown,city,3,0,3,1,39.665,-74.971,1.0,1614,65,false,,,,SWTDashboard,2026-07-20T19:41:07.883,2026-09-26T15:01:52
New Mexico,NM,Farmington,Farmington,city,3,0,3,1,36.7412,-108.1797,1.0,1614,9,false,,,,SWTDashboard,2026-07-20T19:41:07.883,2026-09-26T15:01:52
New Mexico,NM,Las Cruces,Las Cruces,city,3,0,3,1,32.3224,-106.8041,1.0,1614,9,false,,,,SWTDashboard,2026-07-20T19:41:07.883,2026-09-26T15:01:52
Nevada,NV,Carson City,Carson City,city,3,0,3,2,39.16055,-119.76205,1.0,1614,11,false,,,,SWTDashboard,2026-07-20T19:41:07.883,2026-09-26T15:01:52
Nevada,NV,Tonopah,Tonopah,city,3,0,3,1,38.0672,-117.2301,1.0,1614,11,false,,,,SWTDashboard,2026-07-20T19:41:07.883,2026-09-26T15:01:52
Nevada,NV,Winnemucca,Winnemucca,city,3,0,3,1,40.9664,-117.7467,1.0,1614,11,false,,,,SWTDashboard,2026-07-20T19:41:07.883,2026-09-26T15:01:52
New York,NY,Buffalo,Buffalo,city,0,3,3,1,42.9744,-78.7949,0.0,1614,161,false,,,,SWTDashboard,2026-07-20T19:41:07.883,2026-09-26T15:01:52
New York,NY,Catskill,Catskill,city,2,1,3,2,42.2276,-73.8985,0.666667,1614,161,false,,,,SWTDashboard,2026-07-20T19:41:07.883,2026-09-26T15:01:52
New York,NY,Centerport,Centerport,city,3,0,3,1,40.8929,-73.3754,1.0,1614,161,false,,,,SWTDashboard,2026-07-20T19:41:07.883,2026-09-26T15:01:52
New York,NY,East Durham,East Durham,city,3,0,3,1,42.386,-74.1117,1.0,1614,161,false,,,,SWTDashboard,2026-07-20T19:41:07.883,2026-09-26T15:01:52
New York,NY,East Jewett,East Jewett,city,3,0,3,1,42.2469,-74.1353,1.0,1614,161,false,,,,SWTDashboard,2026-07-20T19:41:07.883,2026-09-26T15:01:52
New York,NY,Geneva,Geneva,city,3,0,3,1,42.8637,-76.9913,1.0,1614,161,false,,,,SWTDashboard,2026-07-20T19:41:07.883,2026-09-26T15:01:52
New York,NY,Hudson,Hudson,city,3,0,3,1,42.247,-73.7552,1.0,1614,161,false,,,,SWTDashboard,2026-07-20T19:41:07.883,2026-09-26T15:01:52
New York,NY,Long Beach,Long Beach,city,3,0,3,1,40.5877,-73.6595,1.0,1614,161,false,,,,SWTDashboard,2026-07-20T19:41:07.883,2026-09-26T15:01:52
New York,NY,Long Island City,Long Island City,city,3,0,3,1,40.7446,-73.9345,1.0,1614,161,false,,,,SWTDashboard,2026-07-20T19:41:07.883,2026-09-26T15:01:52
New York,NY,Manorville,Manorville,city,3,0,3,1,40.8421,-72.8002,1.0,1614,161,false,,,,SWTDashboard,2026-07-20T19:41:07.883,2026-09-26T15:01:52
New York,NY,New Suffolk,New Suffolk,city,3,0,3,1,40.9915,-72.4759,1.0,1614,161,false,,,,SWTDashboard,2026-07-20T19:41:07.883,2026-09-26T15:01:52
New York,NY,Rockaway Park,Rockaway Park,city,3,0,3,1,40.5766,-73.8428,1.0,1614,161,false,,,,SWTDashboard,2026-07-20T19:41:07.883,2026-09-26T15:01:52
New York,NY,Schenectady,Schenectady,city,3,0,3,1,42.88,-73.9913,1.0,1614,161,false,,,,SWTDashboard,2026-07-20T19:41:07.883,2026-09-26T15:01:52
New York,NY,Yonkers,Yonkers,city,3,0,3,1,40.9176,-73.8593,1.0,1614,161,false,,,,SWTDashboard,2026-07-20T19:41:07.883,2026-09-26T15:01:52
Ohio,OH,Carrollton,Carrollton,city,3,0,3,1,40.5787,-81.0818,1.0,1614,35,false,,,,SWTDashboard,2026-07-20T19:41:07.883,2026-09-26T15:01:52
Ohio,OH,Fremont,Fremont,city,3,0,3,1,41.3498,-83.1181,1.0,1614,35,false,,,,SWTDashboard,2026-07-20T19:41:07.883,2026-09-26T15:01:52
Ohio,OH,Goshen,Goshen,city,3,0,3,1,39.2209,-84.1188,1.0,1614,35,false,,,,SWTDashboard,2026-07-20T19:41:07.883,2026-09-26T15:01:52
Ohio,OH,Greenwich,Greenwich,city,3,0,3,1,41.0407,-82.5133,1.0,1614,35,false,,,,SWTDashboard,2026-07-20T19:41:07.883,2026-09-26T15:01:52
Ohio,OH,Mansfield,Mansfield,city,3,0,3,1,40.6824,-82.5286,1.0,1614,35,false,,,,SWTDashboard,2026-07-20T19:41:07.883,2026-09-26T15:01:52
Ohio,OH,Middletown,Middletown,city,3,0,3,1,39.5321,-84.3896,1.0,1614,35,false,,,,SWTDashboard,2026-07-20T19:41:07.883,2026-09-26T15:01:52
Ohio,OH,Monroe,Monroe,city,3,0,3,1,39.4413,-84.3652,1.0,1614,35,false,,,,SWTDashboard,2026-07-20T19:41:07.883,2026-09-26T15:01:52
Ohio,OH,Newark,Newark,city,3,0,3,1,40.0724,-82.4046,1.0,1614,35,false,,,,SWTDashboard,2026-07-20T19:41:07.883,2026-09-26T15:01:52
Ohio,OH,Plain City,Plain City,city,3,0,3,1,40.0974,-83.269,1.0,1614,35,false,,,,SWTDashboard,2026-07-20T19:41:07.883,2026-09-26T15:01:52
Ohio,OH,Saint Louisville,Saint Louisville,city,3,0,3,1,40.1818,-82.356,1.0,1614,35,false,,,,SWTDashboard,2026-07-20T19:41:07.883,2026-09-26T15:01:52
Ohio,OH,Senecaville,Senecaville,city,3,0,3,1,39.9337,-81.458,1.0,1614,35,false,,,,SWTDashboard,2026-07-20T19:41:07.883,2026-09-26T15:01:52
Ohio,OH,Troy,Troy,city,3,0,3,1,40.0374,-84.2032,1.0,1614,35,false,,,,SWTDashboard,2026-07-20T19:41:07.883,2026-09-26T15:01:52
Ohio,OH,Waynesville,Waynesville,city,3,0,3,1,39.5285,-84.0815,1.0,1614,35,false,,,,SWTDashboard,2026-07-20T19:41:07.883,2026-09-26T15:01:52
Oklahoma,OK,Gore,Gore,city,3,0,3,1,35.5418,-95.1095,1.0,1614,4,false,,,,SWTDashboard,2026-07-20T19:41:07.883,2026-09-26T15:01:52
Oregon,OR,Albany,Albany,city,3,0,3,1,44.626,-123.057,1.0,1614,23,false,,,,SWTDashboard,2026-07-20T19:41:07.883,2026-09-26T15:01:52
Oregon,OR,Corvallis,Corvallis,city,3,0,3,1,44.5904,-123.2722,1.0,1614,23,false,,,,SWTDashboard,2026-07-20T19:41:07.883,2026-09-26T15:01:52
Oregon,OR,Hillsboro,Hillsboro,city,3,0,3,1,45.5387,-122.9636,1.0,1614,23,false,,,,SWTDashboard,2026-07-20T19:41:07.883,2026-09-26T15:01:52
Oregon,OR,Lincoln City,Lincoln City,city,3,0,3,1,44.9089,-123.9888,1.0,1614,23,false,,,,SWTDashboard,2026-07-20T19:41:07.883,2026-09-26T15:01:52
Oregon,OR,Medford,Medford,city,3,0,3,1,42.3363,-122.8398,1.0,1614,23,false,,,,SWTDashboard,2026-07-20T19:41:07.883,2026-09-26T15:01:52
Oregon,OR,Powell Butte,Powell Butte,city,3,0,3,1,44.2415,-121.0113,1.0,1614,23,false,,,,SWTDashboard,2026-07-20T19:41:07.883,2026-09-26T15:01:52
Oregon,OR,The Dalles,The Dalles,city,3,0,3,1,45.5995,-121.1905,1.0,1614,23,false,,,,SWTDashboard,2026-07-20T19:41:07.883,2026-09-26T15:01:52
Pennsylvania,PA,Bala Cynwyd,Bala Cynwyd,city,3,0,3,1,40.0118,-75.2342,1.0,1614,67,false,,,,SWTDashboard,2026-07-20T19:41:07.883,2026-09-26T15:01:52
Pennsylvania,PA,Easton,Easton,city,3,0,3,1,40.6957,-75.2865,1.0,1614,67,false,,,,SWTDashboard,2026-07-20T19:41:07.883,2026-09-26T15:01:52
Pennsylvania,PA,Effort,Effort,city,3,0,3,1,40.9669,-75.4523,1.0,1614,67,false,,,,SWTDashboard,2026-07-20T19:41:07.883,2026-09-26T15:01:52
Pennsylvania,PA,Export,Export,city,3,0,3,1,40.4252,-79.611,1.0,1614,67,false,,,,SWTDashboard,2026-07-20T19:41:07.883,2026-09-26T15:01:52
Pennsylvania,PA,Fogelsville,Fogelsville,city,3,0,3,1,40.593,-75.6568,1.0,1614,67,false,,,,SWTDashboard,2026-07-20T19:41:07.883,2026-09-26T15:01:52
Pennsylvania,PA,Fombell,Fombell,city,3,0,3,1,40.8125,-80.2073,1.0,1614,67,false,,,,SWTDashboard,2026-07-20T19:41:07.883,2026-09-26T15:01:52
Pennsylvania,PA,Fort Hill,Fort Hill,city,3,0,3,1,39.7961,-79.2472,1.0,1614,67,false,,,,SWTDashboard,2026-07-20T19:41:07.883,2026-09-26T15:01:52
Pennsylvania,PA,Harrisville,Harrisville,city,3,0,3,1,41.1631,-79.9796,1.0,1614,67,false,,,,SWTDashboard,2026-07-20T19:41:07.883,2026-09-26T15:01:52
Pennsylvania,PA,Lafayette Hill,Lafayette Hill,city,3,0,3,1,40.0896,-75.2601,1.0,1614,67,false,,,,SWTDashboard,2026-07-20T19:41:07.883,2026-09-26T15:01:52
Pennsylvania,PA,Malvern,Malvern,city,3,0,3,1,40.0468,-75.531,1.0,1614,67,false,,,,SWTDashboard,2026-07-20T19:41:07.883,2026-09-26T15:01:52
Pennsylvania,PA,Quakertown,Quakertown,city,3,0,3,1,40.4411,-75.3507,1.0,1614,67,false,,,,SWTDashboard,2026-07-20T19:41:07.883,2026-09-26T15:01:52
Pennsylvania,PA,West Chester,West Chester,city,3,0,3,1,39.9845,-75.5962,1.0,1614,67,false,,,,SWTDashboard,2026-07-20T19:41:07.883,2026-09-26T15:01:52
Pennsylvania,PA,White Haven,White Haven,city,3,0,3,1,41.079,-75.7715,1.0,1614,67,false,,,,SWTDashboard,2026-07-20T19:41:07.883,2026-09-26T15:01:52
Rhode Island,RI,Saunderstown,Saunderstown,city,3,0,3,1,41.5105,-71.4427,1.0,1614,11,false,,,,SWTDashboard,2026-07-20T19:41:07.883,2026-09-26T15:01:52
South Carolina,SC,Walterboro,Walterboro,city,3,0,3,1,32.9052,-80.6668,1.0,1614,17,false,,,,SWTDashboard,2026-07-20T19:41:07.883,2026-09-26T15:01:52
South Dakota,SD,Fort Pierre,Fort Pierre,city,3,0,3,1,44.3426,-100.4043,1.0,1614,15,false,,,,SWTDashboard,2026-07-20T19:41:07.883,2026-09-26T15:01:52
South Dakota,SD,Murdo,Murdo,city,3,0,3,1,43.8961,-100.7121,1.0,1614,15,false,,,,SWTDashboard,2026-07-20T19:41:07.883,2026-09-26T15:01:52
Tennessee,TN,Altamont,Altamont,city,3,0,3,1,35.4258,-85.7635,1.0,1614,11,false,,,,SWTDashboard,2026-07-20T19:41:07.883,2026-09-26T15:01:52
Tennessee,TN,Crossville,Crossville,city,3,0,3,1,36.0527,-85.0138,1.0,1614,11,false,,,,SWTDashboard,2026-07-20T19:41:07.883,2026-09-26T15:01:52
Tennessee,TN,Townsend,Townsend,city,3,0,3,1,35.6784,-83.7572,1.0,1614,11,false,,,,SWTDashboard,2026-07-20T19:41:07.883,2026-09-26T15:01:52
Texas,TX,Alpine,Alpine,city,2,1,3,2,30.2631,-103.6541,0.666667,1614,43,false,,,,SWTDashboard,2026-07-20T19:41:07.883,2026-09-26T15:01:52
Texas,TX,Bryan,Bryan,city,3,0,3,1,30.6327,-96.3662,1.0,1614,43,false,,,,SWTDashboard,2026-07-20T19:41:07.883,2026-09-26T15:01:52
Texas,TX,Bulverde,Bulverde,city,3,0,3,1,29.7767,-98.4626,1.0,1614,43,false,,,,SWTDashboard,2026-07-20T19:41:07.883,2026-09-26T15:01:52
Texas,TX,Cedar Park,Cedar Park,city,3,0,3,1,30.5052,-97.8203,1.0,1614,43,false,,,,SWTDashboard,2026-07-20T19:41:07.883,2026-09-26T15:01:52
Texas,TX,Copperas Cove,Copperas Cove,city,3,0,3,1,31.2029,-97.9301,1.0,1614,43,false,,,,SWTDashboard,2026-07-20T19:41:07.883,2026-09-26T15:01:52
Texas,TX,Denison,Denison,city,3,0,3,1,33.745,-96.5496,1.0,1614,43,false,,,,SWTDashboard,2026-07-20T19:41:07.883,2026-09-26T15:01:52
Texas,TX,Floresville,Floresville,city,3,0,3,1,29.1693,-98.1936,1.0,1614,43,false,,,,SWTDashboard,2026-07-20T19:41:07.883,2026-09-26T15:01:52
Texas,TX,Hockley,Hockley,city,3,0,3,1,30.0729,-95.8104,1.0,1614,43,false,,,,SWTDashboard,2026-07-20T19:41:07.883,2026-09-26T15:01:52
Texas,TX,Killeen,Killeen,city,3,0,3,1,31.0376,-97.6809,1.0,1614,43,false,,,,SWTDashboard,2026-07-20T19:41:07.883,2026-09-26T15:01:52
Texas,TX,Lott,Lott,city,3,0,3,1,31.1925,-97.0581,1.0,1614,43,false,,,,SWTDashboard,2026-07-20T19:41:07.883,2026-09-26T15:01:52
Texas,TX,Mckinney,Mckinney,city,3,0,3,1,33.1976,-96.6153,1.0,1614,43,false,,,,SWTDashboard,2026-07-20T19:41:07.883,2026-09-26T15:01:52
Texas,TX,Perrin,Perrin,city,3,0,3,1,33.034,-98.0692,1.0,1614,43,false,,,,SWTDashboard,2026-07-20T19:41:07.883,2026-09-26T15:01:52
Texas,TX,Pflugerville,Pflugerville,city,3,0,3,1,30.4421,-97.6299,1.0,1614,43,false,,,,SWTDashboard,2026-07-20T19:41:07.883,2026-09-26T15:01:52
Texas,TX,San Marcos,San Marcos,city,3,0,3,1,29.8754,-97.9404,1.0,1614,43,false,,,,SWTDashboard,2026-07-20T19:41:07.883,2026-09-26T15:01:52
Texas,TX,Sugar Land,Sugar Land,city,3,0,3,1,29.6196,-95.607,1.0,1614,43,false,,,,SWTDashboard,2026-07-20T19:41:07.883,2026-09-26T15:01:52
Texas,TX,Tyler,Tyler,city,3,0,3,2,32.3437,-95.30195,1.0,1614,43,false,,,,SWTDashboard,2026-07-20T19:41:07.883,2026-09-26T15:01:52
Texas,TX,Victoria,Victoria,city,3,0,3,1,28.809,-96.9993,1.0,1614,43,false,,,,SWTDashboard,2026-07-20T19:41:07.883,2026-09-26T15:01:52
Texas,TX,Woodway,Woodway,city,3,0,3,1,31.5051,-97.2311,1.0,1614,43,false,,,,SWTDashboard,2026-07-20T19:41:07.883,2026-09-26T15:01:52
Texas,TX,Wylie,Wylie,city,3,0,3,1,33.0041,-96.5394,1.0,1614,43,false,,,,SWTDashboard,2026-07-20T19:41:07.883,2026-09-26T15:01:52
Utah,UT,Cedar City,Cedar City,city,3,0,3,1,37.6775,-113.0619,1.0,1614,21,false,,,,SWTDashboard,2026-07-20T19:41:07.883,2026-09-26T15:01:52
Utah,UT,Hurricane,Hurricane,city,3,0,3,1,37.1454,-113.3675,1.0,1614,21,false,,,,SWTDashboard,2026-07-20T19:41:07.883,2026-09-26T15:01:52
Utah,UT,Kanab,Kanab,city,2,1,3,2,37.0475,-112.5263,0.666667,1614,21,false,,,,SWTDashboard,2026-07-20T19:41:07.883,2026-09-26T15:01:52
Utah,UT,Logan,Logan,city,3,0,3,2,41.76145,-111.8147,1.0,1614,21,false,,,,SWTDashboard,2026-07-20T19:41:07.883,2026-09-26T15:01:52
Utah,UT,North Salt Lake,North Salt Lake,city,3,0,3,1,40.8446,-111.9191,1.0,1614,21,false,,,,SWTDashboard,2026-07-20T19:41:07.883,2026-09-26T15:01:52
Utah,UT,Orem,Orem,city,3,0,3,1,40.2818,-111.7209,1.0,1614,21,false,,,,SWTDashboard,2026-07-20T19:41:07.883,2026-09-26T15:01:52
Utah,UT,Spanish Fork,Spanish Fork,city,3,0,3,1,40.1099,-111.6462,1.0,1614,21,false,,,,SWTDashboard,2026-07-20T19:41:07.883,2026-09-26T15:01:52
Utah,UT,West Valley City,West Valley City,city,2,1,3,2,40.6916,-112.0011,0.666667,1614,21,false,,,,SWTDashboard,2026-07-20T19:41:07.883,2026-09-26T15:01:52
Virginia,VA,Clifton,Clifton,city,3,0,3,1,38.7818,-77.3818,1.0,1614,65,false,,,,SWTDashboard,2026-07-20T19:41:07.883,2026-09-26T15:01:52
Virginia,VA,Fort Belvoir,Fort Belvoir,city,3,0,3,1,38.6947,-77.1433,1.0,1614,65,false,,,,SWTDashboard,2026-07-20T19:41:07.883,2026-09-26T15:01:52
Virginia,VA,Glen Allen,Glen Allen,city,3,0,3,1,37.7284,-77.5544,1.0,1614,65,false,,,,SWTDashboard,2026-07-20T19:41:07.883,2026-09-26T15:01:52
Virginia,VA,Harrisonburg,Harrisonburg,city,3,0,3,1,38.4905,-78.8179,1.0,1614,65,false,,,,SWTDashboard,2026-07-20T19:41:07.883,2026-09-26T15:01:52
Virginia,VA,Mount Solon,Mount Solon,city,3,0,3,1,38.3328,-79.1028,1.0,1614,65,false,,,,SWTDashboard,2026-07-20T19:41:07.883,2026-09-26T15:01:52
Virginia,VA,Sandston,Sandston,city,3,0,3,1,37.5157,-77.2758,1.0,1614,65,false,,,,SWTDashboard,2026-07-20T19:41:07.883,2026-09-26T15:01:52
Virginia,VA,Stafford,Stafford,city,3,0,3,2,38.4652,-77.4704,1.0,1614,65,false,,,,SWTDashboard,2026-07-20T19:41:07.883,2026-09-26T15:01:52
Virginia,VA,Stephenson,Stephenson,city,3,0,3,1,39.1973,-78.0941,1.0,1614,65,false,,,,SWTDashboard,2026-07-20T19:41:07.883,2026-09-26T15:01:52
Vermont,VT,Averill,Averill,city,1,2,3,2,44.9981,-71.7104,0.333333,1614,35,false,,,,SWTDashboard,2026-07-20T19:41:07.883,2026-09-26T15:01:52
Vermont,VT,Lyndonville,Lyndonville,city,3,0,3,1,44.5555,-72.0715,1.0,1614,35,false,,,,SWTDashboard,2026-07-20T19:41:07.883,2026-09-26T15:01:52
Vermont,VT,Marlboro,Marlboro,city,3,0,3,1,42.9947,-72.7204,1.0,1614,35,false,,,,SWTDashboard,2026-07-20T19:41:07.883,2026-09-26T15:01:52
Vermont,VT,Randolph,Randolph,city,1,2,3,2,43.9444,-72.6726,0.333333,1614,35,false,,,,SWTDashboard,2026-07-20T19:41:07.883,2026-09-26T15:01:52
Vermont,VT,Salisbury,Salisbury,city,3,0,3,1,43.9017,-73.1008,1.0,1614,35,false,,,,SWTDashboard,2026-07-20T19:41:07.883,2026-09-26T15:01:52
Vermont,VT,West Dover,West Dover,city,3,0,3,1,42.9535,-72.8687,1.0,1614,35,false,,,,SWTDashboard,2026-07-20T19:41:07.883,2026-09-26T15:01:52
Vermont,VT,Williston,Williston,city,3,0,3,1,44.4367,-73.0957,1.0,1614,35,false,,,,SWTDashboard,2026-07-20T19:41:07.883,2026-09-26T15:01:52
Washington,WA,Bothell,Bothell,city,3,0,3,1,47.8401,-122.1972,1.0,1614,38,false,,,,SWTDashboard,2026-07-20T19:41:07.883,2026-09-26T15:01:52
Washington,WA,Bremerton,Bremerton,city,3,0,3,1,47.6019,-122.6299,1.0,1614,38,false,,,,SWTDashboard,2026-07-20T19:41:07.883,2026-09-26T15:01:52
Washington,WA,Loon Lake,Loon Lake,city,3,0,3,1,48.0784,-117.6325,1.0,1614,38,false,,,,SWTDashboard,2026-07-20T19:41:07.883,2026-09-26T15:01:52
Wisconsin,WI,Boscobel,Boscobel,city,3,0,3,1,43.1393,-90.7061,1.0,1614,65,false,,,,SWTDashboard,2026-07-20T19:41:07.883,2026-09-26T15:01:52
Wisconsin,WI,East Troy,East Troy,city,3,0,3,1,42.8035,-88.4092,1.0,1614,65,false,,,,SWTDashboard,2026-07-20T19:41:07.883,2026-09-26T15:01:52
Wisconsin,WI,Florence,Florence,city,3,0,3,1,45.9027,-88.2289,1.0,1614,65,false,,,,SWTDashboard,2026-07-20T19:41:07.883,2026-09-26T15:01:52
Wisconsin,WI,Herbster,Herbster,city,3,0,3,1,46.8213,-91.2332,1.0,1614,65,false,,,,SWTDashboard,2026-07-20T19:41:07.883,2026-09-26T15:01:52
Wisconsin,WI,Land O Lakes,Land O Lakes,city,2,1,3,2,46.1563,-89.3218,0.666667,1614,65,false,,,,SWTDashboard,2026-07-20T19:41:07.883,2026-09-26T15:01:52
Wisconsin,WI,Mauston,Mauston,city,3,0,3,1,43.7934,-90.0641,1.0,1614,65,false,,,,SWTDashboard,2026-07-20T19:41:07.883,2026-09-26T15:01:52
Wisconsin,WI,Montello,Montello,city,3,0,3,1,43.769,-89.3586,1.0,1614,65,false,,,,SWTDashboard,2026-07-20T19:41:07.883,2026-09-26T15:01:52
West Virginia,WV,Alderson,Alderson,city,2,1,3,2,37.7371,-80.661,0.666667,1614,12,false,,,,SWTDashboard,2026-07-20T19:41:07.883,2026-09-26T15:01:52
West Virginia,WV,South Charleston,South Charleston,city,2,1,3,2,38.3684,-81.6996,0.666667,1614,12,false,,,,SWTDashboard,2026-07-20T19:41:07.883,2026-09-26T15:01:52
Wyoming,WY,Glendo,Glendo,city,3,0,3,1,42.5004,-105.0,1.0,1614,20,false,,,,SWTDashboard,2026-07-20T19:41:07.883,2026-09-26T15:01:52
Wyoming,WY,Wilson,Wilson,city,3,0,3,1,43.4992,-110.8742,1.0,1614,20,false,,,,SWTDashboard,2026-07-20T19:41:07.883,2026-09-26T15:01:52
Alaska,AK,Indian,Indian,city,2,0,2,1,61.1089,-149.4403,1.0,1864,31,false,,,,SWTDashboard,2026-07-20T19:41:07.883,2026-09-26T15:01:52
Alabama,AL,Jasper,Jasper,city,2,0,2,1,33.8312,-87.2775,1.0,1864,9,false,,,,SWTDashboard,2026-07-20T19:41:07.883,2026-09-26T15:01:52
Alabama,AL,Mentone,Mentone,city,2,0,2,1,34.5872,-85.5777,1.0,1864,9,false,,,,SWTDashboard,2026-07-20T19:41:07.883,2026-09-26T15:01:52
Alabama,AL,Rainsville,Rainsville,city,2,0,2,1,34.4989,-85.8446,1.0,1864,9,false,,,,SWTDashboard,2026-07-20T19:41:07.883,2026-09-26T15:01:52
Arkansas,AR,Mountain Home,Mountain Home,city,2,0,2,1,36.3312,-92.3753,1.0,1864,9,false,,,,SWTDashboard,2026-07-20T19:41:07.883,2026-09-26T15:01:52
Arkansas,AR,Newport,Newport,city,2,0,2,1,35.5988,-91.2571,1.0,1864,9,false,,,,SWTDashboard,2026-07-20T19:41:07.883,2026-09-26T15:01:52
Arkansas,AR,Springdale,Springdale,city,2,0,2,1,36.1835,-94.1762,1.0,1864,9,false,,,,SWTDashboard,2026-07-20T19:41:07.883,2026-09-26T15:01:52
Arizona,AZ,Oracle,Oracle,city,2,0,2,1,32.6005,-110.7961,1.0,1864,9,false,,,,SWTDashboard,2026-07-20T19:41:07.883,2026-09-26T15:01:52
Arizona,AZ,Payson,Payson,city,2,0,2,1,34.2198,-111.2878,1.0,1864,9,false,,,,SWTDashboard,2026-07-20T19:41:07.883,2026-09-26T15:01:52
California,CA,Berkeley,Berkeley,city,2,0,2,2,37.8701,-122.25595,1.0,1864,78,false,,,,SWTDashboard,2026-07-20T19:41:07.883,2026-09-26T15:01:52
California,CA,Big Bear City,Big Bear City,city,2,0,2,1,34.261,-116.8131,1.0,1864,78,false,,,,SWTDashboard,2026-07-20T19:41:07.883,2026-09-26T15:01:52
California,CA,Kernville,Kernville,city,2,0,2,1,35.755,-118.4047,1.0,1864,78,false,,,,SWTDashboard,2026-07-20T19:41:07.883,2026-09-26T15:01:52
California,CA,La Honda,La Honda,city,2,0,2,1,37.2726,-122.2495,1.0,1864,78,false,,,,SWTDashboard,2026-07-20T19:41:07.883,2026-09-26T15:01:52
California,CA,Little River,Little River,city,2,0,2,1,39.2707,-123.7883,1.0,1864,78,false,,,,SWTDashboard,2026-07-20T19:41:07.883,2026-09-26T15:01:52
California,CA,National City,National City,city,2,0,2,1,32.6749,-117.0897,1.0,1864,78,false,,,,SWTDashboard,2026-07-20T19:41:07.883,2026-09-26T15:01:52
California,CA,Pescadero,Pescadero,city,2,0,2,1,37.2065,-122.3649,1.0,1864,78,false,,,,SWTDashboard,2026-07-20T19:41:07.883,2026-09-26T15:01:52
California,CA,Roseville,Roseville,city,2,0,2,1,38.7346,-121.234,1.0,1864,78,false,,,,SWTDashboard,2026-07-20T19:41:07.883,2026-09-26T15:01:52
California,CA,Rowland Heights,Rowland Heights,city,2,0,2,1,33.9818,-117.8969,1.0,1864,78,false,,,,SWTDashboard,2026-07-20T19:41:07.883,2026-09-26T15:01:52
Colorado,CO,Akron,Akron,city,2,0,2,1,40.1803,-103.2259,1.0,1864,55,false,,,,SWTDashboard,2026-07-20T19:41:07.883,2026-09-26T15:01:52
Colorado,CO,Ault,Ault,city,2,0,2,1,40.5938,-104.7356,1.0,1864,55,false,,,,SWTDashboard,2026-07-20T19:41:07.883,2026-09-26T15:01:52
Colorado,CO,Basalt,Basalt,city,2,0,2,1,39.3535,-106.9988,1.0,1864,55,false,,,,SWTDashboard,2026-07-20T19:41:07.883,2026-09-26T15:01:52
Colorado,CO,Del Norte,Del Norte,city,2,0,2,1,37.6447,-106.4073,1.0,1864,55,false,,,,SWTDashboard,2026-07-20T19:41:07.883,2026-09-26T15:01:52
Colorado,CO,Edwards,Edwards,city,2,0,2,1,39.6382,-106.6206,1.0,1864,55,false,,,,SWTDashboard,2026-07-20T19:41:07.883,2026-09-26T15:01:52
Colorado,CO,Fort Morgan,Fort Morgan,city,2,0,2,1,40.2541,-103.8031,1.0,1864,55,false,,,,SWTDashboard,2026-07-20T19:41:07.883,2026-09-26T15:01:52
Colorado,CO,Georgetown,Georgetown,city,2,0,2,1,39.7061,-105.6975,1.0,1864,55,false,,,,SWTDashboard,2026-07-20T19:41:07.883,2026-09-26T15:01:52
Connecticut,CT,Marlborough,Marlborough,city,2,0,2,1,41.6412,-72.4609,1.0,1864,32,false,,,,SWTDashboard,2026-07-20T19:41:07.883,2026-09-26T15:01:52
Connecticut,CT,South Kent,South Kent,city,2,0,2,1,41.6951,-73.469,1.0,1864,32,false,,,,SWTDashboard,2026-07-20T19:41:07.883,2026-09-26T15:01:52
Florida,FL,Big Pine Key,Big Pine Key,city,2,0,2,1,24.68,-81.362,1.0,1864,35,false,,,,SWTDashboard,2026-07-20T19:41:07.883,2026-09-26T15:01:52
Florida,FL,Defuniak Springs,Defuniak Springs,city,1,1,2,2,30.721,-86.1152,0.5,1864,35,false,,,,SWTDashboard,2026-07-20T19:41:07.883,2026-09-26T15:01:52
Florida,FL,Indian Rocks Beach,Indian Rocks Beach,city,2,0,2,1,27.8868,-82.8435,1.0,1864,35,false,,,,SWTDashboard,2026-07-20T19:41:07.883,2026-09-26T15:01:52
Florida,FL,Ocala,Ocala,city,2,0,2,1,29.2573,-82.161,1.0,1864,35,false,,,,SWTDashboard,2026-07-20T19:41:07.883,2026-09-26T15:01:52
Florida,FL,Stuart,Stuart,city,2,0,2,1,27.1929,-80.2164,1.0,1864,35,false,,,,SWTDashboard,2026-07-20T19:41:07.883,2026-09-26T15:01:52
Georgia,GA,Decatur,Decatur,city,2,0,2,1,33.7699,-84.295,1.0,1864,15,false,,,,SWTDashboard,2026-07-20T19:41:07.883,2026-09-26T15:01:52
Georgia,GA,Lavonia,Lavonia,city,2,0,2,1,34.4528,-83.113,1.0,1864,15,false,,,,SWTDashboard,2026-07-20T19:41:07.883,2026-09-26T15:01:52
Georgia,GA,Tucker,Tucker,city,2,0,2,1,33.857,-84.216,1.0,1864,15,false,,,,SWTDashboard,2026-07-20T19:41:07.883,2026-09-26T15:01:52
Iowa,IA,Ankeny,Ankeny,city,2,0,2,1,41.7194,-93.6266,1.0,1864,18,false,,,,SWTDashboard,2026-07-20T19:41:07.883,2026-09-26T15:01:52
Iowa,IA,Bettendorf,Bettendorf,city,2,0,2,1,41.5509,-90.4942,1.0,1864,18,false,,,,SWTDashboard,2026-07-20T19:41:07.883,2026-09-26T15:01:52
Iowa,IA,Clive,Clive,city,2,0,2,1,41.6067,-93.7457,1.0,1864,18,false,,,,SWTDashboard,2026-07-20T19:41:07.883,2026-09-26T15:01:52
Iowa,IA,Coralville,Coralville,city,2,0,2,1,41.6937,-91.5906,1.0,1864,18,false,,,,SWTDashboard,2026-07-20T19:41:07.883,2026-09-26T15:01:52
Iowa,IA,Council Bluffs,Council Bluffs,city,2,0,2,1,41.2616,-95.8251,1.0,1864,18,false,,,,SWTDashboard,2026-07-20T19:41:07.883,2026-09-26T15:01:52
Iowa,IA,Mason City,Mason City,city,2,0,2,1,43.1499,-93.1954,1.0,1864,18,false,,,,SWTDashboard,2026-07-20T19:41:07.883,2026-09-26T15:01:52
Iowa,IA,New Liberty,New Liberty,city,2,0,2,1,41.7132,-90.8599,1.0,1864,18,false,,,,SWTDashboard,2026-07-20T19:41:07.883,2026-09-26T15:01:52
Iowa,IA,Williamsburg,Williamsburg,city,1,1,2,2,41.6393,-92.024,0.5,1864,18,false,,,,SWTDashboard,2026-07-20T19:41:07.883,2026-09-26T15:01:52
Idaho,ID,Kimberly,Kimberly,city,2,0,2,1,42.5287,-114.3657,1.0,1864,22,false,,,,SWTDashboard,2026-07-20T19:41:07.883,2026-09-26T15:01:52
Idaho,ID,Middleton,Middleton,city,2,0,2,1,43.7191,-116.6112,1.0,1864,22,false,,,,SWTDashboard,2026-07-20T19:41:07.883,2026-09-26T15:01:52
Idaho,ID,New Plymouth,New Plymouth,city,2,0,2,1,43.959,-116.8048,1.0,1864,22,false,,,,SWTDashboard,2026-07-20T19:41:07.883,2026-09-26T15:01:52
Idaho,ID,Sandpoint,Sandpoint,city,2,0,2,1,48.312,-116.5332,1.0,1864,22,false,,,,SWTDashboard,2026-07-20T19:41:07.883,2026-09-26T15:01:52
Idaho,ID,Star,Star,city,2,0,2,1,43.7013,-116.4967,1.0,1864,22,false,,,,SWTDashboard,2026-07-20T19:41:07.883,2026-09-26T15:01:52
Idaho,ID,Wallace,Wallace,city,2,0,2,1,47.4908,-115.962,1.0,1864,22,false,,,,SWTDashboard,2026-07-20T19:41:07.883,2026-09-26T15:01:52
Illinois,IL,Alton,Alton,city,2,0,2,1,38.9087,-90.1568,1.0,1864,27,false,,,,SWTDashboard,2026-07-20T19:41:07.883,2026-09-26T15:01:52
Illinois,IL,Edwardsville,Edwardsville,city,2,0,2,1,38.805,-89.9637,1.0,1864,27,false,,,,SWTDashboard,2026-07-20T19:41:07.883,2026-09-26T15:01:52
Illinois,IL,Erie,Erie,city,2,0,2,1,41.656,-90.0843,1.0,1864,27,false,,,,SWTDashboard,2026-07-20T19:41:07.883,2026-09-26T15:01:52
Illinois,IL,Homer Glen,Homer Glen,city,2,0,2,1,41.6028,-87.9599,1.0,1864,27,false,,,,SWTDashboard,2026-07-20T19:41:07.883,2026-09-26T15:01:52
Illinois,IL,Hudson,Hudson,city,2,0,2,1,40.6205,-88.9759,1.0,1864,27,false,,,,SWTDashboard,2026-07-20T19:41:07.883,2026-09-26T15:01:52
Illinois,IL,Metamora,Metamora,city,2,0,2,1,40.7844,-89.4309,1.0,1864,27,false,,,,SWTDashboard,2026-07-20T19:41:07.883,2026-09-26T15:01:52
Illinois,IL,Naperville,Naperville,city,2,0,2,1,41.7895,-88.169,1.0,1864,27,false,,,,SWTDashboard,2026-07-20T19:41:07.883,2026-09-26T15:01:52
Illinois,IL,Princeton,Princeton,city,2,0,2,1,41.3629,-89.427,1.0,1864,27,false,,,,SWTDashboard,2026-07-20T19:41:07.883,2026-09-26T15:01:52
Illinois,IL,Quincy,Quincy,city,2,0,2,1,39.9307,-91.3763,1.0,1864,27,false,,,,SWTDashboard,2026-07-20T19:41:07.883,2026-09-26T15:01:52
Indiana,IN,Brownstown,Brownstown,city,2,0,2,1,38.8836,-86.0486,1.0,1864,12,false,,,,SWTDashboard,2026-07-20T19:41:07.883,2026-09-26T15:01:52
Indiana,IN,Fremont,Fremont,city,2,0,2,1,41.7331,-84.9452,1.0,1864,12,false,,,,SWTDashboard,2026-07-20T19:41:07.883,2026-09-26T15:01:52
Indiana,IN,Muncie,Muncie,city,1,1,2,2,40.2111,-85.4291,0.5,1864,12,false,,,,SWTDashboard,2026-07-20T19:41:07.883,2026-09-26T15:01:52
Indiana,IN,Valparaiso,Valparaiso,city,2,0,2,1,41.4706,-87.0783,1.0,1864,12,false,,,,SWTDashboard,2026-07-20T19:41:07.883,2026-09-26T15:01:52
Indiana,IN,Wolcottville,Wolcottville,city,2,0,2,1,41.557,-85.315,1.0,1864,12,false,,,,SWTDashboard,2026-07-20T19:41:07.883,2026-09-26T15:01:52
Kansas,KS,Derby,Derby,city,2,0,2,1,37.553,-97.2549,1.0,1864,8,false,,,,SWTDashboard,2026-07-20T19:41:07.883,2026-09-26T15:01:52
Kansas,KS,Hutchinson,Hutchinson,city,2,0,2,1,38.055,-97.9311,1.0,1864,8,false,,,,SWTDashboard,2026-07-20T19:41:07.883,2026-09-26T15:01:52
Kansas,KS,Manhattan,Manhattan,city,2,0,2,1,39.1938,-96.5858,1.0,1864,8,false,,,,SWTDashboard,2026-07-20T19:41:07.883,2026-09-26T15:01:52
Kansas,KS,Montezuma,Montezuma,city,2,0,2,1,37.6016,-100.4461,1.0,1864,8,false,,,,SWTDashboard,2026-07-20T19:41:07.883,2026-09-26T15:01:52
Kansas,KS,Pittsburg,Pittsburg,city,2,0,2,1,37.3951,-94.7105,1.0,1864,8,false,,,,SWTDashboard,2026-07-20T19:41:07.883,2026-09-26T15:01:52
Kansas,KS,Salina,Salina,city,2,0,2,1,38.8237,-97.6421,1.0,1864,8,false,,,,SWTDashboard,2026-07-20T19:41:07.883,2026-09-26T15:01:52
Kansas,KS,Winfield,Winfield,city,2,0,2,1,37.2416,-96.98,1.0,1864,8,false,,,,SWTDashboard,2026-07-20T19:41:07.883,2026-09-26T15:01:52
Kentucky,KY,Newport,Newport,city,2,0,2,1,39.0563,-84.4787,1.0,1864,5,false,,,,SWTDashboard,2026-07-20T19:41:07.883,2026-09-26T15:01:52
Kentucky,KY,Paducah,Paducah,city,2,0,2,1,37.0368,-88.5934,1.0,1864,5,false,,,,SWTDashboard,2026-07-20T19:41:07.883,2026-09-26T15:01:52
Massachusetts,MA,Ashland,Ashland,city,2,0,2,1,42.2539,-71.4583,1.0,1864,140,false,,,,SWTDashboard,2026-07-20T19:41:07.883,2026-09-26T15:01:52
Massachusetts,MA,Barnstable,Barnstable,city,2,0,2,1,41.6983,-70.3001,1.0,1864,140,false,,,,SWTDashboard,2026-07-20T19:41:07.883,2026-09-26T15:01:52
Massachusetts,MA,Bedford,Bedford,city,2,0,2,1,42.4843,-71.2768,1.0,1864,140,false,,,,SWTDashboard,2026-07-20T19:41:07.883,2026-09-26T15:01:52
Massachusetts,MA,Bridgewater,Bridgewater,city,2,0,2,1,41.9773,-70.9723,1.0,1864,140,false,,,,SWTDashboard,2026-07-20T19:41:07.883,2026-09-26T15:01:52
Massachusetts,MA,Holbrook,Holbrook,city,2,0,2,1,42.1464,-71.0083,1.0,1864,140,false,,,,SWTDashboard,2026-07-20T19:41:07.883,2026-09-26T15:01:52
Massachusetts,MA,Littleton,Littleton,city,2,0,2,1,42.5401,-71.4877,1.0,1864,140,false,,,,SWTDashboard,2026-07-20T19:41:07.883,2026-09-26T15:01:52
Massachusetts,MA,Mansfield,Mansfield,city,2,0,2,1,42.0212,-71.2178,1.0,1864,140,false,,,,SWTDashboard,2026-07-20T19:41:07.883,2026-09-26T15:01:52
Massachusetts,MA,Marion,Marion,city,2,0,2,1,41.7095,-70.7613,1.0,1864,140,false,,,,SWTDashboard,2026-07-20T19:41:07.883,2026-09-26T15:01:52
Massachusetts,MA,Methuen,Methuen,city,2,0,2,1,42.728,-71.181,1.0,1864,140,false,,,,SWTDashboard,2026-07-20T19:41:07.883,2026-09-26T15:01:52
Massachusetts,MA,Needham Heights,Needham Heights,city,2,0,2,1,42.2945,-71.2328,1.0,1864,140,false,,,,SWTDashboard,2026-07-20T19:41:07.883,2026-09-26T15:01:52
Massachusetts,MA,Newton,Newton,city,2,0,2,1,42.3528,-71.1875,1.0,1864,140,false,,,,SWTDashboard,2026-07-20T19:41:07.883,2026-09-26T15:01:52
Massachusetts,MA,North Weymouth,North Weymouth,city,2,0,2,1,42.2459,-70.9467,1.0,1864,140,false,,,,SWTDashboard,2026-07-20T19:41:07.883,2026-09-26T15:01:52
Massachusetts,MA,Randolph,Randolph,city,2,0,2,1,42.1736,-71.0514,1.0,1864,140,false,,,,SWTDashboard,2026-07-20T19:41:07.883,2026-09-26T15:01:52
Massachusetts,MA,Stoneham,Stoneham,city,2,0,2,1,42.4828,-71.0978,1.0,1864,140,false,,,,SWTDashboard,2026-07-20T19:41:07.883,2026-09-26T15:01:52
Massachusetts,MA,West Wareham,West Wareham,city,2,0,2,1,41.7796,-70.7642,1.0,1864,140,false,,,,SWTDashboard,2026-07-20T19:41:07.883,2026-09-26T15:01:52
Massachusetts,MA,Williamsburg,Williamsburg,city,2,0,2,1,42.4085,-72.778,1.0,1864,140,false,,,,SWTDashboard,2026-07-20T19:41:07.883,2026-09-26T15:01:52
Maryland,MD,Boyds,Boyds,city,2,0,2,1,39.21,-77.3167,1.0,1864,86,false,,,,SWTDashboard,2026-07-20T19:41:07.883,2026-09-26T15:01:52
Maryland,MD,Brandywine,Brandywine,city,2,0,2,1,38.6922,-76.832,1.0,1864,86,false,,,,SWTDashboard,2026-07-20T19:41:07.883,2026-09-26T15:01:52
Maryland,MD,Brookeville,Brookeville,city,2,0,2,1,39.1871,-77.0603,1.0,1864,86,false,,,,SWTDashboard,2026-07-20T19:41:07.883,2026-09-26T15:01:52
Maryland,MD,California,California,city,2,0,2,1,38.3006,-76.5312,1.0,1864,86,false,,,,SWTDashboard,2026-07-20T19:41:07.883,2026-09-26T15:01:52
Maryland,MD,Cheltenham,Cheltenham,city,2,0,2,1,38.7531,-76.8369,1.0,1864,86,false,,,,SWTDashboard,2026-07-20T19:41:07.883,2026-09-26T15:01:52
Maryland,MD,Chester,Chester,city,2,0,2,1,38.9583,-76.2842,1.0,1864,86,false,,,,SWTDashboard,2026-07-20T19:41:07.883,2026-09-26T15:01:52
Maryland,MD,Curtis Bay,Curtis Bay,city,2,0,2,1,39.2109,-76.5597,1.0,1864,86,false,,,,SWTDashboard,2026-07-20T19:41:07.883,2026-09-26T15:01:52
Maryland,MD,Galesville,Galesville,city,2,0,2,1,38.8446,-76.5456,1.0,1864,86,false,,,,SWTDashboard,2026-07-20T19:41:07.883,2026-09-26T15:01:52
Maryland,MD,Grasonville,Grasonville,city,2,0,2,1,38.9456,-76.1997,1.0,1864,86,false,,,,SWTDashboard,2026-07-20T19:41:07.883,2026-09-26T15:01:52
Maryland,MD,Hagerstown,Hagerstown,city,2,0,2,1,39.632,-77.7372,1.0,1864,86,false,,,,SWTDashboard,2026-07-20T19:41:07.883,2026-09-26T15:01:52
Maryland,MD,Jessup,Jessup,city,2,0,2,1,39.1484,-76.7922,1.0,1864,86,false,,,,SWTDashboard,2026-07-20T19:41:07.883,2026-09-26T15:01:52
Maryland,MD,Perry Hall,Perry Hall,city,2,0,2,1,39.401,-76.451,1.0,1864,86,false,,,,SWTDashboard,2026-07-20T19:41:07.883,2026-09-26T15:01:52
Maryland,MD,Walkersville,Walkersville,city,2,0,2,1,39.4787,-77.3484,1.0,1864,86,false,,,,SWTDashboard,2026-07-20T19:41:07.883,2026-09-26T15:01:52
Maine,ME,Brunswick,Brunswick,city,2,0,2,1,43.8973,-69.9779,1.0,1864,86,false,,,,SWTDashboard,2026-07-20T19:41:07.883,2026-09-26T15:01:52
Maine,ME,Gorham,Gorham,city,2,0,2,1,43.6843,-70.468,1.0,1864,86,false,,,,SWTDashboard,2026-07-20T19:41:07.883,2026-09-26T15:01:52
Maine,ME,Greenville Junction,Greenville Junction,city,2,0,2,1,45.4796,-69.6939,1.0,1864,86,false,,,,SWTDashboard,2026-07-20T19:41:07.883,2026-09-26T15:01:52
Maine,ME,Princeton,Princeton,city,2,0,2,1,45.2131,-67.6008,1.0,1864,86,false,,,,SWTDashboard,2026-07-20T19:41:07.883,2026-09-26T15:01:52
Maine,ME,Readfield,Readfield,city,2,0,2,1,44.4032,-69.9506,1.0,1864,86,false,,,,SWTDashboard,2026-07-20T19:41:07.883,2026-09-26T15:01:52
Maine,ME,Sanford,Sanford,city,2,0,2,1,43.4285,-70.7585,1.0,1864,86,false,,,,SWTDashboard,2026-07-20T19:41:07.883,2026-09-26T15:01:52
Maine,ME,Sebago,Sebago,city,1,1,2,2,43.9017,-70.6878,0.5,1864,86,false,,,,SWTDashboard,2026-07-20T19:41:07.883,2026-09-26T15:01:52
Maine,ME,Waldoboro,Waldoboro,city,2,0,2,1,44.1046,-69.3745,1.0,1864,86,false,,,,SWTDashboard,2026-07-20T19:41:07.883,2026-09-26T15:01:52
Maine,ME,Winter Harbor,Winter Harbor,city,2,0,2,1,44.39,-68.0843,1.0,1864,86,false,,,,SWTDashboard,2026-07-20T19:41:07.883,2026-09-26T15:01:52
Michigan,MI,Almont,Almont,city,2,0,2,1,42.926,-83.0362,1.0,1864,82,false,,,,SWTDashboard,2026-07-20T19:41:07.883,2026-09-26T15:01:52
Michigan,MI,Augusta,Augusta,city,2,0,2,1,42.3563,-85.354,1.0,1864,82,false,,,,SWTDashboard,2026-07-20T19:41:07.883,2026-09-26T15:01:52
Michigan,MI,Dimondale,Dimondale,city,0,2,2,1,42.6501,-84.6486,0.0,1864,82,false,,,,SWTDashboard,2026-07-20T19:41:07.883,2026-09-26T15:01:52
Michigan,MI,Douglas,Douglas,city,2,0,2,1,42.6369,-86.2022,1.0,1864,82,false,,,,SWTDashboard,2026-07-20T19:41:07.883,2026-09-26T15:01:52
Michigan,MI,Grand Rapids,Grand Rapids,city,1,1,2,2,42.9659,-85.6527,0.5,1864,82,false,,,,SWTDashboard,2026-07-20T19:41:07.883,2026-09-26T15:01:52
Michigan,MI,Houghton Lake,Houghton Lake,city,2,0,2,1,44.3147,-84.7647,1.0,1864,82,false,,,,SWTDashboard,2026-07-20T19:41:07.883,2026-09-26T15:01:52
Michigan,MI,Howell,Howell,city,1,1,2,2,42.6871,-83.914,0.5,1864,82,false,,,,SWTDashboard,2026-07-20T19:41:07.883,2026-09-26T15:01:52
Michigan,MI,Marenisco,Marenisco,city,2,0,2,1,46.3551,-89.6774,1.0,1864,82,false,,,,SWTDashboard,2026-07-20T19:41:07.883,2026-09-26T15:01:52
Michigan,MI,Mears,Mears,city,2,0,2,1,43.6825,-86.4533,1.0,1864,82,false,,,,SWTDashboard,2026-07-20T19:41:07.883,2026-09-26T15:01:52
Michigan,MI,Newberry,Newberry,city,1,1,2,2,46.3438,-85.515,0.5,1864,82,false,,,,SWTDashboard,2026-07-20T19:41:07.883,2026-09-26T15:01:52
Michigan,MI,Novi,Novi,city,2,0,2,2,42.48635,-83.49985,1.0,1864,82,false,,,,SWTDashboard,2026-07-20T19:41:07.883,2026-09-26T15:01:52
Michigan,MI,Rochester,Rochester,city,2,0,2,1,42.6626,-83.1837,1.0,1864,82,false,,,,SWTDashboard,2026-07-20T19:41:07.883,2026-09-26T15:01:52
Michigan,MI,Stevensville,Stevensville,city,0,2,2,1,42.022,-86.5119,0.0,1864,82,false,,,,SWTDashboard,2026-07-20T19:41:07.883,2026-09-26T15:01:52
Michigan,MI,Zeeland,Zeeland,city,1,1,2,2,42.8256,-86.0104,0.5,1864,82,false,,,,SWTDashboard,2026-07-20T19:41:07.883,2026-09-26T15:01:52
Minnesota,MN,Albert Lea,Albert Lea,city,2,0,2,1,43.6537,-93.3707,1.0,1864,56,false,,,,SWTDashboard,2026-07-20T19:41:07.883,2026-09-26T15:01:52
Minnesota,MN,Baxter,Baxter,city,2,0,2,1,46.3429,-94.2822,1.0,1864,56,false,,,,SWTDashboard,2026-07-20T19:41:07.883,2026-09-26T15:01:52
Minnesota,MN,Dilworth,Dilworth,city,2,0,2,1,46.8782,-96.7022,1.0,1864,56,false,,,,SWTDashboard,2026-07-20T19:41:07.883,2026-09-26T15:01:52
Minnesota,MN,Elko New Market,Elko New Market,city,2,0,2,1,44.5647,-93.3269,1.0,1864,56,false,,,,SWTDashboard,2026-07-20T19:41:07.883,2026-09-26T15:01:52
Minnesota,MN,Gilbert,Gilbert,city,2,0,2,1,47.4885,-92.4025,1.0,1864,56,false,,,,SWTDashboard,2026-07-20T19:41:07.883,2026-09-26T15:01:52
Minnesota,MN,Grove City,Grove City,city,2,0,2,1,45.1532,-94.6878,1.0,1864,56,false,,,,SWTDashboard,2026-07-20T19:41:07.883,2026-09-26T15:01:52
Minnesota,MN,Lakeville,Lakeville,city,2,0,2,1,44.6749,-93.2578,1.0,1864,56,false,,,,SWTDashboard,2026-07-20T19:41:07.883,2026-09-26T15:01:52
Minnesota,MN,Mountain Iron,Mountain Iron,city,2,0,2,1,47.5133,-92.6243,1.0,1864,56,false,,,,SWTDashboard,2026-07-20T19:41:07.883,2026-09-26T15:01:52
Minnesota,MN,Orr,Orr,city,2,0,2,1,48.1439,-92.8561,1.0,1864,56,false,,,,SWTDashboard,2026-07-20T19:41:07.883,2026-09-26T15:01:52
Minnesota,MN,Worthington,Worthington,city,2,0,2,1,43.6286,-95.6059,1.0,1864,56,false,,,,SWTDashboard,2026-07-20T19:41:07.883,2026-09-26T15:01:52
Missouri,MO,Ballwin,Ballwin,city,2,0,2,1,38.577,-90.5255,1.0,1864,27,false,,,,SWTDashboard,2026-07-20T19:41:07.883,2026-09-26T15:01:52
Missouri,MO,De Soto,De Soto,city,2,0,2,1,38.1204,-90.5546,1.0,1864,27,false,,,,SWTDashboard,2026-07-20T19:41:07.883,2026-09-26T15:01:52
Missouri,MO,Joplin,Joplin,city,2,0,2,1,37.0969,-94.5051,1.0,1864,27,false,,,,SWTDashboard,2026-07-20T19:41:07.883,2026-09-26T15:01:52
Missouri,MO,Nelson,Nelson,city,0,2,2,1,39.0104,-93.0311,0.0,1864,27,false,,,,SWTDashboard,2026-07-20T19:41:07.883,2026-09-26T15:01:52
Missouri,MO,O Fallon,O Fallon,city,2,0,2,1,38.8239,-90.7427,1.0,1864,27,false,,,,SWTDashboard,2026-07-20T19:41:07.883,2026-09-26T15:01:52
Missouri,MO,Union,Union,city,2,0,2,1,38.4456,-91.0206,1.0,1864,27,false,,,,SWTDashboard,2026-07-20T19:41:07.883,2026-09-26T15:01:52
Missouri,MO,Wright City,Wright City,city,2,0,2,1,38.8097,-91.0329,1.0,1864,27,false,,,,SWTDashboard,2026-07-20T19:41:07.883,2026-09-26T15:01:52
Montana,MT,Alberton,Alberton,city,2,0,2,1,46.9806,-114.4921,1.0,1864,37,false,,,,SWTDashboard,2026-07-20T19:41:07.883,2026-09-26T15:01:52
Montana,MT,Bonner,Bonner,city,2,0,2,1,46.8733,-113.8645,1.0,1864,37,false,,,,SWTDashboard,2026-07-20T19:41:07.883,2026-09-26T15:01:52
Montana,MT,Clyde Park,Clyde Park,city,0,2,2,1,45.8341,-110.6222,0.0,1864,37,false,,,,SWTDashboard,2026-07-20T19:41:07.883,2026-09-26T15:01:52
Montana,MT,Forsyth,Forsyth,city,2,0,2,1,46.2819,-106.6991,1.0,1864,37,false,,,,SWTDashboard,2026-07-20T19:41:07.883,2026-09-26T15:01:52
Montana,MT,Glasgow,Glasgow,city,2,0,2,1,48.2034,-106.6094,1.0,1864,37,false,,,,SWTDashboard,2026-07-20T19:41:07.883,2026-09-26T15:01:52
Montana,MT,Reed Point,Reed Point,city,2,0,2,1,45.7439,-109.5224,1.0,1864,37,false,,,,SWTDashboard,2026-07-20T19:41:07.883,2026-09-26T15:01:52
Montana,MT,Townsend,Townsend,city,2,0,2,1,46.3346,-111.4919,1.0,1864,37,false,,,,SWTDashboard,2026-07-20T19:41:07.883,2026-09-26T15:01:52
North Carolina,NC,Balsam,Balsam,city,2,0,2,1,35.4268,-83.0851,1.0,1864,53,false,,,,SWTDashboard,2026-07-20T19:41:07.883,2026-09-26T15:01:52
North Carolina,NC,Garner,Garner,city,2,0,2,1,35.6813,-78.5975,1.0,1864,53,false,,,,SWTDashboard,2026-07-20T19:41:07.883,2026-09-26T15:01:52
North Carolina,NC,Grandy,Grandy,city,2,0,2,1,36.2339,-75.8768,1.0,1864,53,false,,,,SWTDashboard,2026-07-20T19:41:07.883,2026-09-26T15:01:52
North Carolina,NC,Hickory,Hickory,city,2,0,2,1,35.6884,-81.3612,1.0,1864,53,false,,,,SWTDashboard,2026-07-20T19:41:07.883,2026-09-26T15:01:52
North Carolina,NC,Oriental,Oriental,city,2,0,2,1,35.0364,-76.7015,1.0,1864,53,false,,,,SWTDashboard,2026-07-20T19:41:07.883,2026-09-26T15:01:52
North Carolina,NC,Smithfield,Smithfield,city,2,0,2,1,35.5068,-78.3479,1.0,1864,53,false,,,,SWTDashboard,2026-07-20T19:41:07.883,2026-09-26T15:01:52
North Carolina,NC,Swansboro,Swansboro,city,2,0,2,1,34.6991,-77.135,1.0,1864,53,false,,,,SWTDashboard,2026-07-20T19:41:07.883,2026-09-26T15:01:52
North Carolina,NC,West Jefferson,West Jefferson,city,2,0,2,1,36.3776,-81.4872,1.0,1864,53,false,,,,SWTDashboard,2026-07-20T19:41:07.883,2026-09-26T15:01:52
North Dakota,ND,Bowman,Bowman,city,2,0,2,1,46.1733,-103.402,1.0,1864,11,false,,,,SWTDashboard,2026-07-20T19:41:07.883,2026-09-26T15:01:52
North Dakota,ND,Valley City,Valley City,city,2,0,2,1,46.9268,-98.0033,1.0,1864,11,false,,,,SWTDashboard,2026-07-20T19:41:07.883,2026-09-26T15:01:52
North Dakota,ND,Williston,Williston,city,2,0,2,1,48.2257,-103.649,1.0,1864,11,false,,,,SWTDashboard,2026-07-20T19:41:07.883,2026-09-26T15:01:52
Nebraska,NE,Arlington,Arlington,city,2,0,2,1,41.4417,-96.307,1.0,1864,9,false,,,,SWTDashboard,2026-07-20T19:41:07.883,2026-09-26T15:01:52
Nebraska,NE,Kearney,Kearney,city,2,0,2,1,40.7136,-99.0779,1.0,1864,9,false,,,,SWTDashboard,2026-07-20T19:41:07.883,2026-09-26T15:01:52
Nebraska,NE,Lincoln,Lincoln,city,2,0,2,1,40.7893,-96.6938,1.0,1864,9,false,,,,SWTDashboard,2026-07-20T19:41:07.883,2026-09-26T15:01:52
Nebraska,NE,Norfolk,Norfolk,city,2,0,2,1,42.0329,-97.4229,1.0,1864,9,false,,,,SWTDashboard,2026-07-20T19:41:07.883,2026-09-26T15:01:52
New Hampshire,NH,Gilmanton Iron Works,Gilmanton Iron Works,city,2,0,2,1,43.4466,-71.2995,1.0,1864,68,false,,,,SWTDashboard,2026-07-20T19:41:07.883,2026-09-26T15:01:52
New Hampshire,NH,Jackson,Jackson,city,2,0,2,1,44.167,-71.1878,1.0,1864,68,false,,,,SWTDashboard,2026-07-20T19:41:07.883,2026-09-26T15:01:52
New Hampshire,NH,Lancaster,Lancaster,city,2,0,2,1,44.4921,-71.5591,1.0,1864,68,false,,,,SWTDashboard,2026-07-20T19:41:07.883,2026-09-26T15:01:52
New Hampshire,NH,Manchester,Manchester,city,2,0,2,1,42.9929,-71.4633,1.0,1864,68,false,,,,SWTDashboard,2026-07-20T19:41:07.883,2026-09-26T15:01:52
New Hampshire,NH,Pelham,Pelham,city,2,0,2,1,42.7288,-71.3046,1.0,1864,68,false,,,,SWTDashboard,2026-07-20T19:41:07.883,2026-09-26T15:01:52
New Hampshire,NH,Twin Mountain,Twin Mountain,city,0,2,2,1,44.2689,-71.5471,0.0,1864,68,false,,,,SWTDashboard,2026-07-20T19:41:07.883,2026-09-26T15:01:52
New Jersey,NJ,Absecon,Absecon,city,2,0,2,1,39.4218,-74.4949,1.0,1864,77,false,,,,SWTDashboard,2026-07-20T19:41:07.883,2026-09-26T15:01:52
New Jersey,NJ,Barnegat Light,Barnegat Light,city,2,0,2,1,39.7512,-74.1146,1.0,1864,77,false,,,,SWTDashboard,2026-07-20T19:41:07.883,2026-09-26T15:01:52
New Jersey,NJ,Bayonne,Bayonne,city,2,0,2,1,40.6664,-74.1192,1.0,1864,77,false,,,,SWTDashboard,2026-07-20T19:41:07.883,2026-09-26T15:01:52
New Jersey,NJ,Bordentown,Bordentown,city,2,0,2,1,40.1431,-74.7032,1.0,1864,77,false,,,,SWTDashboard,2026-07-20T19:41:07.883,2026-09-26T15:01:52
New Jersey,NJ,Bridgewater,Bridgewater,city,2,0,2,1,40.5904,-74.6267,1.0,1864,77,false,,,,SWTDashboard,2026-07-20T19:41:07.883,2026-09-26T15:01:52
New Jersey,NJ,Eatontown,Eatontown,city,2,0,2,1,40.3028,-74.0698,1.0,1864,77,false,,,,SWTDashboard,2026-07-20T19:41:07.883,2026-09-26T15:01:52
New Jersey,NJ,Fairview,Fairview,city,2,0,2,1,40.817,-74.0,1.0,1864,77,false,,,,SWTDashboard,2026-07-20T19:41:07.883,2026-09-26T15:01:52
New Jersey,NJ,Mantua,Mantua,city,2,0,2,1,39.787,-75.1785,1.0,1864,77,false,,,,SWTDashboard,2026-07-20T19:41:07.883,2026-09-26T15:01:52
New Jersey,NJ,Mays Landing,Mays Landing,city,2,0,2,1,39.432,-74.6962,1.0,1864,77,false,,,,SWTDashboard,2026-07-20T19:41:07.883,2026-09-26T15:01:52
New Jersey,NJ,Millstone Township,Millstone Township,other,2,0,2,1,40.147,-74.609,1.0,1864,77,false,,,,SWTDashboard,2026-07-20T19:41:07.883,2026-09-26T15:01:52
New Jersey,NJ,Monroe Township,Monroe Township,other,2,0,2,1,40.3192,-74.4285,1.0,1864,77,false,,,,SWTDashboard,2026-07-20T19:41:07.883,2026-09-26T15:01:52
New Jersey,NJ,Mount Arlington,Mount Arlington,city,2,0,2,1,40.9283,-74.6363,1.0,1864,77,false,,,,SWTDashboard,2026-07-20T19:41:07.883,2026-09-26T15:01:52
New Jersey,NJ,North Bergen,North Bergen,city,0,2,2,1,40.7939,-74.0258,0.0,1864,77,false,,,,SWTDashboard,2026-07-20T19:41:07.883,2026-09-26T15:01:52
New Jersey,NJ,Old Bridge,Old Bridge,city,2,0,2,1,40.398,-74.3236,1.0,1864,77,false,,,,SWTDashboard,2026-07-20T19:41:07.883,2026-09-26T15:01:52
New Jersey,NJ,Piscataway,Piscataway,city,2,0,2,1,40.5515,-74.459,1.0,1864,77,false,,,,SWTDashboard,2026-07-20T19:41:07.883,2026-09-26T15:01:52
New Jersey,NJ,Pompton Plains,Pompton Plains,city,2,0,2,1,40.9655,-74.3016,1.0,1864,77,false,,,,SWTDashboard,2026-07-20T19:41:07.883,2026-09-26T15:01:52
New Jersey,NJ,Saddle River,Saddle River,city,2,0,2,1,41.0443,-74.0981,1.0,1864,77,false,,,,SWTDashboard,2026-07-20T19:41:07.883,2026-09-26T15:01:52
New Jersey,NJ,Somerdale,Somerdale,city,2,0,2,1,39.84,-75.0309,1.0,1864,77,false,,,,SWTDashboard,2026-07-20T19:41:07.883,2026-09-26T15:01:52
New Jersey,NJ,Titusville,Titusville,city,2,0,2,1,40.3077,-74.8655,1.0,1864,77,false,,,,SWTDashboard,2026-07-20T19:41:07.883,2026-09-26T15:01:52
New Jersey,NJ,Toms River,Toms River,city,2,0,2,1,39.9771,-74.1565,1.0,1864,77,false,,,,SWTDashboard,2026-07-20T19:41:07.883,2026-09-26T15:01:52
New Jersey,NJ,Warren,Warren,city,2,0,2,1,40.6318,-74.5105,1.0,1864,77,false,,,,SWTDashboard,2026-07-20T19:41:07.883,2026-09-26T15:01:52
New Mexico,NM,Alto,Alto,city,2,0,2,1,33.4314,-105.6776,1.0,1864,11,false,,,,SWTDashboard,2026-07-20T19:41:07.883,2026-09-26T15:01:52
New Mexico,NM,Clovis,Clovis,city,2,0,2,1,34.4126,-103.2214,1.0,1864,11,false,,,,SWTDashboard,2026-07-20T19:41:07.883,2026-09-26T15:01:52
New Mexico,NM,Gallup,Gallup,city,2,0,2,1,35.5065,-108.7414,1.0,1864,11,false,,,,SWTDashboard,2026-07-20T19:41:07.883,2026-09-26T15:01:52
New Mexico,NM,Rio Rancho,Rio Rancho,city,2,0,2,1,35.2493,-106.6818,1.0,1864,11,false,,,,SWTDashboard,2026-07-20T19:41:07.883,2026-09-26T15:01:52
Nevada,NV,Dayton,Dayton,city,2,0,2,1,39.2806,-119.5287,1.0,1864,14,false,,,,SWTDashboard,2026-07-20T19:41:07.883,2026-09-26T15:01:52
New York,NY,Astoria,Astoria,city,2,0,2,1,40.7763,-73.911,1.0,1864,175,false,,,,SWTDashboard,2026-07-20T19:41:07.883,2026-09-26T15:01:52
New York,NY,Batavia,Batavia,city,2,0,2,1,43.0003,-78.1929,1.0,1864,175,false,,,,SWTDashboard,2026-07-20T19:41:07.883,2026-09-26T15:01:52
New York,NY,Centereach,Centereach,city,2,0,2,1,40.8705,-73.0822,1.0,1864,175,false,,,,SWTDashboard,2026-07-20T19:41:07.883,2026-09-26T15:01:52
New York,NY,Far Rockaway,Far Rockaway,city,2,0,2,1,40.6006,-73.758,1.0,1864,175,false,,,,SWTDashboard,2026-07-20T19:41:07.883,2026-09-26T15:01:52
New York,NY,Henrietta,Henrietta,city,2,0,2,1,43.0483,-77.6122,1.0,1864,175,false,,,,SWTDashboard,2026-07-20T19:41:07.883,2026-09-26T15:01:52
New York,NY,Holland,Holland,city,2,0,2,1,42.6396,-78.5439,1.0,1864,175,false,,,,SWTDashboard,2026-07-20T19:41:07.883,2026-09-26T15:01:52
New York,NY,Keeseville,Keeseville,city,2,0,2,1,44.4999,-73.4745,1.0,1864,175,false,,,,SWTDashboard,2026-07-20T19:41:07.883,2026-09-26T15:01:52
New York,NY,Lake Luzerne,Lake Luzerne,city,2,0,2,1,43.3165,-73.8228,1.0,1864,175,false,,,,SWTDashboard,2026-07-20T19:41:07.883,2026-09-26T15:01:52
New York,NY,Latham,Latham,city,2,0,2,1,42.7462,-73.763,1.0,1864,175,false,,,,SWTDashboard,2026-07-20T19:41:07.883,2026-09-26T15:01:52
New York,NY,Liverpool,Liverpool,city,2,0,2,1,43.1528,-76.2235,1.0,1864,175,false,,,,SWTDashboard,2026-07-20T19:41:07.883,2026-09-26T15:01:52
New York,NY,Mahopac,Mahopac,city,2,0,2,1,41.3717,-73.7508,1.0,1864,175,false,,,,SWTDashboard,2026-07-20T19:41:07.883,2026-09-26T15:01:52
New York,NY,Massapequa,Massapequa,city,2,0,2,1,40.6682,-73.4588,1.0,1864,175,false,,,,SWTDashboard,2026-07-20T19:41:07.883,2026-09-26T15:01:52
New York,NY,Mattituck,Mattituck,city,2,0,2,1,40.9943,-72.5363,1.0,1864,175,false,,,,SWTDashboard,2026-07-20T19:41:07.883,2026-09-26T15:01:52
New York,NY,Quogue,Quogue,city,2,0,2,1,40.8226,-72.6012,1.0,1864,175,false,,,,SWTDashboard,2026-07-20T19:41:07.883,2026-09-26T15:01:52
New York,NY,Sunnyside,Sunnyside,city,2,0,2,1,40.7436,-73.9216,1.0,1864,175,false,,,,SWTDashboard,2026-07-20T19:41:07.883,2026-09-26T15:01:52
New York,NY,Utica,Utica,city,2,0,2,1,43.1067,-75.2314,1.0,1864,175,false,,,,SWTDashboard,2026-07-20T19:41:07.883,2026-09-26T15:01:52
New York,NY,White Plains,White Plains,city,2,0,2,2,41.02355,-73.7602,1.0,1864,175,false,,,,SWTDashboard,2026-07-20T19:41:07.883,2026-09-26T15:01:52
New York,NY,Woodgate,Woodgate,city,2,0,2,1,43.5249,-75.1428,1.0,1864,175,false,,,,SWTDashboard,2026-07-20T19:41:07.883,2026-09-26T15:01:52
New York,NY,Yaphank,Yaphank,city,2,0,2,1,40.837,-72.9174,1.0,1864,175,false,,,,SWTDashboard,2026-07-20T19:41:07.883,2026-09-26T15:01:52
Ohio,OH,Bellefontaine,Bellefontaine,city,2,0,2,1,40.3605,-83.7571,1.0,1864,48,false,,,,SWTDashboard,2026-07-20T19:41:07.883,2026-09-26T15:01:52
Ohio,OH,Covington,Covington,city,2,0,2,1,40.1176,-84.3496,1.0,1864,48,false,,,,SWTDashboard,2026-07-20T19:41:07.883,2026-09-26T15:01:52
Ohio,OH,Lucasville,Lucasville,city,2,0,2,1,38.8938,-82.994,1.0,1864,48,false,,,,SWTDashboard,2026-07-20T19:41:07.883,2026-09-26T15:01:52
Ohio,OH,Tipp City,Tipp City,city,2,0,2,1,39.942,-84.1663,1.0,1864,48,false,,,,SWTDashboard,2026-07-20T19:41:07.883,2026-09-26T15:01:52
Oregon,OR,Canby,Canby,city,2,0,2,1,45.2514,-122.6832,1.0,1864,30,false,,,,SWTDashboard,2026-07-20T19:41:07.883,2026-09-26T15:01:52
Oregon,OR,Coos Bay,Coos Bay,city,2,0,2,1,43.2151,-124.1984,1.0,1864,30,false,,,,SWTDashboard,2026-07-20T19:41:07.883,2026-09-26T15:01:52
Oregon,OR,Grants Pass,Grants Pass,city,2,0,2,1,42.4638,-123.3457,1.0,1864,30,false,,,,SWTDashboard,2026-07-20T19:41:07.883,2026-09-26T15:01:52
Oregon,OR,Madras,Madras,city,2,0,2,1,44.6376,-121.1349,1.0,1864,30,false,,,,SWTDashboard,2026-07-20T19:41:07.883,2026-09-26T15:01:52
Oregon,OR,Mcminnville,Mcminnville,city,2,0,2,1,45.2097,-123.2043,1.0,1864,30,false,,,,SWTDashboard,2026-07-20T19:41:07.883,2026-09-26T15:01:52
Oregon,OR,Molalla,Molalla,city,2,0,2,1,45.1223,-122.5756,1.0,1864,30,false,,,,SWTDashboard,2026-07-20T19:41:07.883,2026-09-26T15:01:52
Oregon,OR,Prospect,Prospect,city,2,0,2,1,42.7544,-122.509,1.0,1864,30,false,,,,SWTDashboard,2026-07-20T19:41:07.883,2026-09-26T15:01:52
Oregon,OR,Rainier,Rainier,city,2,0,2,1,46.0646,-122.9671,1.0,1864,30,false,,,,SWTDashboard,2026-07-20T19:41:07.883,2026-09-26T15:01:52
Oregon,OR,Saint Helens,Saint Helens,city,2,0,2,1,45.8608,-122.8282,1.0,1864,30,false,,,,SWTDashboard,2026-07-20T19:41:07.883,2026-09-26T15:01:52
Oregon,OR,Woodburn,Woodburn,city,2,0,2,1,45.1446,-122.8583,1.0,1864,30,false,,,,SWTDashboard,2026-07-20T19:41:07.883,2026-09-26T15:01:52
Pennsylvania,PA,Breinigsville,Breinigsville,city,2,0,2,1,40.5526,-75.6553,1.0,1864,80,false,,,,SWTDashboard,2026-07-20T19:41:07.883,2026-09-26T15:01:52
Pennsylvania,PA,Chalfont,Chalfont,city,2,0,2,1,40.2892,-75.2149,1.0,1864,80,false,,,,SWTDashboard,2026-07-20T19:41:07.883,2026-09-26T15:01:52
Pennsylvania,PA,Croydon,Croydon,city,2,0,2,1,40.0933,-74.8991,1.0,1864,80,false,,,,SWTDashboard,2026-07-20T19:41:07.883,2026-09-26T15:01:52
Pennsylvania,PA,Gilbertsville,Gilbertsville,city,2,0,2,1,40.3059,-75.5953,1.0,1864,80,false,,,,SWTDashboard,2026-07-20T19:41:07.883,2026-09-26T15:01:52
Pennsylvania,PA,Havertown,Havertown,city,2,0,2,1,39.9774,-75.3106,1.0,1864,80,false,,,,SWTDashboard,2026-07-20T19:41:07.883,2026-09-26T15:01:52
Pennsylvania,PA,Macungie,Macungie,city,2,0,2,1,40.5285,-75.5666,1.0,1864,80,false,,,,SWTDashboard,2026-07-20T19:41:07.883,2026-09-26T15:01:52
Pennsylvania,PA,Marcus Hook,Marcus Hook,city,2,0,2,1,39.8295,-75.4354,1.0,1864,80,false,,,,SWTDashboard,2026-07-20T19:41:07.883,2026-09-26T15:01:52
Pennsylvania,PA,Morrisville,Morrisville,city,2,0,2,1,40.2084,-74.8291,1.0,1864,80,false,,,,SWTDashboard,2026-07-20T19:41:07.883,2026-09-26T15:01:52
Pennsylvania,PA,Mount Union,Mount Union,city,1,1,2,2,40.3901,-77.8637,0.5,1864,80,false,,,,SWTDashboard,2026-07-20T19:41:07.883,2026-09-26T15:01:52
Pennsylvania,PA,Narberth,Narberth,city,2,0,2,1,40.0177,-75.2594,1.0,1864,80,false,,,,SWTDashboard,2026-07-20T19:41:07.883,2026-09-26T15:01:52
Pennsylvania,PA,North Springfield,North Springfield,city,2,0,2,1,41.9999,-80.4258,1.0,1864,80,false,,,,SWTDashboard,2026-07-20T19:41:07.883,2026-09-26T15:01:52
Pennsylvania,PA,Orefield,Orefield,city,2,0,2,1,40.6248,-75.5974,1.0,1864,80,false,,,,SWTDashboard,2026-07-20T19:41:07.883,2026-09-26T15:01:52
Pennsylvania,PA,Pottstown,Pottstown,city,2,0,2,1,40.1919,-75.6653,1.0,1864,80,false,,,,SWTDashboard,2026-07-20T19:41:07.883,2026-09-26T15:01:52
Pennsylvania,PA,Reading,Reading,city,2,0,2,2,40.33005,-75.9096,1.0,1864,80,false,,,,SWTDashboard,2026-07-20T19:41:07.883,2026-09-26T15:01:52
Pennsylvania,PA,Schuylkill Haven,Schuylkill Haven,city,2,0,2,1,40.6306,-76.17,1.0,1864,80,false,,,,SWTDashboard,2026-07-20T19:41:07.883,2026-09-26T15:01:52
Pennsylvania,PA,Southampton,Southampton,city,2,0,2,1,40.1868,-75.0071,1.0,1864,80,false,,,,SWTDashboard,2026-07-20T19:41:07.883,2026-09-26T15:01:52
Pennsylvania,PA,Washington Crossing,Washington Crossing,city,2,0,2,1,40.2849,-74.8778,1.0,1864,80,false,,,,SWTDashboard,2026-07-20T19:41:07.883,2026-09-26T15:01:52
Pennsylvania,PA,York,York,city,2,0,2,1,39.9494,-76.713,1.0,1864,80,false,,,,SWTDashboard,2026-07-20T19:41:07.883,2026-09-26T15:01:52
Rhode Island,RI,Bristol,Bristol,city,2,0,2,1,41.6825,-71.2676,1.0,1864,12,false,,,,SWTDashboard,2026-07-20T19:41:07.883,2026-09-26T15:01:52
Rhode Island,RI,East Greenwich,East Greenwich,city,2,0,2,1,41.6498,-71.474,1.0,1864,12,false,,,,SWTDashboard,2026-07-20T19:41:07.883,2026-09-26T15:01:52
South Dakota,SD,Sturgis,Sturgis,city,2,0,2,1,44.3692,-103.3617,1.0,1864,17,false,,,,SWTDashboard,2026-07-20T19:41:07.883,2026-09-26T15:01:52
Tennessee,TN,Rockwood,Rockwood,city,2,0,2,1,35.8587,-84.6842,1.0,1864,14,false,,,,SWTDashboard,2026-07-20T19:41:07.883,2026-09-26T15:01:52
Texas,TX,Abilene,Abilene,city,2,0,2,1,32.4679,-99.7619,1.0,1864,62,false,,,,SWTDashboard,2026-07-20T19:41:07.883,2026-09-26T15:01:52
Texas,TX,Amarillo,Amarillo,city,2,0,2,1,35.1663,-101.8868,1.0,1864,62,false,,,,SWTDashboard,2026-07-20T19:41:07.883,2026-09-26T15:01:52
Texas,TX,Boerne,Boerne,city,2,0,2,1,29.8931,-98.6857,1.0,1864,62,false,,,,SWTDashboard,2026-07-20T19:41:07.883,2026-09-26T15:01:52
Texas,TX,Dickinson,Dickinson,city,2,0,2,1,29.4585,-95.0345,1.0,1864,62,false,,,,SWTDashboard,2026-07-20T19:41:07.883,2026-09-26T15:01:52
Texas,TX,Kingsville,Kingsville,city,2,0,2,1,27.4229,-97.8407,1.0,1864,62,false,,,,SWTDashboard,2026-07-20T19:41:07.883,2026-09-26T15:01:52
Texas,TX,Lake Jackson,Lake Jackson,city,2,0,2,1,29.0393,-95.4401,1.0,1864,62,false,,,,SWTDashboard,2026-07-20T19:41:07.883,2026-09-26T15:01:52
Texas,TX,League City,League City,city,2,0,2,1,29.5173,-95.0963,1.0,1864,62,false,,,,SWTDashboard,2026-07-20T19:41:07.883,2026-09-26T15:01:52
Texas,TX,Leander,Leander,city,2,0,2,1,30.5835,-97.8575,1.0,1864,62,false,,,,SWTDashboard,2026-07-20T19:41:07.883,2026-09-26T15:01:52
Texas,TX,Livingston,Livingston,city,2,0,2,1,30.6829,-94.8976,1.0,1864,62,false,,,,SWTDashboard,2026-07-20T19:41:07.883,2026-09-26T15:01:52
Texas,TX,Lufkin,Lufkin,city,2,0,2,1,31.27,-94.6469,1.0,1864,62,false,,,,SWTDashboard,2026-07-20T19:41:07.883,2026-09-26T15:01:52
Texas,TX,Luling,Luling,city,2,0,2,1,29.6826,-97.6499,1.0,1864,62,false,,,,SWTDashboard,2026-07-20T19:41:07.883,2026-09-26T15:01:52
Texas,TX,Mesquite,Mesquite,city,2,0,2,1,32.8154,-96.6307,1.0,1864,62,false,,,,SWTDashboard,2026-07-20T19:41:07.883,2026-09-26T15:01:52
Texas,TX,Palestine,Palestine,city,2,0,2,1,31.7571,-95.6545,1.0,1864,62,false,,,,SWTDashboard,2026-07-20T19:41:07.883,2026-09-26T15:01:52
Texas,TX,Pecos,Pecos,city,2,0,2,1,31.4467,-103.5791,1.0,1864,62,false,,,,SWTDashboard,2026-07-20T19:41:07.883,2026-09-26T15:01:52
Texas,TX,Plano,Plano,city,2,0,2,2,33.02635,-96.7087,1.0,1864,62,false,,,,SWTDashboard,2026-07-20T19:41:07.883,2026-09-26T15:01:52
Texas,TX,San Angelo,San Angelo,city,2,0,2,1,31.4782,-100.4818,1.0,1864,62,false,,,,SWTDashboard,2026-07-20T19:41:07.883,2026-09-26T15:01:52
Texas,TX,Temple,Temple,city,2,0,2,1,31.071,-97.3898,1.0,1864,62,false,,,,SWTDashboard,2026-07-20T19:41:07.883,2026-09-26T15:01:52
Texas,TX,Utopia,Utopia,city,2,0,2,1,29.5972,-99.5585,1.0,1864,62,false,,,,SWTDashboard,2026-07-20T19:41:07.883,2026-09-26T15:01:52
Texas,TX,Wichita Falls,Wichita Falls,city,2,0,2,1,33.8643,-98.494,1.0,1864,62,false,,,,SWTDashboard,2026-07-20T19:41:07.883,2026-09-26T15:01:52
Utah,UT,Vernal,Vernal,city,2,0,2,1,40.4406,-109.5469,1.0,1864,29,false,,,,SWTDashboard,2026-07-20T19:41:07.883,2026-09-26T15:01:52
Utah,UT,Virgin,Virgin,city,2,0,2,1,37.2022,-113.1854,1.0,1864,29,false,,,,SWTDashboard,2026-07-20T19:41:07.883,2026-09-26T15:01:52
Virginia,VA,Burke,Burke,city,2,0,2,1,38.7894,-77.2818,1.0,1864,73,false,,,,SWTDashboard,2026-07-20T19:41:07.883,2026-09-26T15:01:52
Virginia,VA,Middleburg,Middleburg,city,2,0,2,1,38.9687,-77.7355,1.0,1864,73,false,,,,SWTDashboard,2026-07-20T19:41:07.883,2026-09-26T15:01:52
Virginia,VA,New Kent,New Kent,city,2,0,2,1,37.553,-77.0742,1.0,1864,73,false,,,,SWTDashboard,2026-07-20T19:41:07.883,2026-09-26T15:01:52
Vermont,VT,Manchester,Manchester,city,2,0,2,1,43.1637,-73.0723,1.0,1864,42,false,,,,SWTDashboard,2026-07-20T19:41:07.883,2026-09-26T15:01:52
Vermont,VT,Norwich,Norwich,city,2,0,2,1,43.7404,-72.3016,1.0,1864,42,false,,,,SWTDashboard,2026-07-20T19:41:07.883,2026-09-26T15:01:52
Vermont,VT,South Hero,South Hero,city,2,0,2,1,44.64,-73.3113,1.0,1864,42,false,,,,SWTDashboard,2026-07-20T19:41:07.883,2026-09-26T15:01:52
Washington,WA,Aberdeen,Aberdeen,city,2,0,2,1,46.9843,-123.7963,1.0,1864,41,false,,,,SWTDashboard,2026-07-20T19:41:07.883,2026-09-26T15:01:52
Washington,WA,Blaine,Blaine,city,2,0,2,1,48.9636,-122.7323,1.0,1864,41,false,,,,SWTDashboard,2026-07-20T19:41:07.883,2026-09-26T15:01:52
Washington,WA,Cougar,Cougar,city,1,1,2,2,46.0515,-122.2995,0.5,1864,41,false,,,,SWTDashboard,2026-07-20T19:41:07.883,2026-09-26T15:01:52
Washington,WA,Ilwaco,Ilwaco,city,2,0,2,1,46.3142,-124.0282,1.0,1864,41,false,,,,SWTDashboard,2026-07-20T19:41:07.883,2026-09-26T15:01:52
Washington,WA,Lake Stevens,Lake Stevens,city,2,0,2,1,48.0171,-122.0672,1.0,1864,41,false,,,,SWTDashboard,2026-07-20T19:41:07.883,2026-09-26T15:01:52
Washington,WA,Long Beach,Long Beach,city,2,0,2,1,46.3774,-124.047,1.0,1864,41,false,,,,SWTDashboard,2026-07-20T19:41:07.883,2026-09-26T15:01:52
Washington,WA,Mount Vernon,Mount Vernon,city,2,0,2,1,48.4352,-122.2082,1.0,1864,41,false,,,,SWTDashboard,2026-07-20T19:41:07.883,2026-09-26T15:01:52
Washington,WA,Pullman,Pullman,city,2,0,2,1,46.7352,-117.1729,1.0,1864,41,false,,,,SWTDashboard,2026-07-20T19:41:07.883,2026-09-26T15:01:52
Wisconsin,WI,Eau Claire,Eau Claire,city,2,0,2,1,44.784,-91.4877,1.0,1864,72,false,,,,SWTDashboard,2026-07-20T19:41:07.883,2026-09-26T15:01:52
Wisconsin,WI,Glenbeulah,Glenbeulah,city,2,0,2,1,43.7666,-88.1049,1.0,1864,72,false,,,,SWTDashboard,2026-07-20T19:41:07.883,2026-09-26T15:01:52
Wisconsin,WI,Kenosha,Kenosha,city,2,0,2,1,42.556,-87.8705,1.0,1864,72,false,,,,SWTDashboard,2026-07-20T19:41:07.883,2026-09-26T15:01:52
Wisconsin,WI,Marinette,Marinette,city,2,0,2,1,45.0874,-87.6697,1.0,1864,72,false,,,,SWTDashboard,2026-07-20T19:41:07.883,2026-09-26T15:01:52
Wisconsin,WI,Mindoro,Mindoro,city,2,0,2,1,44.0287,-91.0642,1.0,1864,72,false,,,,SWTDashboard,2026-07-20T19:41:07.883,2026-09-26T15:01:52
Wisconsin,WI,New Berlin,New Berlin,city,2,0,2,1,42.9822,-88.0946,1.0,1864,72,false,,,,SWTDashboard,2026-07-20T19:41:07.883,2026-09-26T15:01:52
Wisconsin,WI,Sayner,Sayner,city,2,0,2,1,45.9867,-89.5194,1.0,1864,72,false,,,,SWTDashboard,2026-07-20T19:41:07.883,2026-09-26T15:01:52
Wisconsin,WI,Sheboygan,Sheboygan,city,2,0,2,1,43.741,-87.7247,1.0,1864,72,false,,,,SWTDashboard,2026-07-20T19:41:07.883,2026-09-26T15:01:52
Wisconsin,WI,Slinger,Slinger,city,0,2,2,1,43.3322,-88.2824,0.0,1864,72,false,,,,SWTDashboard,2026-07-20T19:41:07.883,2026-09-26T15:01:52
Wisconsin,WI,Stoughton,Stoughton,city,2,0,2,1,42.929,-89.224,1.0,1864,72,false,,,,SWTDashboard,2026-07-20T19:41:07.883,2026-09-26T15:01:52
Wyoming,WY,Cheyenne,Cheyenne,city,2,0,2,1,41.1437,-104.7962,1.0,1864,22,false,,,,SWTDashboard,2026-07-20T19:41:07.883,2026-09-26T15:01:52
Wyoming,WY,Green River,Green River,city,2,0,2,1,41.5196,-109.4714,1.0,1864,22,false,,,,SWTDashboard,2026-07-20T19:41:07.883,2026-09-26T15:01:52
Wyoming,WY,Laramie,Laramie,city,2,0,2,1,41.439,-105.801,1.0,1864,22,false,,,,SWTDashboard,2026-07-20T19:41:07.883,2026-09-26T15:01:52
Wyoming,WY,Newcastle,Newcastle,city,2,0,2,1,43.8511,-104.2262,1.0,1864,22,false,,,,SWTDashboard,2026-07-20T19:41:07.883,2026-09-26T15:01:52
Alabama,AL,Decatur,Decatur,city,1,0,1,1,34.5484,-87.0004,1.0,2163,12,false,,,,SWTDashboard,2026-07-20T19:41:07.883,2026-09-26T15:01:52
Arkansas,AR,Bentonville,Bentonville,city,1,0,1,1,36.3577,-94.2224,1.0,2163,12,false,,,,SWTDashboard,2026-07-20T19:41:07.883,2026-09-26T15:01:52
Arizona,AZ,Glendale,Glendale,city,1,0,1,1,33.6539,-112.1694,1.0,2163,11,false,,,,SWTDashboard,2026-07-20T19:41:07.883,2026-09-26T15:01:52
Arizona,AZ,Mormon Lake,Mormon Lake,city,1,0,1,1,34.9083,-111.463,1.0,2163,11,false,,,,SWTDashboard,2026-07-20T19:41:07.883,2026-09-26T15:01:52
California,CA,Blue Jay,Blue Jay,city,1,0,1,1,34.2112,-117.0796,1.0,2163,87,false,,,,SWTDashboard,2026-07-20T19:41:07.883,2026-09-26T15:01:52
California,CA,Calabasas,Calabasas,city,1,0,1,1,34.1419,-118.6641,1.0,2163,87,false,,,,SWTDashboard,2026-07-20T19:41:07.883,2026-09-26T15:01:52
California,CA,Cedar Glen,Cedar Glen,city,1,0,1,1,34.2545,-117.1533,1.0,2163,87,false,,,,SWTDashboard,2026-07-20T19:41:07.883,2026-09-26T15:01:52
California,CA,Corona,Corona,city,1,0,1,1,33.8797,-117.5354,1.0,2163,87,false,,,,SWTDashboard,2026-07-20T19:41:07.883,2026-09-26T15:01:52
California,CA,Corona Del Mar,Corona Del Mar,city,1,0,1,1,33.6021,-117.8743,1.0,2163,87,false,,,,SWTDashboard,2026-07-20T19:41:07.883,2026-09-26T15:01:52
California,CA,Crestline,Crestline,city,1,0,1,1,34.2433,-117.2811,1.0,2163,87,false,,,,SWTDashboard,2026-07-20T19:41:07.883,2026-09-26T15:01:52
California,CA,Elk Grove,Elk Grove,city,0,1,1,1,38.4243,-121.437,0.0,2163,87,false,,,,SWTDashboard,2026-07-20T19:41:07.883,2026-09-26T15:01:52
California,CA,Fremont,Fremont,city,1,0,1,1,37.5308,-121.9712,1.0,2163,87,false,,,,SWTDashboard,2026-07-20T19:41:07.883,2026-09-26T15:01:52
California,CA,Hopland,Hopland,city,1,0,1,1,38.938,-123.0703,1.0,2163,87,false,,,,SWTDashboard,2026-07-20T19:41:07.883,2026-09-26T15:01:52
California,CA,Huntington Beach,Huntington Beach,city,1,0,1,1,33.6773,-118.0051,1.0,2163,87,false,,,,SWTDashboard,2026-07-20T19:41:07.883,2026-09-26T15:01:52
California,CA,Indio,Indio,city,1,0,1,1,33.7207,-116.2168,1.0,2163,87,false,,,,SWTDashboard,2026-07-20T19:41:07.883,2026-09-26T15:01:52
California,CA,Kit Carson,Kit Carson,city,1,0,1,1,38.6707,-120.1135,1.0,2163,87,false,,,,SWTDashboard,2026-07-20T19:41:07.883,2026-09-26T15:01:52
California,CA,Mono Hot Springs,Mono Hot Springs,city,1,0,1,1,37.3266,-119.0176,1.0,2163,87,false,,,,SWTDashboard,2026-07-20T19:41:07.883,2026-09-26T15:01:52
California,CA,Occidental,Occidental,city,1,0,1,1,38.4087,-122.9954,1.0,2163,87,false,,,,SWTDashboard,2026-07-20T19:41:07.883,2026-09-26T15:01:52
California,CA,Palm Springs,Palm Springs,city,1,0,1,1,33.8018,-116.517,1.0,2163,87,false,,,,SWTDashboard,2026-07-20T19:41:07.883,2026-09-26T15:01:52
California,CA,Saint Helena,Saint Helena,city,1,0,1,1,38.5138,-122.4619,1.0,2163,87,false,,,,SWTDashboard,2026-07-20T19:41:07.883,2026-09-26T15:01:52
California,CA,San Mateo,San Mateo,city,1,0,1,1,37.5538,-122.27,1.0,2163,87,false,,,,SWTDashboard,2026-07-20T19:41:07.883,2026-09-26T15:01:52
California,CA,Solana Beach,Solana Beach,city,1,0,1,1,32.9937,-117.2598,1.0,2163,87,false,,,,SWTDashboard,2026-07-20T19:41:07.883,2026-09-26T15:01:52
California,CA,Sunnyvale,Sunnyvale,city,1,0,1,1,37.3886,-122.0177,1.0,2163,87,false,,,,SWTDashboard,2026-07-20T19:41:07.883,2026-09-26T15:01:52
California,CA,Tulare,Tulare,city,1,0,1,1,36.2022,-119.338,1.0,2163,87,false,,,,SWTDashboard,2026-07-20T19:41:07.883,2026-09-26T15:01:52
California,CA,Tustin,Tustin,city,1,0,1,1,33.7364,-117.8229,1.0,2163,87,false,,,,SWTDashboard,2026-07-20T19:41:07.883,2026-09-26T15:01:52
California,CA,Twin Bridges,Twin Bridges,city,1,0,1,1,38.8092,-120.1242,1.0,2163,87,false,,,,SWTDashboard,2026-07-20T19:41:07.883,2026-09-26T15:01:52
California,CA,Valyermo,Valyermo,city,1,0,1,1,34.3966,-117.7604,1.0,2163,87,false,,,,SWTDashboard,2026-07-20T19:41:07.883,2026-09-26T15:01:52
California,CA,Visalia,Visalia,city,1,0,1,1,36.3551,-119.301,1.0,2163,87,false,,,,SWTDashboard,2026-07-20T19:41:07.883,2026-09-26T15:01:52
Colorado,CO,Grant,Grant,city,1,0,1,1,39.4612,-105.6583,1.0,2163,62,false,,,,SWTDashboard,2026-07-20T19:41:07.883,2026-09-26T15:01:52
Colorado,CO,Tabernash,Tabernash,city,1,0,1,1,39.9797,-105.8615,1.0,2163,62,false,,,,SWTDashboard,2026-07-20T19:41:07.883,2026-09-26T15:01:52
Colorado,CO,Windsor,Windsor,city,1,0,1,1,40.4837,-104.8994,1.0,2163,62,false,,,,SWTDashboard,2026-07-20T19:41:07.883,2026-09-26T15:01:52
Connecticut,CT,Barkhamsted,Barkhamsted,city,1,0,1,1,41.9293,-72.914,1.0,2163,34,false,,,,SWTDashboard,2026-07-20T19:41:07.883,2026-09-26T15:01:52
Connecticut,CT,Guilford,Guilford,city,1,0,1,1,41.3154,-72.6968,1.0,2163,34,false,,,,SWTDashboard,2026-07-20T19:41:07.883,2026-09-26T15:01:52
Connecticut,CT,New London,New London,city,1,0,1,1,41.3507,-72.1062,1.0,2163,34,false,,,,SWTDashboard,2026-07-20T19:41:07.883,2026-09-26T15:01:52
Connecticut,CT,Southbury,Southbury,city,1,0,1,1,41.4767,-73.2241,1.0,2163,34,false,,,,SWTDashboard,2026-07-20T19:41:07.883,2026-09-26T15:01:52
Delaware,DE,Dover,Dover,city,1,0,1,1,39.1605,-75.5974,1.0,2163,17,false,,,,SWTDashboard,2026-07-20T19:41:07.883,2026-09-26T15:01:52
Delaware,DE,New Castle,New Castle,city,1,0,1,1,39.5929,-75.6515,1.0,2163,17,false,,,,SWTDashboard,2026-07-20T19:41:07.883,2026-09-26T15:01:52
Florida,FL,Freeport,Freeport,city,1,0,1,1,30.4896,-86.1684,1.0,2163,40,false,,,,SWTDashboard,2026-07-20T19:41:07.883,2026-09-26T15:01:52
Florida,FL,Mary Esther,Mary Esther,city,1,0,1,1,30.4085,-86.7352,1.0,2163,40,false,,,,SWTDashboard,2026-07-20T19:41:07.883,2026-09-26T15:01:52
Florida,FL,Ponte Vedra Beach,Ponte Vedra Beach,city,1,0,1,1,30.1223,-81.3627,1.0,2163,40,false,,,,SWTDashboard,2026-07-20T19:41:07.883,2026-09-26T15:01:52
Florida,FL,Saint Johns,Saint Johns,city,1,0,1,1,30.0815,-81.5477,1.0,2163,40,false,,,,SWTDashboard,2026-07-20T19:41:07.883,2026-09-26T15:01:52
Georgia,GA,Avondale Estates,Avondale Estates,city,1,0,1,1,33.7717,-84.2607,1.0,2163,18,false,,,,SWTDashboard,2026-07-20T19:41:07.883,2026-09-26T15:01:52
Georgia,GA,Cartersville,Cartersville,city,1,0,1,1,34.2079,-84.7673,1.0,2163,18,false,,,,SWTDashboard,2026-07-20T19:41:07.883,2026-09-26T15:01:52
Georgia,GA,Gainesville,Gainesville,city,1,0,1,1,34.3562,-83.8882,1.0,2163,18,false,,,,SWTDashboard,2026-07-20T19:41:07.883,2026-09-26T15:01:52
Hawaii,HI,Paia,Paia,city,1,0,1,1,20.9154,-156.3802,1.0,2163,14,false,,,,SWTDashboard,2026-07-20T19:41:07.883,2026-09-26T15:01:52
Iowa,IA,Carroll,Carroll,city,1,0,1,1,42.072,-94.8667,1.0,2163,26,false,,,,SWTDashboard,2026-07-20T19:41:07.883,2026-09-26T15:01:52
Iowa,IA,Solon,Solon,city,1,0,1,1,41.8099,-91.5086,1.0,2163,26,false,,,,SWTDashboard,2026-07-20T19:41:07.883,2026-09-26T15:01:52
Idaho,ID,Banks,Banks,city,1,0,1,1,44.0804,-116.124,1.0,2163,28,false,,,,SWTDashboard,2026-07-20T19:41:07.883,2026-09-26T15:01:52
Idaho,ID,Horseshoe Bend,Horseshoe Bend,city,0,1,1,1,43.9229,-116.1809,0.0,2163,28,false,,,,SWTDashboard,2026-07-20T19:41:07.883,2026-09-26T15:01:52
Idaho,ID,Nordman,Nordman,city,1,0,1,1,48.6339,-116.9473,1.0,2163,28,false,,,,SWTDashboard,2026-07-20T19:41:07.883,2026-09-26T15:01:52
Idaho,ID,Twin Falls,Twin Falls,city,1,0,1,1,42.5565,-114.4693,1.0,2163,28,false,,,,SWTDashboard,2026-07-20T19:41:07.883,2026-09-26T15:01:52
Illinois,IL,Arlington Heights,Arlington Heights,city,1,0,1,1,42.112,-87.9792,1.0,2163,36,false,,,,SWTDashboard,2026-07-20T19:41:07.883,2026-09-26T15:01:52
Illinois,IL,Evergreen Park,Evergreen Park,city,1,0,1,1,41.722,-87.7024,1.0,2163,36,false,,,,SWTDashboard,2026-07-20T19:41:07.883,2026-09-26T15:01:52
Illinois,IL,Granite City,Granite City,city,1,0,1,1,38.7261,-90.1106,1.0,2163,36,false,,,,SWTDashboard,2026-07-20T19:41:07.883,2026-09-26T15:01:52
Illinois,IL,Harwood Heights,Harwood Heights,city,1,0,1,1,41.9643,-87.8162,1.0,2163,36,false,,,,SWTDashboard,2026-07-20T19:41:07.883,2026-09-26T15:01:52
Illinois,IL,Highland Park,Highland Park,city,1,0,1,1,42.1794,-87.8059,1.0,2163,36,false,,,,SWTDashboard,2026-07-20T19:41:07.883,2026-09-26T15:01:52
Illinois,IL,La Grange,La Grange,city,1,0,1,1,41.7842,-87.8689,1.0,2163,36,false,,,,SWTDashboard,2026-07-20T19:41:07.883,2026-09-26T15:01:52
Illinois,IL,Lyons,Lyons,city,1,0,1,1,41.813,-87.8236,1.0,2163,36,false,,,,SWTDashboard,2026-07-20T19:41:07.883,2026-09-26T15:01:52
Illinois,IL,Manteno,Manteno,city,1,0,1,1,41.2514,-87.8468,1.0,2163,36,false,,,,SWTDashboard,2026-07-20T19:41:07.883,2026-09-26T15:01:52
Illinois,IL,Moline,Moline,city,1,0,1,1,41.4906,-90.498,1.0,2163,36,false,,,,SWTDashboard,2026-07-20T19:41:07.883,2026-09-26T15:01:52
Illinois,IL,Oak Lawn,Oak Lawn,city,1,0,1,1,41.7143,-87.7516,1.0,2163,36,false,,,,SWTDashboard,2026-07-20T19:41:07.883,2026-09-26T15:01:52
Illinois,IL,Park Ridge,Park Ridge,city,1,0,1,1,42.0122,-87.8417,1.0,2163,36,false,,,,SWTDashboard,2026-07-20T19:41:07.883,2026-09-26T15:01:52
Illinois,IL,Saint Charles,Saint Charles,city,1,0,1,1,41.9194,-88.307,1.0,2163,36,false,,,,SWTDashboard,2026-07-20T19:41:07.883,2026-09-26T15:01:52
Illinois,IL,Silvis,Silvis,city,1,0,1,1,41.5007,-90.4126,1.0,2163,36,false,,,,SWTDashboard,2026-07-20T19:41:07.883,2026-09-26T15:01:52
Illinois,IL,Skokie,Skokie,city,0,1,1,1,42.0345,-87.7541,0.0,2163,36,false,,,,SWTDashboard,2026-07-20T19:41:07.883,2026-09-26T15:01:52
Illinois,IL,Willowbrook,Willowbrook,city,1,0,1,1,41.7447,-87.9334,1.0,2163,36,false,,,,SWTDashboard,2026-07-20T19:41:07.883,2026-09-26T15:01:52
Indiana,IN,Frankton,Frankton,city,1,0,1,1,40.2285,-85.7791,1.0,2163,17,false,,,,SWTDashboard,2026-07-20T19:41:07.883,2026-09-26T15:01:52
Indiana,IN,Portage,Portage,city,0,1,1,1,41.5672,-87.1757,0.0,2163,17,false,,,,SWTDashboard,2026-07-20T19:41:07.883,2026-09-26T15:01:52
Indiana,IN,Saint Paul,Saint Paul,city,1,0,1,1,39.4277,-85.5994,1.0,2163,17,false,,,,SWTDashboard,2026-07-20T19:41:07.883,2026-09-26T15:01:52
Indiana,IN,Zionsville,Zionsville,city,1,0,1,1,39.9561,-86.2767,1.0,2163,17,false,,,,SWTDashboard,2026-07-20T19:41:07.883,2026-09-26T15:01:52
Kansas,KS,Junction City,Junction City,city,1,0,1,1,39.0299,-96.8396,1.0,2163,15,false,,,,SWTDashboard,2026-07-20T19:41:07.883,2026-09-26T15:01:52
Kansas,KS,Lenexa,Lenexa,city,1,0,1,1,38.9536,-94.7336,1.0,2163,15,false,,,,SWTDashboard,2026-07-20T19:41:07.883,2026-09-26T15:01:52
Kansas,KS,Matfield Green,Matfield Green,city,1,0,1,1,38.1448,-96.5541,1.0,2163,15,false,,,,SWTDashboard,2026-07-20T19:41:07.883,2026-09-26T15:01:52
Kentucky,KY,Covington,Covington,city,1,0,1,1,39.0708,-84.5212,1.0,2163,7,false,,,,SWTDashboard,2026-07-20T19:41:07.883,2026-09-26T15:01:52
Kentucky,KY,Florence,Florence,city,1,0,1,1,38.9941,-84.642,1.0,2163,7,false,,,,SWTDashboard,2026-07-20T19:41:07.883,2026-09-26T15:01:52
Kentucky,KY,Hopkinsville,Hopkinsville,city,1,0,1,1,36.8621,-87.4851,1.0,2163,7,false,,,,SWTDashboard,2026-07-20T19:41:07.883,2026-09-26T15:01:52
Kentucky,KY,Nancy,Nancy,city,1,0,1,1,37.0631,-84.7192,1.0,2163,7,false,,,,SWTDashboard,2026-07-20T19:41:07.883,2026-09-26T15:01:52
Kentucky,KY,Prospect,Prospect,city,1,0,1,1,38.356,-85.6083,1.0,2163,7,false,,,,SWTDashboard,2026-07-20T19:41:07.883,2026-09-26T15:01:52
Kentucky,KY,Shepherdsville,Shepherdsville,city,1,0,1,1,38.0045,-85.6888,1.0,2163,7,false,,,,SWTDashboard,2026-07-20T19:41:07.883,2026-09-26T15:01:52
Louisiana,LA,Metairie,Metairie,city,1,0,1,1,30.0005,-90.1331,1.0,2163,2,false,,,,SWTDashboard,2026-07-20T19:41:07.883,2026-09-26T15:01:52
Louisiana,LA,Pollock,Pollock,city,1,0,1,1,31.5,-92.4005,1.0,2163,2,false,,,,SWTDashboard,2026-07-20T19:41:07.883,2026-09-26T15:01:52
Massachusetts,MA,Abington,Abington,city,1,0,1,1,42.1167,-70.9543,1.0,2163,156,false,,,,SWTDashboard,2026-07-20T19:41:07.883,2026-09-26T15:01:52
Massachusetts,MA,Acton,Acton,city,1,0,1,1,42.4751,-71.4483,1.0,2163,156,false,,,,SWTDashboard,2026-07-20T19:41:07.883,2026-09-26T15:01:52
Massachusetts,MA,Auburndale,Auburndale,city,1,0,1,1,42.3441,-71.248,1.0,2163,156,false,,,,SWTDashboard,2026-07-20T19:41:07.883,2026-09-26T15:01:52
Massachusetts,MA,Boxford,Boxford,city,1,0,1,1,42.6797,-71.0114,1.0,2163,156,false,,,,SWTDashboard,2026-07-20T19:41:07.883,2026-09-26T15:01:52
Massachusetts,MA,Charlton,Charlton,city,1,0,1,1,42.1379,-71.9664,1.0,2163,156,false,,,,SWTDashboard,2026-07-20T19:41:07.883,2026-09-26T15:01:52
Massachusetts,MA,Cohasset,Cohasset,city,1,0,1,1,42.2395,-70.8128,1.0,2163,156,false,,,,SWTDashboard,2026-07-20T19:41:07.883,2026-09-26T15:01:52
Massachusetts,MA,East Orleans,East Orleans,city,1,0,1,1,41.7843,-69.962,1.0,2163,156,false,,,,SWTDashboard,2026-07-20T19:41:07.883,2026-09-26T15:01:52
Massachusetts,MA,East Walpole,East Walpole,city,1,0,1,1,42.1532,-71.2179,1.0,2163,156,false,,,,SWTDashboard,2026-07-20T19:41:07.883,2026-09-26T15:01:52
Massachusetts,MA,Forestdale,Forestdale,city,1,0,1,1,41.6827,-70.5143,1.0,2163,156,false,,,,SWTDashboard,2026-07-20T19:41:07.883,2026-09-26T15:01:52
Massachusetts,MA,Foxboro,Foxboro,city,1,0,1,1,42.0649,-71.2441,1.0,2163,156,false,,,,SWTDashboard,2026-07-20T19:41:07.883,2026-09-26T15:01:52
Massachusetts,MA,Franklin,Franklin,city,1,0,1,1,42.0935,-71.4058,1.0,2163,156,false,,,,SWTDashboard,2026-07-20T19:41:07.883,2026-09-26T15:01:52
Massachusetts,MA,Hull,Hull,city,1,0,1,1,42.2853,-70.8754,1.0,2163,156,false,,,,SWTDashboard,2026-07-20T19:41:07.883,2026-09-26T15:01:52
Massachusetts,MA,Hyde Park,Hyde Park,city,1,0,1,1,42.254,-71.1261,1.0,2163,156,false,,,,SWTDashboard,2026-07-20T19:41:07.883,2026-09-26T15:01:52
Massachusetts,MA,Lawrence,Lawrence,city,1,0,1,1,42.6911,-71.1605,1.0,2163,156,false,,,,SWTDashboard,2026-07-20T19:41:07.883,2026-09-26T15:01:52
Massachusetts,MA,Lowell,Lowell,city,1,0,1,1,42.6344,-71.2983,1.0,2163,156,false,,,,SWTDashboard,2026-07-20T19:41:07.883,2026-09-26T15:01:52
Massachusetts,MA,Lynnfield,Lynnfield,city,1,0,1,1,42.5327,-71.0339,1.0,2163,156,false,,,,SWTDashboard,2026-07-20T19:41:07.883,2026-09-26T15:01:52
Massachusetts,MA,Medway,Medway,city,1,0,1,1,42.1514,-71.4217,1.0,2163,156,false,,,,SWTDashboard,2026-07-20T19:41:07.883,2026-09-26T15:01:52
Massachusetts,MA,Millis,Millis,city,1,0,1,1,42.1669,-71.3607,1.0,2163,156,false,,,,SWTDashboard,2026-07-20T19:41:07.883,2026-09-26T15:01:52
Massachusetts,MA,Newton Highlands,Newton Highlands,city,1,0,1,1,42.3168,-71.2084,1.0,2163,156,false,,,,SWTDashboard,2026-07-20T19:41:07.883,2026-09-26T15:01:52
Massachusetts,MA,North Dartmouth,North Dartmouth,city,1,0,1,1,41.6338,-70.9958,1.0,2163,156,false,,,,SWTDashboard,2026-07-20T19:41:07.883,2026-09-26T15:01:52
Massachusetts,MA,North Reading,North Reading,city,1,0,1,1,42.5819,-71.0947,1.0,2163,156,false,,,,SWTDashboard,2026-07-20T19:41:07.883,2026-09-26T15:01:52
Massachusetts,MA,Northborough,Northborough,city,1,0,1,1,42.3182,-71.6464,1.0,2163,156,false,,,,SWTDashboard,2026-07-20T19:41:07.883,2026-09-26T15:01:52
Massachusetts,MA,Plainville,Plainville,city,1,0,1,1,42.0124,-71.3275,1.0,2163,156,false,,,,SWTDashboard,2026-07-20T19:41:07.883,2026-09-26T15:01:52
Massachusetts,MA,Raynham,Raynham,city,1,0,1,1,41.9324,-71.0469,1.0,2163,156,false,,,,SWTDashboard,2026-07-20T19:41:07.883,2026-09-26T15:01:52
Massachusetts,MA,Reading,Reading,city,1,0,1,1,42.528,-71.109,1.0,2163,156,false,,,,SWTDashboard,2026-07-20T19:41:07.883,2026-09-26T15:01:52
Massachusetts,MA,South Easton,South Easton,city,1,0,1,1,42.0257,-71.0988,1.0,2163,156,false,,,,SWTDashboard,2026-07-20T19:41:07.883,2026-09-26T15:01:52
Massachusetts,MA,South Walpole,South Walpole,city,1,0,1,1,42.0992,-71.2752,1.0,2163,156,false,,,,SWTDashboard,2026-07-20T19:41:07.883,2026-09-26T15:01:52
Massachusetts,MA,Wayland,Wayland,city,1,0,1,1,42.3486,-71.3588,1.0,2163,156,false,,,,SWTDashboard,2026-07-20T19:41:07.883,2026-09-26T15:01:52
Massachusetts,MA,West Roxbury,West Roxbury,city,1,0,1,1,42.2787,-71.1589,1.0,2163,156,false,,,,SWTDashboard,2026-07-20T19:41:07.883,2026-09-26T15:01:52
Maryland,MD,Arnold,Arnold,city,1,0,1,1,39.0476,-76.4941,1.0,2163,99,false,,,,SWTDashboard,2026-07-20T19:41:07.883,2026-09-26T15:01:52
Maryland,MD,Bladensburg,Bladensburg,city,1,0,1,1,38.9421,-76.9261,1.0,2163,99,false,,,,SWTDashboard,2026-07-20T19:41:07.883,2026-09-26T15:01:52
Maryland,MD,Forest Hill,Forest Hill,city,1,0,1,1,39.5755,-76.4008,1.0,2163,99,false,,,,SWTDashboard,2026-07-20T19:41:07.883,2026-09-26T15:01:52
Maryland,MD,Gibson Island,Gibson Island,city,1,0,1,1,39.0751,-76.4324,1.0,2163,99,false,,,,SWTDashboard,2026-07-20T19:41:07.883,2026-09-26T15:01:52
Maryland,MD,Great Mills,Great Mills,city,1,0,1,1,38.2674,-76.4954,1.0,2163,99,false,,,,SWTDashboard,2026-07-20T19:41:07.883,2026-09-26T15:01:52
Maryland,MD,Havre De Grace,Havre De Grace,city,1,0,1,1,39.5523,-76.1171,1.0,2163,99,false,,,,SWTDashboard,2026-07-20T19:41:07.883,2026-09-26T15:01:52
Maryland,MD,La Plata,La Plata,city,1,0,1,1,38.5257,-76.9865,1.0,2163,99,false,,,,SWTDashboard,2026-07-20T19:41:07.883,2026-09-26T15:01:52
Maryland,MD,New Market,New Market,city,1,0,1,1,39.4096,-77.2759,1.0,2163,99,false,,,,SWTDashboard,2026-07-20T19:41:07.883,2026-09-26T15:01:52
Maryland,MD,Randallstown,Randallstown,city,1,0,1,1,39.3746,-76.8002,1.0,2163,99,false,,,,SWTDashboard,2026-07-20T19:41:07.883,2026-09-26T15:01:52
Maryland,MD,Rosedale,Rosedale,city,1,0,1,1,39.3361,-76.5014,1.0,2163,99,false,,,,SWTDashboard,2026-07-20T19:41:07.883,2026-09-26T15:01:52
Maryland,MD,Saint Michaels,Saint Michaels,city,1,0,1,1,38.783,-76.2215,1.0,2163,99,false,,,,SWTDashboard,2026-07-20T19:41:07.883,2026-09-26T15:01:52
Maryland,MD,Severna Park,Severna Park,city,1,0,1,1,39.0811,-76.5577,1.0,2163,99,false,,,,SWTDashboard,2026-07-20T19:41:07.883,2026-09-26T15:01:52
Maine,ME,Blue Hill,Blue Hill,city,1,0,1,1,44.4343,-68.5885,1.0,2163,95,false,,,,SWTDashboard,2026-07-20T19:41:07.883,2026-09-26T15:01:52
Maine,ME,Bryant Pond,Bryant Pond,city,1,0,1,1,44.3957,-70.6435,1.0,2163,95,false,,,,SWTDashboard,2026-07-20T19:41:07.883,2026-09-26T15:01:52
Maine,ME,Georgetown,Georgetown,city,1,0,1,1,43.8054,-69.7453,1.0,2163,95,false,,,,SWTDashboard,2026-07-20T19:41:07.883,2026-09-26T15:01:52
Maine,ME,Islesboro,Islesboro,city,1,0,1,1,44.3082,-68.9073,1.0,2163,95,false,,,,SWTDashboard,2026-07-20T19:41:07.883,2026-09-26T15:01:52
Maine,ME,Standish,Standish,city,1,0,1,1,43.8142,-70.4807,1.0,2163,95,false,,,,SWTDashboard,2026-07-20T19:41:07.883,2026-09-26T15:01:52
Maine,ME,Woolwich,Woolwich,city,1,0,1,1,43.9503,-69.7891,1.0,2163,95,false,,,,SWTDashboard,2026-07-20T19:41:07.883,2026-09-26T15:01:52
Michigan,MI,Dearborn Heights,Dearborn Heights,city,1,0,1,1,42.3353,-83.2864,1.0,2163,96,false,,,,SWTDashboard,2026-07-20T19:41:07.883,2026-09-26T15:01:52
Michigan,MI,Hillsdale,Hillsdale,city,1,0,1,1,41.924,-84.6208,1.0,2163,96,false,,,,SWTDashboard,2026-07-20T19:41:07.883,2026-09-26T15:01:52
Michigan,MI,Mayville,Mayville,city,1,0,1,1,43.3562,-83.3725,1.0,2163,96,false,,,,SWTDashboard,2026-07-20T19:41:07.883,2026-09-26T15:01:52
Michigan,MI,Newaygo,Newaygo,city,1,0,1,1,43.4198,-85.7594,1.0,2163,96,false,,,,SWTDashboard,2026-07-20T19:41:07.883,2026-09-26T15:01:52
Michigan,MI,Port Austin,Port Austin,city,1,0,1,1,44.0223,-82.9984,1.0,2163,96,false,,,,SWTDashboard,2026-07-20T19:41:07.883,2026-09-26T15:01:52
Michigan,MI,Roscommon,Roscommon,city,1,0,1,1,44.4839,-84.6601,1.0,2163,96,false,,,,SWTDashboard,2026-07-20T19:41:07.883,2026-09-26T15:01:52
Minnesota,MN,Isanti,Isanti,city,1,0,1,1,45.4682,-93.2266,1.0,2163,66,false,,,,SWTDashboard,2026-07-20T19:41:07.883,2026-09-26T15:01:52
Minnesota,MN,Maple Grove,Maple Grove,city,1,0,1,1,45.0725,-93.4558,1.0,2163,66,false,,,,SWTDashboard,2026-07-20T19:41:07.883,2026-09-26T15:01:52
Minnesota,MN,Marshall,Marshall,city,1,0,1,1,44.4481,-95.7795,1.0,2163,66,false,,,,SWTDashboard,2026-07-20T19:41:07.883,2026-09-26T15:01:52
Minnesota,MN,Silver Bay,Silver Bay,city,1,0,1,1,47.3585,-91.2205,1.0,2163,66,false,,,,SWTDashboard,2026-07-20T19:41:07.883,2026-09-26T15:01:52
Minnesota,MN,Thief River Falls,Thief River Falls,city,1,0,1,1,48.1191,-96.1811,1.0,2163,66,false,,,,SWTDashboard,2026-07-20T19:41:07.883,2026-09-26T15:01:52
Minnesota,MN,Wayzata,Wayzata,city,1,0,1,1,44.9847,-93.5422,1.0,2163,66,false,,,,SWTDashboard,2026-07-20T19:41:07.883,2026-09-26T15:01:52
Missouri,MO,Festus,Festus,city,1,0,1,1,38.1879,-90.4286,1.0,2163,34,false,,,,SWTDashboard,2026-07-20T19:41:07.883,2026-09-26T15:01:52
Missouri,MO,Roach,Roach,city,1,0,1,1,38.1025,-92.9148,1.0,2163,34,false,,,,SWTDashboard,2026-07-20T19:41:07.883,2026-09-26T15:01:52
Missouri,MO,Steelville,Steelville,city,1,0,1,1,37.8904,-91.3032,1.0,2163,34,false,,,,SWTDashboard,2026-07-20T19:41:07.883,2026-09-26T15:01:52
Montana,MT,Anaconda,Anaconda,city,1,0,1,1,46.1299,-112.9739,1.0,2163,44,false,,,,SWTDashboard,2026-07-20T19:41:07.883,2026-09-26T15:01:52
Montana,MT,Havre,Havre,city,1,0,1,1,48.5561,-109.688,1.0,2163,44,false,,,,SWTDashboard,2026-07-20T19:41:07.883,2026-09-26T15:01:52
Montana,MT,Plains,Plains,city,1,0,1,1,47.4734,-114.893,1.0,2163,44,false,,,,SWTDashboard,2026-07-20T19:41:07.883,2026-09-26T15:01:52
Montana,MT,Rollins,Rollins,city,1,0,1,1,47.9182,-114.225,1.0,2163,44,false,,,,SWTDashboard,2026-07-20T19:41:07.883,2026-09-26T15:01:52
Montana,MT,Shelby,Shelby,city,1,0,1,1,48.5037,-111.8391,1.0,2163,44,false,,,,SWTDashboard,2026-07-20T19:41:07.883,2026-09-26T15:01:52
North Carolina,NC,Beaufort,Beaufort,city,1,0,1,1,34.758,-76.6228,1.0,2163,61,false,,,,SWTDashboard,2026-07-20T19:41:07.883,2026-09-26T15:01:52
North Carolina,NC,Dunn,Dunn,city,1,0,1,1,35.3165,-78.6151,1.0,2163,61,false,,,,SWTDashboard,2026-07-20T19:41:07.883,2026-09-26T15:01:52
North Carolina,NC,Greensboro,Greensboro,city,1,0,1,1,36.022,-79.7821,1.0,2163,61,false,,,,SWTDashboard,2026-07-20T19:41:07.883,2026-09-26T15:01:52
North Carolina,NC,Holly Springs,Holly Springs,city,1,0,1,1,35.6263,-78.8458,1.0,2163,61,false,,,,SWTDashboard,2026-07-20T19:41:07.883,2026-09-26T15:01:52
North Carolina,NC,Old Fort,Old Fort,city,1,0,1,1,35.6169,-82.1686,1.0,2163,61,false,,,,SWTDashboard,2026-07-20T19:41:07.883,2026-09-26T15:01:52
North Carolina,NC,Point Harbor,Point Harbor,city,1,0,1,1,36.0781,-75.7983,1.0,2163,61,false,,,,SWTDashboard,2026-07-20T19:41:07.883,2026-09-26T15:01:52
North Dakota,ND,Epping,Epping,city,1,0,1,1,48.2764,-103.3763,1.0,2163,14,false,,,,SWTDashboard,2026-07-20T19:41:07.883,2026-09-26T15:01:52
North Dakota,ND,Rugby,Rugby,city,1,0,1,1,48.2545,-99.9899,1.0,2163,14,false,,,,SWTDashboard,2026-07-20T19:41:07.883,2026-09-26T15:01:52
Nebraska,NE,Fairbury,Fairbury,city,1,0,1,1,40.1488,-97.1839,1.0,2163,13,false,,,,SWTDashboard,2026-07-20T19:41:07.883,2026-09-26T15:01:52
Nebraska,NE,Scottsbluff,Scottsbluff,city,1,0,1,1,41.872,-103.6619,1.0,2163,13,false,,,,SWTDashboard,2026-07-20T19:41:07.883,2026-09-26T15:01:52
New Hampshire,NH,Ashland,Ashland,city,1,0,1,1,43.7034,-71.6121,1.0,2163,74,false,,,,SWTDashboard,2026-07-20T19:41:07.883,2026-09-26T15:01:52
New Hampshire,NH,Epping,Epping,city,1,0,1,1,43.0411,-71.0764,1.0,2163,74,false,,,,SWTDashboard,2026-07-20T19:41:07.883,2026-09-26T15:01:52
New Hampshire,NH,Nashua,Nashua,city,1,0,1,1,42.7717,-71.5132,1.0,2163,74,false,,,,SWTDashboard,2026-07-20T19:41:07.883,2026-09-26T15:01:52
New Hampshire,NH,Rumney,Rumney,city,1,0,1,1,43.8044,-71.848,1.0,2163,74,false,,,,SWTDashboard,2026-07-20T19:41:07.883,2026-09-26T15:01:52
New Hampshire,NH,Whitefield,Whitefield,city,0,1,1,1,44.3681,-71.6035,0.0,2163,74,false,,,,SWTDashboard,2026-07-20T19:41:07.883,2026-09-26T15:01:52
New Jersey,NJ,Brick,Brick,city,1,0,1,1,40.0874,-74.1152,1.0,2163,98,false,,,,SWTDashboard,2026-07-20T19:41:07.883,2026-09-26T15:01:52
New Jersey,NJ,Brigantine,Brigantine,city,1,0,1,1,39.4101,-74.3646,1.0,2163,98,false,,,,SWTDashboard,2026-07-20T19:41:07.883,2026-09-26T15:01:52
New Jersey,NJ,Clinton,Clinton,city,1,0,1,1,40.6412,-74.9088,1.0,2163,98,false,,,,SWTDashboard,2026-07-20T19:41:07.883,2026-09-26T15:01:52
New Jersey,NJ,East Brunswick,East Brunswick,city,1,0,1,1,40.4284,-74.4064,1.0,2163,98,false,,,,SWTDashboard,2026-07-20T19:41:07.883,2026-09-26T15:01:52
New Jersey,NJ,East Hanover,East Hanover,city,0,1,1,1,40.8192,-74.3636,0.0,2163,98,false,,,,SWTDashboard,2026-07-20T19:41:07.883,2026-09-26T15:01:52
New Jersey,NJ,Flanders,Flanders,city,1,0,1,1,40.8453,-74.7019,1.0,2163,98,false,,,,SWTDashboard,2026-07-20T19:41:07.883,2026-09-26T15:01:52
New Jersey,NJ,Garfield,Garfield,city,1,0,1,1,40.8789,-74.1081,1.0,2163,98,false,,,,SWTDashboard,2026-07-20T19:41:07.883,2026-09-26T15:01:52
New Jersey,NJ,Lebanon,Lebanon,city,1,0,1,1,40.6466,-74.829,1.0,2163,98,false,,,,SWTDashboard,2026-07-20T19:41:07.883,2026-09-26T15:01:52
New Jersey,NJ,Ledgewood,Ledgewood,city,1,0,1,1,40.878,-74.6554,1.0,2163,98,false,,,,SWTDashboard,2026-07-20T19:41:07.883,2026-09-26T15:01:52
New Jersey,NJ,Metuchen,Metuchen,city,1,0,1,1,40.5449,-74.3517,1.0,2163,98,false,,,,SWTDashboard,2026-07-20T19:41:07.883,2026-09-26T15:01:52
New Jersey,NJ,Monmouth Junction,Monmouth Junction,city,1,0,1,1,40.3869,-74.5558,1.0,2163,98,false,,,,SWTDashboard,2026-07-20T19:41:07.883,2026-09-26T15:01:52
New Jersey,NJ,New Brunswick,New Brunswick,city,1,0,1,1,40.4891,-74.4482,1.0,2163,98,false,,,,SWTDashboard,2026-07-20T19:41:07.883,2026-09-26T15:01:52
New Jersey,NJ,Parsippany,Parsippany,city,1,0,1,1,40.8621,-74.4117,1.0,2163,98,false,,,,SWTDashboard,2026-07-20T19:41:07.883,2026-09-26T15:01:52
New Jersey,NJ,Penns Grove,Penns Grove,city,1,0,1,1,39.6994,-75.4495,1.0,2163,98,false,,,,SWTDashboard,2026-07-20T19:41:07.883,2026-09-26T15:01:52
New Jersey,NJ,Pennsville,Pennsville,city,1,0,1,1,39.6491,-75.5155,1.0,2163,98,false,,,,SWTDashboard,2026-07-20T19:41:07.883,2026-09-26T15:01:52
New Jersey,NJ,Somers Point,Somers Point,city,1,0,1,1,39.3223,-74.6008,1.0,2163,98,false,,,,SWTDashboard,2026-07-20T19:41:07.883,2026-09-26T15:01:52
New Jersey,NJ,South Plainfield,South Plainfield,city,1,0,1,1,40.5839,-74.4147,1.0,2163,98,false,,,,SWTDashboard,2026-07-20T19:41:07.883,2026-09-26T15:01:52
New Jersey,NJ,Thorofare,Thorofare,city,1,0,1,1,39.8457,-75.1943,1.0,2163,98,false,,,,SWTDashboard,2026-07-20T19:41:07.883,2026-09-26T15:01:52
New Jersey,NJ,Township Of Washington,Township Of Washington,other,1,0,1,1,40.9883,-74.0635,1.0,2163,98,false,,,,SWTDashboard,2026-07-20T19:41:07.883,2026-09-26T15:01:52
New Jersey,NJ,Union,Union,city,1,0,1,1,40.6952,-74.2677,1.0,2163,98,false,,,,SWTDashboard,2026-07-20T19:41:07.883,2026-09-26T15:01:52
New Jersey,NJ,Whitehouse Station,Whitehouse Station,city,1,0,1,1,40.6156,-74.7724,1.0,2163,98,false,,,,SWTDashboard,2026-07-20T19:41:07.883,2026-09-26T15:01:52
New York,NY,Albany,Albany,city,1,0,1,1,42.656,-73.7964,1.0,2163,194,false,,,,SWTDashboard,2026-07-20T19:41:07.883,2026-09-26T15:01:52
New York,NY,Aquebogue,Aquebogue,city,1,0,1,1,40.9445,-72.627,1.0,2163,194,false,,,,SWTDashboard,2026-07-20T19:41:07.883,2026-09-26T15:01:52
New York,NY,Ardsley On Hudson,Ardsley On Hudson,city,1,0,1,1,41.0259,-73.8718,1.0,2163,194,false,,,,SWTDashboard,2026-07-20T19:41:07.883,2026-09-26T15:01:52
New York,NY,Barker,Barker,city,1,0,1,1,43.3368,-78.542,1.0,2163,194,false,,,,SWTDashboard,2026-07-20T19:41:07.883,2026-09-26T15:01:52
New York,NY,Blauvelt,Blauvelt,city,1,0,1,1,41.0626,-73.9629,1.0,2163,194,false,,,,SWTDashboard,2026-07-20T19:41:07.883,2026-09-26T15:01:52
New York,NY,Blue Point,Blue Point,city,1,0,1,1,40.7501,-73.0352,1.0,2163,194,false,,,,SWTDashboard,2026-07-20T19:41:07.883,2026-09-26T15:01:52
New York,NY,Bronx,Bronx,city,1,0,1,1,40.9,-73.8622,1.0,2163,194,false,,,,SWTDashboard,2026-07-20T19:41:07.883,2026-09-26T15:01:52
New York,NY,Central Valley,Central Valley,city,1,0,1,1,41.3268,-74.122,1.0,2163,194,false,,,,SWTDashboard,2026-07-20T19:41:07.883,2026-09-26T15:01:52
New York,NY,Clayton,Clayton,city,0,1,1,1,44.1442,-76.062,0.0,2163,194,false,,,,SWTDashboard,2026-07-20T19:41:07.883,2026-09-26T15:01:52
New York,NY,Coram,Coram,city,1,0,1,1,40.885,-73.0069,1.0,2163,194,false,,,,SWTDashboard,2026-07-20T19:41:07.883,2026-09-26T15:01:52
New York,NY,Cortland,Cortland,city,1,0,1,1,42.5952,-76.1857,1.0,2163,194,false,,,,SWTDashboard,2026-07-20T19:41:07.883,2026-09-26T15:01:52
New York,NY,East Moriches,East Moriches,city,1,0,1,1,40.809,-72.7538,1.0,2163,194,false,,,,SWTDashboard,2026-07-20T19:41:07.883,2026-09-26T15:01:52
New York,NY,Fresh Meadows,Fresh Meadows,city,1,0,1,1,40.7374,-73.7951,1.0,2163,194,false,,,,SWTDashboard,2026-07-20T19:41:07.883,2026-09-26T15:01:52
New York,NY,Gainesville,Gainesville,city,1,0,1,1,42.619,-78.1795,1.0,2163,194,false,,,,SWTDashboard,2026-07-20T19:41:07.883,2026-09-26T15:01:52
New York,NY,Garden City,Garden City,city,1,0,1,1,40.7245,-73.6487,1.0,2163,194,false,,,,SWTDashboard,2026-07-20T19:41:07.883,2026-09-26T15:01:52
New York,NY,Greenwood Lake,Greenwood Lake,city,1,0,1,1,41.2101,-74.3033,1.0,2163,194,false,,,,SWTDashboard,2026-07-20T19:41:07.883,2026-09-26T15:01:52
New York,NY,Hempstead,Hempstead,city,1,0,1,1,40.7049,-73.6176,1.0,2163,194,false,,,,SWTDashboard,2026-07-20T19:41:07.883,2026-09-26T15:01:52
New York,NY,Henderson,Henderson,city,1,0,1,1,43.8467,-76.2352,1.0,2163,194,false,,,,SWTDashboard,2026-07-20T19:41:07.883,2026-09-26T15:01:52
New York,NY,Holbrook,Holbrook,city,1,0,1,1,40.7964,-73.0718,1.0,2163,194,false,,,,SWTDashboard,2026-07-20T19:41:07.883,2026-09-26T15:01:52
New York,NY,Holtsville,Holtsville,city,1,0,1,1,40.8105,-73.0416,1.0,2163,194,false,,,,SWTDashboard,2026-07-20T19:41:07.883,2026-09-26T15:01:52
New York,NY,Huguenot,Huguenot,city,1,0,1,1,41.4179,-74.631,1.0,2163,194,false,,,,SWTDashboard,2026-07-20T19:41:07.883,2026-09-26T15:01:52
New York,NY,Huntington Station,Huntington Station,city,1,0,1,1,40.8143,-73.3634,1.0,2163,194,false,,,,SWTDashboard,2026-07-20T19:41:07.883,2026-09-26T15:01:52
New York,NY,Indian Lake,Indian Lake,city,1,0,1,1,43.7606,-74.2766,1.0,2163,194,false,,,,SWTDashboard,2026-07-20T19:41:07.883,2026-09-26T15:01:52
New York,NY,Islip,Islip,city,1,0,1,1,40.7348,-73.2221,1.0,2163,194,false,,,,SWTDashboard,2026-07-20T19:41:07.883,2026-09-26T15:01:52
New York,NY,Ithaca,Ithaca,city,1,0,1,1,42.4406,-76.4966,1.0,2163,194,false,,,,SWTDashboard,2026-07-20T19:41:07.883,2026-09-26T15:01:52
New York,NY,Johnsburg,Johnsburg,city,1,0,1,1,43.586,-73.9165,1.0,2163,194,false,,,,SWTDashboard,2026-07-20T19:41:07.883,2026-09-26T15:01:52
New York,NY,Keene,Keene,city,1,0,1,1,44.2555,-73.7915,1.0,2163,194,false,,,,SWTDashboard,2026-07-20T19:41:07.883,2026-09-26T15:01:52
New York,NY,Kings Park,Kings Park,city,1,0,1,1,40.8861,-73.2438,1.0,2163,194,false,,,,SWTDashboard,2026-07-20T19:41:07.883,2026-09-26T15:01:52
New York,NY,Lake Grove,Lake Grove,city,1,0,1,1,40.8567,-73.1168,1.0,2163,194,false,,,,SWTDashboard,2026-07-20T19:41:07.883,2026-09-26T15:01:52
New York,NY,Mount Sinai,Mount Sinai,city,1,0,1,1,40.9271,-73.0127,1.0,2163,194,false,,,,SWTDashboard,2026-07-20T19:41:07.883,2026-09-26T15:01:52
New York,NY,Nesconset,Nesconset,city,1,0,1,1,40.8462,-73.1482,1.0,2163,194,false,,,,SWTDashboard,2026-07-20T19:41:07.883,2026-09-26T15:01:52
New York,NY,New Hyde Park,New Hyde Park,city,1,0,1,1,40.7294,-73.6828,1.0,2163,194,false,,,,SWTDashboard,2026-07-20T19:41:07.883,2026-09-26T15:01:52
New York,NY,Patchogue,Patchogue,city,1,0,1,1,40.7609,-72.9871,1.0,2163,194,false,,,,SWTDashboard,2026-07-20T19:41:07.883,2026-09-26T15:01:52
New York,NY,Port Jefferson,Port Jefferson,city,1,0,1,1,40.9457,-73.0611,1.0,2163,194,false,,,,SWTDashboard,2026-07-20T19:41:07.883,2026-09-26T15:01:52
New York,NY,Remsenburg,Remsenburg,city,1,0,1,1,40.8086,-72.7064,1.0,2163,194,false,,,,SWTDashboard,2026-07-20T19:41:07.883,2026-09-26T15:01:52
New York,NY,Saint James,Saint James,city,1,0,1,1,40.8813,-73.1591,1.0,2163,194,false,,,,SWTDashboard,2026-07-20T19:41:07.883,2026-09-26T15:01:52
New York,NY,Scarsdale,Scarsdale,city,1,0,1,1,40.9927,-73.7995,1.0,2163,194,false,,,,SWTDashboard,2026-07-20T19:41:07.883,2026-09-26T15:01:52
New York,NY,Southfields,Southfields,city,1,0,1,1,41.248,-74.1762,1.0,2163,194,false,,,,SWTDashboard,2026-07-20T19:41:07.883,2026-09-26T15:01:52
New York,NY,Syracuse,Syracuse,city,1,0,1,1,43.041,-76.1489,1.0,2163,194,false,,,,SWTDashboard,2026-07-20T19:41:07.883,2026-09-26T15:01:52
New York,NY,West Monroe,West Monroe,city,1,0,1,1,43.2882,-76.0797,1.0,2163,194,false,,,,SWTDashboard,2026-07-20T19:41:07.883,2026-09-26T15:01:52
New York,NY,Woodbury,Woodbury,city,1,0,1,1,40.8154,-73.4716,1.0,2163,194,false,,,,SWTDashboard,2026-07-20T19:41:07.883,2026-09-26T15:01:52
Ohio,OH,Greenville,Greenville,city,1,0,1,1,40.0987,-84.6342,1.0,2163,52,false,,,,SWTDashboard,2026-07-20T19:41:07.883,2026-09-26T15:01:52
Ohio,OH,Heath,Heath,city,1,0,1,1,40.0197,-82.3875,1.0,2163,52,false,,,,SWTDashboard,2026-07-20T19:41:07.883,2026-09-26T15:01:52
Ohio,OH,Madison,Madison,city,1,0,1,1,41.8054,-81.0588,1.0,2163,52,false,,,,SWTDashboard,2026-07-20T19:41:07.883,2026-09-26T15:01:52
Ohio,OH,Millersburg,Millersburg,city,1,0,1,1,40.5567,-81.8324,1.0,2163,52,false,,,,SWTDashboard,2026-07-20T19:41:07.883,2026-09-26T15:01:52
Oklahoma,OK,Bixby,Bixby,city,1,0,1,1,35.942,-95.8833,1.0,2163,5,false,,,,SWTDashboard,2026-07-20T19:41:07.883,2026-09-26T15:01:52
Oklahoma,OK,Skiatook,Skiatook,city,1,0,1,1,36.3725,-96.0123,1.0,2163,5,false,,,,SWTDashboard,2026-07-20T19:41:07.883,2026-09-26T15:01:52
Oregon,OR,La Grande,La Grande,city,1,0,1,1,45.3304,-118.0852,1.0,2163,40,false,,,,SWTDashboard,2026-07-20T19:41:07.883,2026-09-26T15:01:52
Oregon,OR,Warm Springs,Warm Springs,city,1,0,1,1,44.7468,-121.2909,1.0,2163,40,false,,,,SWTDashboard,2026-07-20T19:41:07.883,2026-09-26T15:01:52
Pennsylvania,PA,Berwyn,Berwyn,city,1,0,1,1,40.0412,-75.4475,1.0,2163,98,false,,,,SWTDashboard,2026-07-20T19:41:07.883,2026-09-26T15:01:52
Pennsylvania,PA,Bethlehem,Bethlehem,city,1,0,1,1,40.6278,-75.3928,1.0,2163,98,false,,,,SWTDashboard,2026-07-20T19:41:07.883,2026-09-26T15:01:52
Pennsylvania,PA,Chadds Ford,Chadds Ford,city,1,0,1,1,39.8648,-75.5885,1.0,2163,98,false,,,,SWTDashboard,2026-07-20T19:41:07.883,2026-09-26T15:01:52
Pennsylvania,PA,Coatesville,Coatesville,city,1,0,1,1,39.9843,-75.8253,1.0,2163,98,false,,,,SWTDashboard,2026-07-20T19:41:07.883,2026-09-26T15:01:52
Pennsylvania,PA,Coraopolis,Coraopolis,city,1,0,1,1,40.5,-80.1996,1.0,2163,98,false,,,,SWTDashboard,2026-07-20T19:41:07.883,2026-09-26T15:01:52
Pennsylvania,PA,Cornwall,Cornwall,city,1,0,1,1,40.2755,-76.4053,1.0,2163,98,false,,,,SWTDashboard,2026-07-20T19:41:07.883,2026-09-26T15:01:52
Pennsylvania,PA,Douglassville,Douglassville,city,1,0,1,1,40.2709,-75.7397,1.0,2163,98,false,,,,SWTDashboard,2026-07-20T19:41:07.883,2026-09-26T15:01:52
Pennsylvania,PA,Doylestown,Doylestown,city,1,0,1,1,40.3054,-75.1489,1.0,2163,98,false,,,,SWTDashboard,2026-07-20T19:41:07.883,2026-09-26T15:01:52
Pennsylvania,PA,Dresher,Dresher,city,1,0,1,1,40.1431,-75.1624,1.0,2163,98,false,,,,SWTDashboard,2026-07-20T19:41:07.883,2026-09-26T15:01:52
Pennsylvania,PA,Etters,Etters,city,1,0,1,1,40.1545,-76.8019,1.0,2163,98,false,,,,SWTDashboard,2026-07-20T19:41:07.883,2026-09-26T15:01:52
Pennsylvania,PA,Exton,Exton,city,1,0,1,1,40.0468,-75.6432,1.0,2163,98,false,,,,SWTDashboard,2026-07-20T19:41:07.883,2026-09-26T15:01:52
Pennsylvania,PA,Halifax,Halifax,city,1,0,1,1,40.476,-76.894,1.0,2163,98,false,,,,SWTDashboard,2026-07-20T19:41:07.883,2026-09-26T15:01:52
Pennsylvania,PA,Jenkintown,Jenkintown,city,1,0,1,1,40.098,-75.1078,1.0,2163,98,false,,,,SWTDashboard,2026-07-20T19:41:07.883,2026-09-26T15:01:52
Pennsylvania,PA,Kennett Square,Kennett Square,city,1,0,1,1,39.855,-75.7,1.0,2163,98,false,,,,SWTDashboard,2026-07-20T19:41:07.883,2026-09-26T15:01:52
Pennsylvania,PA,Mount Pocono,Mount Pocono,city,1,0,1,1,41.1216,-75.3529,1.0,2163,98,false,,,,SWTDashboard,2026-07-20T19:41:07.883,2026-09-26T15:01:52
Pennsylvania,PA,Newtown Square,Newtown Square,city,1,0,1,1,39.9863,-75.407,1.0,2163,98,false,,,,SWTDashboard,2026-07-20T19:41:07.883,2026-09-26T15:01:52
Pennsylvania,PA,Paoli,Paoli,city,1,0,1,1,40.0426,-75.4827,1.0,2163,98,false,,,,SWTDashboard,2026-07-20T19:41:07.883,2026-09-26T15:01:52
Pennsylvania,PA,Tafton,Tafton,city,1,0,1,1,41.4045,-75.183,1.0,2163,98,false,,,,SWTDashboard,2026-07-20T19:41:07.883,2026-09-26T15:01:52
Pennsylvania,PA,Trout Run,Trout Run,city,1,0,1,1,41.4125,-77.0098,1.0,2163,98,false,,,,SWTDashboard,2026-07-20T19:41:07.883,2026-09-26T15:01:52
Pennsylvania,PA,Whitehall,Whitehall,city,1,0,1,1,40.6567,-75.5041,1.0,2163,98,false,,,,SWTDashboard,2026-07-20T19:41:07.883,2026-09-26T15:01:52
Rhode Island,RI,North Smithfield,North Smithfield,city,1,0,1,1,41.9724,-71.5508,1.0,2163,14,false,,,,SWTDashboard,2026-07-20T19:41:07.883,2026-09-26T15:01:52
South Carolina,SC,North Charleston,North Charleston,city,1,0,1,1,32.8929,-80.0458,1.0,2163,18,false,,,,SWTDashboard,2026-07-20T19:41:07.883,2026-09-26T15:01:52
South Carolina,SC,Pawleys Island,Pawleys Island,city,1,0,1,1,33.4508,-79.1341,1.0,2163,18,false,,,,SWTDashboard,2026-07-20T19:41:07.883,2026-09-26T15:01:52
Tennessee,TN,Hartford,Hartford,city,1,0,1,1,35.8256,-83.0996,1.0,2163,15,false,,,,SWTDashboard,2026-07-20T19:41:07.883,2026-09-26T15:01:52
Tennessee,TN,Knoxville,Knoxville,city,1,0,1,1,35.9244,-84.0015,1.0,2163,15,false,,,,SWTDashboard,2026-07-20T19:41:07.883,2026-09-26T15:01:52
Texas,TX,Athens,Athens,city,1,0,1,1,32.1935,-95.8432,1.0,2163,81,false,,,,SWTDashboard,2026-07-20T19:41:07.883,2026-09-26T15:01:52
Texas,TX,Beaumont,Beaumont,city,1,0,1,1,30.085,-94.2607,1.0,2163,81,false,,,,SWTDashboard,2026-07-20T19:41:07.883,2026-09-26T15:01:52
Texas,TX,Beeville,Beeville,city,1,0,1,1,28.4222,-97.7616,1.0,2163,81,false,,,,SWTDashboard,2026-07-20T19:41:07.883,2026-09-26T15:01:52
Texas,TX,Burnet,Burnet,city,1,0,1,1,30.7766,-98.2642,1.0,2163,81,false,,,,SWTDashboard,2026-07-20T19:41:07.883,2026-09-26T15:01:52
Texas,TX,Burton,Burton,city,1,0,1,1,30.1767,-96.5925,1.0,2163,81,false,,,,SWTDashboard,2026-07-20T19:41:07.883,2026-09-26T15:01:52
Texas,TX,Chandler,Chandler,city,1,0,1,1,32.2572,-95.5393,1.0,2163,81,false,,,,SWTDashboard,2026-07-20T19:41:07.883,2026-09-26T15:01:52
Texas,TX,Frisco,Frisco,city,1,0,1,1,33.1499,-96.8241,1.0,2163,81,false,,,,SWTDashboard,2026-07-20T19:41:07.883,2026-09-26T15:01:52
Texas,TX,Goliad,Goliad,city,1,0,1,1,28.6993,-97.3783,1.0,2163,81,false,,,,SWTDashboard,2026-07-20T19:41:07.883,2026-09-26T15:01:52
Texas,TX,Lancaster,Lancaster,city,1,0,1,1,32.6161,-96.783,1.0,2163,81,false,,,,SWTDashboard,2026-07-20T19:41:07.883,2026-09-26T15:01:52
Texas,TX,Liberty Hill,Liberty Hill,city,1,0,1,1,30.663,-97.9316,1.0,2163,81,false,,,,SWTDashboard,2026-07-20T19:41:07.883,2026-09-26T15:01:52
Texas,TX,Nemo,Nemo,city,1,0,1,1,32.2713,-97.6567,1.0,2163,81,false,,,,SWTDashboard,2026-07-20T19:41:07.883,2026-09-26T15:01:52
Utah,UT,La Sal,La Sal,city,1,0,1,1,38.3122,-109.2482,1.0,2163,31,false,,,,SWTDashboard,2026-07-20T19:41:07.883,2026-09-26T15:01:52
Utah,UT,Layton,Layton,city,1,0,1,1,41.0879,-111.9704,1.0,2163,31,false,,,,SWTDashboard,2026-07-20T19:41:07.883,2026-09-26T15:01:52
Utah,UT,Midway,Midway,city,1,0,1,1,40.5093,-111.4776,1.0,2163,31,false,,,,SWTDashboard,2026-07-20T19:41:07.883,2026-09-26T15:01:52
Utah,UT,Springdale,Springdale,city,0,1,1,1,37.1862,-113.0139,0.0,2163,31,false,,,,SWTDashboard,2026-07-20T19:41:07.883,2026-09-26T15:01:52
Utah,UT,Tooele,Tooele,city,1,0,1,1,40.5454,-112.3002,1.0,2163,31,false,,,,SWTDashboard,2026-07-20T19:41:07.883,2026-09-26T15:01:52
Virginia,VA,Earlysville,Earlysville,city,1,0,1,1,38.1578,-78.4919,1.0,2163,76,false,,,,SWTDashboard,2026-07-20T19:41:07.883,2026-09-26T15:01:52
Virginia,VA,Edinburg,Edinburg,city,1,0,1,1,38.8432,-78.6003,1.0,2163,76,false,,,,SWTDashboard,2026-07-20T19:41:07.883,2026-09-26T15:01:52
Virginia,VA,Fort Myer,Fort Myer,city,1,0,1,1,38.8921,-77.0794,1.0,2163,76,false,,,,SWTDashboard,2026-07-20T19:41:07.883,2026-09-26T15:01:52
Virginia,VA,Midlothian,Midlothian,city,1,0,1,1,37.5109,-77.6429,1.0,2163,76,false,,,,SWTDashboard,2026-07-20T19:41:07.883,2026-09-26T15:01:52
Virginia,VA,Occoquan,Occoquan,city,1,0,1,1,38.6816,-77.2605,1.0,2163,76,false,,,,SWTDashboard,2026-07-20T19:41:07.883,2026-09-26T15:01:52
Virginia,VA,Poquoson,Poquoson,city,1,0,1,1,37.1313,-76.3807,1.0,2163,76,false,,,,SWTDashboard,2026-07-20T19:41:07.883,2026-09-26T15:01:52
Virginia,VA,Triangle,Triangle,city,1,0,1,1,38.5509,-77.3229,1.0,2163,76,false,,,,SWTDashboard,2026-07-20T19:41:07.883,2026-09-26T15:01:52
Virginia,VA,Winchester,Winchester,city,1,0,1,1,39.264,-78.1989,1.0,2163,76,false,,,,SWTDashboard,2026-07-20T19:41:07.883,2026-09-26T15:01:52
Vermont,VT,Ripton,Ripton,city,1,0,1,1,43.9929,-73.0187,1.0,2163,45,false,,,,SWTDashboard,2026-07-20T19:41:07.883,2026-09-26T15:01:52
Washington,WA,Granite Falls,Granite Falls,city,1,0,1,1,48.079,-121.9428,1.0,2163,49,false,,,,SWTDashboard,2026-07-20T19:41:07.883,2026-09-26T15:01:52
Washington,WA,Packwood,Packwood,city,1,0,1,1,46.65,-121.6553,1.0,2163,49,false,,,,SWTDashboard,2026-07-20T19:41:07.883,2026-09-26T15:01:52
Washington,WA,Snoqualmie,Snoqualmie,city,1,0,1,1,47.5293,-121.8225,1.0,2163,49,false,,,,SWTDashboard,2026-07-20T19:41:07.883,2026-09-26T15:01:52
Washington,WA,Snoqualmie Pass,Snoqualmie Pass,city,1,0,1,1,47.4452,-121.431,1.0,2163,49,false,,,,SWTDashboard,2026-07-20T19:41:07.883,2026-09-26T15:01:52
Washington,WA,Tacoma,Tacoma,city,1,0,1,1,47.2545,-122.4405,1.0,2163,49,false,,,,SWTDashboard,2026-07-20T19:41:07.883,2026-09-26T15:01:52
Washington,WA,Vaughn,Vaughn,city,1,0,1,1,47.3309,-122.7736,1.0,2163,49,false,,,,SWTDashboard,2026-07-20T19:41:07.883,2026-09-26T15:01:52
Washington,WA,Walla Walla,Walla Walla,city,1,0,1,1,46.0614,-118.3315,1.0,2163,49,false,,,,SWTDashboard,2026-07-20T19:41:07.883,2026-09-26T15:01:52
Wisconsin,WI,Burlington,Burlington,city,1,0,1,1,42.666,-88.2749,1.0,2163,82,false,,,,SWTDashboard,2026-07-20T19:41:07.883,2026-09-26T15:01:52
Wisconsin,WI,Dodgeville,Dodgeville,city,1,0,1,1,42.9698,-90.1404,1.0,2163,82,false,,,,SWTDashboard,2026-07-20T19:41:07.883,2026-09-26T15:01:52
Wisconsin,WI,Green Bay,Green Bay,city,1,0,1,1,44.4975,-88.0324,1.0,2163,82,false,,,,SWTDashboard,2026-07-20T19:41:07.883,2026-09-26T15:01:52
Wisconsin,WI,Kohler,Kohler,city,1,0,1,1,43.7381,-87.7867,1.0,2163,82,false,,,,SWTDashboard,2026-07-20T19:41:07.883,2026-09-26T15:01:52
Wisconsin,WI,Marion,Marion,city,1,0,1,1,44.6794,-88.8767,1.0,2163,82,false,,,,SWTDashboard,2026-07-20T19:41:07.883,2026-09-26T15:01:52
Wisconsin,WI,Oak Creek,Oak Creek,city,1,0,1,1,42.8892,-87.9027,1.0,2163,82,false,,,,SWTDashboard,2026-07-20T19:41:07.883,2026-09-26T15:01:52
West Virginia,WV,Slatyfork,Slatyfork,city,1,0,1,1,38.388,-79.9906,1.0,2163,14,false,,,,SWTDashboard,2026-07-20T19:41:07.883,2026-09-26T15:01:52
Wyoming,WY,Afton,Afton,city,1,0,1,1,42.7128,-110.942,1.0,2163,26,false,,,,SWTDashboard,2026-07-20T19:41:07.883,2026-09-26T15:01:52
Wyoming,WY,Cora,Cora,city,1,0,1,1,43.1399,-109.9154,1.0,2163,26,false,,,,SWTDashboard,2026-07-20T19:41:07.883,2026-09-26T15:01:52
Wyoming,WY,Guernsey,Guernsey,city,1,0,1,1,42.2655,-104.7512,1.0,2163,26,false,,,,SWTDashboard,2026-07-20T19:41:07.883,2026-09-26T15:01:52
Wyoming,WY,Little America,Little America,city,1,0,1,1,41.5436,-109.859,1.0,2163,26,false,,,,SWTDashboard,2026-07-20T19:41:07.883,2026-09-26T15:01:52
Wyoming,WY,Saddlestring,Saddlestring,city,1,0,1,1,44.4976,-106.871,1.0,2163,26,false,,,,SWTDashboard,2026-07-20T19:41:07.883,2026-09-26T15:01:52
Wyoming,WY,Saratoga,Saratoga,city,1,0,1,1,41.498,-106.754,1.0,2163,26,false,,,,SWTDashboard,2026-07-20T19:41:07.883,2026-09-26T15:01:52
